service,flag,src_bytes,dst_bytes,wrong_fragment,logged_in,count,serror_rate,srv_serror_rate,same_srv_rate,diff_srv_rate,srv_diff_host_rate,dst_host_count,dst_host_srv_count,dst_host_same_srv_rate,dst_host_diff_srv_rate,dst_host_srv_diff_host_rate,dst_host_serror_rate,dst_host_srv_serror_rate,dst_host_srv_rerror_rate,classe,posicaoOriginal
19.0,9.0,884.0,0.0,0.0,1.0,1.0,0.0,0.0,1.0,0.0,0.0,189.0,106.0,0.34,0.05,0.02,0.01,0.01,0.0,0.0,104151.0
14.0,9.0,1032.0,0.0,0.0,0.0,76.0,0.0,0.0,1.0,0.0,0.0,255.0,76.0,0.3,0.02,0.0,0.0,0.0,0.0,1.0,118598.0
14.0,9.0,1032.0,0.0,0.0,0.0,253.0,0.0,0.0,1.0,0.0,0.0,255.0,255.0,1.0,0.0,0.0,0.0,0.0,0.0,1.0,29194.0
14.0,9.0,520.0,0.0,0.0,0.0,299.0,0.0,0.0,1.0,0.0,0.0,255.0,255.0,1.0,0.0,0.0,0.0,0.0,0.0,1.0,123805.0
14.0,9.0,1032.0,0.0,0.0,0.0,509.0,0.0,0.0,1.0,0.0,0.0,255.0,230.0,0.9,0.01,0.0,0.0,0.0,0.0,1.0,69679.0
14.0,9.0,1032.0,0.0,0.0,0.0,511.0,0.0,0.0,1.0,0.0,0.0,255.0,220.0,0.86,0.02,0.0,0.0,0.0,0.0,1.0,91787.0
14.0,9.0,1032.0,0.0,0.0,0.0,432.0,0.0,0.0,1.0,0.0,0.0,255.0,255.0,1.0,0.0,0.0,0.0,0.0,0.0,1.0,105876.0
14.0,9.0,520.0,0.0,0.0,0.0,84.0,0.0,0.0,1.0,0.0,0.0,255.0,255.0,1.0,0.0,0.0,0.0,0.0,0.0,1.0,79091.0
14.0,9.0,520.0,0.0,0.0,0.0,374.0,0.0,0.0,1.0,0.0,0.0,255.0,255.0,1.0,0.0,0.0,0.0,0.0,0.0,1.0,90669.0
14.0,9.0,1032.0,0.0,0.0,0.0,54.0,0.0,0.0,1.0,0.0,0.0,172.0,78.0,0.45,0.04,0.0,0.01,0.0,0.0,1.0,9775.0
11.0,9.0,46.0,135.0,0.0,0.0,200.0,0.0,0.0,1.0,0.01,0.0,89.0,56.0,0.63,0.02,0.0,0.0,0.0,0.0,0.0,114628.0
46.0,9.0,1.0,0.0,0.0,0.0,5.0,0.0,0.0,1.0,0.0,0.0,255.0,208.0,0.82,0.03,0.0,0.0,0.0,0.0,1.0,74037.0
14.0,9.0,1032.0,0.0,0.0,0.0,511.0,0.0,0.0,1.0,0.0,0.0,255.0,200.0,0.78,0.02,0.0,0.0,0.0,0.0,1.0,46248.0
14.0,9.0,1032.0,0.0,0.0,0.0,464.0,0.0,0.0,1.0,0.0,0.0,255.0,255.0,1.0,0.0,0.0,0.0,0.0,0.0,1.0,16773.0
14.0,9.0,1032.0,0.0,0.0,0.0,199.0,0.0,0.0,1.0,0.0,0.0,255.0,255.0,1.0,0.0,0.0,0.0,0.0,0.0,1.0,88771.0
19.0,9.0,748.0,0.0,0.0,0.0,1.0,0.0,0.0,1.0,0.0,0.0,163.0,31.0,0.19,0.02,0.0,0.0,0.0,0.0,0.0,12204.0
14.0,9.0,1032.0,0.0,0.0,0.0,511.0,0.0,0.0,1.0,0.0,0.0,255.0,229.0,0.9,0.01,0.0,0.0,0.0,0.0,1.0,31871.0
14.0,9.0,520.0,0.0,0.0,0.0,202.0,0.0,0.0,1.0,0.0,0.0,255.0,255.0,1.0,0.0,0.0,0.0,0.0,0.0,1.0,28701.0
13.0,9.0,18.0,0.0,0.0,0.0,1.0,0.0,0.0,1.0,0.0,0.0,3.0,7.0,1.0,0.0,0.29,0.0,0.0,0.0,1.0,79456.0
14.0,9.0,1032.0,0.0,0.0,0.0,206.0,0.0,0.0,1.0,0.0,0.0,255.0,255.0,1.0,0.0,0.0,0.0,0.0,0.0,1.0,99007.0
13.0,9.0,18.0,0.0,0.0,0.0,1.0,0.0,0.0,1.0,0.0,0.0,2.0,238.0,1.0,0.0,0.25,0.0,0.0,0.0,1.0,113099.0
14.0,9.0,520.0,0.0,0.0,0.0,441.0,0.0,0.0,1.0,0.0,0.0,175.0,175.0,1.0,0.0,0.0,0.0,0.0,0.0,1.0,15408.0
19.0,9.0,1363.0,0.0,0.0,1.0,20.0,0.0,0.0,0.95,0.1,0.0,245.0,103.0,0.42,0.03,0.0,0.0,0.01,0.0,0.0,39847.0
14.0,9.0,1032.0,0.0,0.0,0.0,511.0,0.0,0.0,1.0,0.0,0.0,255.0,191.0,0.75,0.02,0.0,0.0,0.0,0.0,1.0,3569.0
14.0,9.0,1032.0,0.0,0.0,0.0,511.0,0.0,0.0,1.0,0.0,0.0,255.0,181.0,0.71,0.02,0.0,0.0,0.0,0.0,1.0,45042.0
17.0,2.0,0.0,0.0,0.0,0.0,1.0,0.0,0.0,1.0,0.0,0.0,193.0,12.0,0.06,0.02,0.0,0.0,0.0,0.08,0.0,95686.0
14.0,9.0,1032.0,0.0,0.0,0.0,387.0,0.0,0.0,1.0,0.0,0.0,255.0,255.0,1.0,0.0,0.0,0.0,0.0,0.0,1.0,51642.0
14.0,9.0,1032.0,0.0,0.0,0.0,511.0,0.0,0.0,1.0,0.0,0.0,255.0,170.0,0.67,0.01,0.0,0.0,0.0,0.0,1.0,55630.0
14.0,9.0,1032.0,0.0,0.0,0.0,511.0,0.0,0.0,1.0,0.0,0.0,165.0,20.0,0.12,0.02,0.0,0.0,0.0,0.0,1.0,65343.0
19.0,9.0,1214.0,0.0,0.0,0.0,16.0,0.0,0.0,1.0,0.0,0.0,255.0,22.0,0.09,0.58,0.0,0.0,0.0,0.0,0.0,76934.0
11.0,9.0,133.0,45.0,0.0,0.0,239.0,0.0,0.0,1.0,0.01,0.0,128.0,95.0,0.74,0.02,0.0,0.0,0.0,0.0,0.0,119304.0
14.0,9.0,1032.0,0.0,0.0,0.0,511.0,0.0,0.0,1.0,0.0,0.0,255.0,9.0,0.04,0.05,0.0,0.38,0.0,0.0,1.0,50311.0
19.0,9.0,383.0,0.0,0.0,0.0,1.0,0.0,0.0,1.0,0.0,0.0,38.0,39.0,0.21,0.11,0.05,0.0,0.0,0.0,0.0,74331.0
14.0,9.0,1032.0,0.0,0.0,0.0,511.0,0.0,0.0,1.0,0.0,0.0,255.0,21.0,0.08,0.14,0.0,0.14,0.0,0.0,1.0,48929.0
57.0,2.0,0.0,15.0,0.0,0.0,4.0,0.0,0.0,0.25,0.5,0.0,255.0,3.0,0.01,0.04,0.0,0.0,0.0,0.33,0.0,16316.0
41.0,9.0,516.0,4.0,0.0,0.0,427.0,0.0,0.0,1.0,0.0,0.0,255.0,255.0,1.0,0.0,0.0,0.0,0.0,0.0,0.0,12767.0
14.0,9.0,1032.0,0.0,0.0,0.0,437.0,0.0,0.0,1.0,0.0,0.0,255.0,255.0,1.0,0.0,0.0,0.0,0.0,0.0,1.0,22823.0
19.0,9.0,334.0,0.0,0.0,1.0,2.0,0.0,0.0,1.0,0.0,0.0,6.0,25.0,1.0,0.0,0.12,0.0,0.0,0.0,1.0,20828.0
46.0,9.0,1.0,74.0,0.0,0.0,23.0,0.0,0.0,0.09,0.17,0.0,255.0,2.0,0.01,0.8,0.0,0.16,0.0,0.0,1.0,90204.0
14.0,9.0,520.0,0.0,0.0,0.0,427.0,0.0,0.0,1.0,0.0,0.0,255.0,255.0,1.0,0.0,0.0,0.0,0.0,0.0,1.0,88664.0
19.0,1.0,0.0,0.0,0.0,0.0,1.0,0.0,0.0,1.0,0.0,0.0,1.0,100.0,1.0,0.0,0.03,0.0,0.0,0.02,1.0,23422.0
19.0,9.0,334.0,0.0,0.0,1.0,2.0,0.0,0.0,1.0,0.0,0.0,8.0,38.0,0.75,0.25,0.16,0.0,0.0,0.0,1.0,93176.0
19.0,9.0,334.0,0.0,0.0,1.0,2.0,0.0,0.0,1.0,0.0,0.0,12.0,49.0,1.0,0.0,0.14,0.0,0.0,0.0,1.0,44365.0
14.0,9.0,520.0,0.0,0.0,0.0,451.0,0.0,0.0,1.0,0.0,0.0,251.0,251.0,1.0,0.0,0.0,0.0,0.0,0.0,1.0,86523.0
17.0,9.0,6.0,138.0,0.0,0.0,3.0,0.0,0.0,0.33,0.67,0.0,255.0,3.0,0.01,0.37,0.0,0.0,0.0,0.0,0.0,57520.0
14.0,9.0,1032.0,0.0,0.0,0.0,510.0,0.0,0.0,1.0,0.0,0.0,255.0,137.0,0.54,0.17,0.0,0.0,0.0,0.0,1.0,44088.0
14.0,9.0,520.0,0.0,0.0,0.0,197.0,0.0,0.0,1.0,0.0,0.0,255.0,255.0,1.0,0.0,0.0,0.0,0.0,0.0,1.0,118860.0
14.0,9.0,1032.0,0.0,0.0,0.0,108.0,0.0,0.0,1.0,0.0,0.0,254.0,160.0,0.63,0.03,0.0,0.01,0.0,0.0,1.0,75522.0
14.0,9.0,1032.0,0.0,0.0,0.0,511.0,0.0,0.0,1.0,0.0,0.0,255.0,115.0,0.45,0.02,0.0,0.02,0.0,0.0,1.0,98730.0
19.0,9.0,246.0,0.0,0.0,1.0,1.0,0.0,0.0,1.0,0.0,0.0,1.0,46.0,1.0,0.0,0.04,0.0,0.02,0.0,1.0,23006.0
14.0,9.0,520.0,0.0,0.0,0.0,301.0,0.0,0.0,1.0,0.0,0.0,255.0,255.0,1.0,0.0,0.0,0.0,0.0,0.0,1.0,25104.0
14.0,9.0,1032.0,0.0,0.0,0.0,511.0,0.0,0.0,1.0,0.0,0.0,112.0,18.0,0.16,0.06,0.0,0.02,0.0,0.0,1.0,44526.0
14.0,9.0,1032.0,0.0,0.0,0.0,511.0,0.0,0.0,1.0,0.0,0.0,255.0,150.0,0.59,0.02,0.0,0.01,0.0,0.0,1.0,25340.0
14.0,9.0,1032.0,0.0,0.0,0.0,511.0,0.0,0.0,1.0,0.0,0.0,255.0,170.0,0.67,0.02,0.0,0.0,0.0,0.0,1.0,119219.0
11.0,9.0,42.0,120.0,0.0,0.0,180.0,0.0,0.0,0.99,0.01,0.0,69.0,36.0,0.52,0.03,0.0,0.0,0.0,0.0,0.0,36176.0
14.0,9.0,1032.0,0.0,0.0,0.0,392.0,0.0,0.0,1.0,0.0,0.0,236.0,142.0,0.6,0.03,0.0,0.01,0.0,0.0,1.0,117471.0
14.0,9.0,520.0,0.0,0.0,0.0,193.0,0.0,0.0,1.0,0.0,0.0,255.0,255.0,1.0,0.0,0.0,0.0,0.0,0.0,1.0,74505.0
19.0,9.0,334.0,0.0,0.0,1.0,1.0,0.0,0.0,1.0,0.0,0.0,1.0,7.0,1.0,0.0,0.43,0.0,0.0,0.0,1.0,25959.0
14.0,9.0,1032.0,0.0,0.0,0.0,511.0,0.0,0.0,1.0,0.0,0.0,255.0,170.0,0.67,0.02,0.0,0.0,0.0,0.0,1.0,15407.0
14.0,9.0,1032.0,0.0,0.0,0.0,510.0,0.0,0.0,1.0,0.0,0.0,255.0,198.0,0.78,0.02,0.0,0.0,0.0,0.0,1.0,80289.0
14.0,9.0,520.0,0.0,0.0,0.0,484.0,0.0,0.0,1.0,0.0,0.0,89.0,89.0,1.0,0.0,0.0,0.0,0.0,0.0,1.0,30849.0
14.0,9.0,520.0,0.0,0.0,0.0,436.0,0.0,0.0,1.0,0.0,0.0,26.0,26.0,1.0,0.0,0.0,0.0,0.0,0.0,1.0,6837.0
14.0,9.0,1032.0,0.0,0.0,0.0,21.0,0.0,0.0,1.0,0.0,0.0,255.0,255.0,1.0,0.0,0.0,0.0,0.0,0.0,1.0,12736.0
14.0,9.0,1032.0,0.0,0.0,0.0,510.0,0.0,0.0,1.0,0.0,0.0,255.0,23.0,0.09,0.18,0.0,0.0,0.0,0.0,1.0,17061.0
14.0,9.0,1032.0,0.0,0.0,0.0,26.0,0.0,0.0,1.0,0.0,0.0,255.0,26.0,0.1,0.02,0.0,0.0,0.0,0.0,1.0,89210.0
23.0,4.0,42340.0,1460.0,0.0,1.0,1.0,0.0,0.0,1.0,0.0,0.0,1.0,1.0,1.0,0.0,0.0,0.0,0.0,1.0,1.0,92185.0
14.0,9.0,1032.0,0.0,0.0,0.0,511.0,0.0,0.0,1.0,0.0,0.0,255.0,171.0,0.67,0.01,0.0,0.0,0.0,0.0,1.0,67755.0
14.0,9.0,1032.0,0.0,0.0,0.0,511.0,0.0,0.0,1.0,0.0,0.0,129.0,35.0,0.27,0.05,0.0,0.02,0.0,0.0,1.0,106592.0
19.0,9.0,879.0,0.0,0.0,0.0,23.0,0.0,0.0,1.0,0.0,0.0,255.0,29.0,0.11,0.45,0.0,0.0,0.0,0.0,0.0,69453.0
57.0,8.0,31.0,53.0,0.0,0.0,81.0,0.01,1.0,0.01,1.0,0.0,206.0,3.0,0.01,0.43,0.0,0.0,0.33,0.0,1.0,37692.0
19.0,9.0,334.0,0.0,0.0,1.0,2.0,0.0,0.0,1.0,0.0,0.0,6.0,26.0,1.0,0.0,0.19,0.0,0.0,0.0,1.0,148.0
14.0,9.0,1032.0,0.0,0.0,0.0,511.0,0.0,0.0,1.0,0.0,0.0,255.0,213.0,0.84,0.1,0.0,0.0,0.0,0.0,1.0,46987.0
14.0,9.0,1032.0,0.0,0.0,0.0,511.0,0.0,0.0,1.0,0.0,0.0,255.0,130.0,0.51,0.01,0.0,0.0,0.0,0.0,1.0,57536.0
14.0,9.0,1032.0,0.0,0.0,0.0,511.0,0.0,0.0,1.0,0.0,0.0,255.0,137.0,0.54,0.02,0.0,0.01,0.0,0.0,1.0,51351.0
14.0,9.0,1032.0,0.0,0.0,0.0,511.0,0.0,0.0,1.0,0.0,0.0,255.0,241.0,0.95,0.01,0.0,0.0,0.0,0.0,1.0,7978.0
19.0,9.0,383.0,0.0,0.0,0.0,2.0,0.0,0.0,1.0,0.0,0.0,26.0,54.0,0.12,0.19,0.04,0.0,0.0,0.0,0.0,105388.0
14.0,9.0,1032.0,0.0,0.0,0.0,509.0,0.0,0.0,1.0,0.0,0.0,255.0,164.0,0.64,0.16,0.0,0.0,0.0,0.0,1.0,7728.0
14.0,9.0,1032.0,0.0,0.0,0.0,511.0,0.0,0.0,1.0,0.0,0.0,255.0,169.0,0.66,0.02,0.0,0.0,0.0,0.0,1.0,31013.0
14.0,9.0,1032.0,0.0,0.0,0.0,511.0,0.0,0.0,1.0,0.0,0.0,255.0,12.0,0.05,0.18,0.0,0.17,0.0,0.0,1.0,43266.0
53.0,9.0,0.0,15.0,0.0,1.0,1.0,0.0,0.0,1.0,0.0,0.0,3.0,2.0,0.33,1.0,1.0,0.0,0.0,0.5,1.0,108794.0
14.0,9.0,1032.0,0.0,0.0,0.0,510.0,0.0,0.0,1.0,0.0,0.0,161.0,16.0,0.1,0.02,0.0,0.0,0.0,0.0,1.0,16025.0
41.0,9.0,516.0,4.0,0.0,0.0,499.0,0.0,0.0,1.0,0.0,0.0,255.0,255.0,1.0,0.0,0.0,0.0,0.0,0.0,0.0,121353.0
14.0,9.0,520.0,0.0,0.0,0.0,478.0,0.0,0.0,1.0,0.0,0.0,97.0,97.0,1.0,0.0,0.0,0.0,0.0,0.0,1.0,65676.0
23.0,1.0,0.0,0.0,0.0,0.0,1.0,0.0,0.0,1.0,0.0,0.0,4.0,2.0,0.5,0.75,0.0,0.0,0.0,1.0,0.0,117630.0
14.0,9.0,1032.0,0.0,0.0,0.0,354.0,0.0,0.0,1.0,0.0,0.0,255.0,255.0,1.0,0.0,0.0,0.0,0.0,0.0,1.0,2216.0
14.0,9.0,1032.0,0.0,0.0,0.0,36.0,0.0,0.0,1.0,0.0,0.0,255.0,255.0,1.0,0.0,0.0,0.0,0.0,0.0,1.0,73195.0
14.0,9.0,520.0,0.0,0.0,0.0,466.0,0.0,0.0,1.0,0.0,0.0,35.0,35.0,1.0,0.0,0.0,0.0,0.0,0.0,1.0,65408.0
14.0,9.0,1032.0,0.0,0.0,0.0,366.0,0.0,0.0,1.0,0.0,0.0,255.0,255.0,1.0,0.0,0.0,0.0,0.0,0.0,1.0,79880.0
19.0,9.0,334.0,0.0,0.0,1.0,1.0,0.0,0.0,1.0,0.0,0.0,7.0,7.0,1.0,0.0,0.0,0.0,0.0,0.0,1.0,26845.0
14.0,9.0,1032.0,0.0,0.0,0.0,273.0,0.0,0.0,1.0,0.0,0.0,255.0,255.0,1.0,0.0,0.0,0.0,0.0,0.0,1.0,38453.0
23.0,1.0,0.0,0.0,0.0,0.0,1.0,0.0,0.0,1.0,0.0,0.0,2.0,106.0,1.0,0.0,0.03,0.0,0.0,0.03,0.0,113348.0
14.0,9.0,1032.0,0.0,0.0,0.0,3.0,0.0,0.0,1.0,0.0,0.0,255.0,151.0,0.59,0.02,0.0,0.0,0.0,0.0,1.0,82805.0
14.0,9.0,1032.0,0.0,0.0,0.0,511.0,0.0,0.0,1.0,0.0,0.0,255.0,127.0,0.5,0.17,0.0,0.0,0.0,0.0,1.0,62061.0
14.0,9.0,1032.0,0.0,0.0,0.0,511.0,0.0,0.0,1.0,0.0,0.0,255.0,190.0,0.75,0.01,0.0,0.0,0.0,0.0,1.0,17686.0
14.0,9.0,1032.0,0.0,0.0,0.0,511.0,0.0,0.0,1.0,0.0,0.0,219.0,125.0,0.57,0.03,0.0,0.01,0.0,0.0,1.0,92820.0
14.0,9.0,1032.0,0.0,0.0,0.0,511.0,0.0,0.0,1.0,0.0,0.0,255.0,159.0,0.62,0.02,0.0,0.0,0.0,0.0,1.0,86055.0
14.0,9.0,520.0,0.0,0.0,0.0,235.0,0.0,0.0,1.0,0.0,0.0,255.0,255.0,1.0,0.0,0.0,0.0,0.0,0.0,1.0,112700.0
19.0,9.0,276.0,0.0,0.0,1.0,1.0,0.0,0.0,1.0,0.0,0.0,12.0,7.0,0.58,0.17,0.0,0.0,0.0,0.0,0.0,71917.0
14.0,9.0,520.0,0.0,0.0,0.0,424.0,0.0,0.0,1.0,0.0,0.0,255.0,255.0,1.0,0.0,0.0,0.0,0.0,0.0,1.0,108382.0
19.0,9.0,334.0,0.0,0.0,1.0,1.0,0.0,0.0,1.0,0.0,0.0,10.0,37.0,1.0,0.0,0.08,0.0,0.0,0.0,1.0,111840.0
14.0,9.0,1032.0,0.0,0.0,0.0,511.0,0.0,0.0,1.0,0.0,0.0,255.0,77.0,0.3,0.2,0.0,0.0,0.0,0.0,1.0,84743.0
46.0,9.0,1.0,0.0,0.0,0.0,14.0,0.0,0.0,1.0,0.0,0.0,255.0,211.0,0.83,0.03,0.0,0.0,0.0,0.0,1.0,72169.0
14.0,9.0,1032.0,0.0,0.0,0.0,511.0,0.0,0.0,1.0,0.0,0.0,255.0,29.0,0.11,0.18,0.0,0.0,0.0,0.0,1.0,94989.0
19.0,9.0,1153.0,0.0,0.0,1.0,2.0,0.0,0.0,1.0,0.0,0.0,255.0,113.0,0.44,0.02,0.0,0.0,0.0,0.0,0.0,62219.0
14.0,9.0,1032.0,0.0,0.0,0.0,511.0,0.0,0.0,1.0,0.0,0.0,255.0,235.0,0.92,0.02,0.0,0.0,0.0,0.0,1.0,103586.0
14.0,9.0,1032.0,0.0,0.0,0.0,511.0,0.0,0.0,1.0,0.0,0.0,255.0,31.0,0.12,0.18,0.0,0.0,0.0,0.0,1.0,47811.0
14.0,9.0,520.0,0.0,0.0,0.0,468.0,0.0,0.0,1.0,0.0,0.0,18.0,18.0,1.0,0.0,0.0,0.0,0.0,0.0,1.0,3754.0
3.0,1.0,0.0,0.0,0.0,0.0,1.0,0.0,0.0,1.0,0.0,0.0,255.0,5.0,0.02,0.06,0.0,0.53,0.0,1.0,0.0,14052.0
14.0,9.0,1032.0,0.0,0.0,0.0,510.0,0.0,0.0,1.0,0.0,0.0,255.0,90.0,0.35,0.2,0.0,0.0,0.0,0.0,1.0,8228.0
14.0,9.0,520.0,0.0,0.0,0.0,196.0,0.0,0.0,1.0,0.0,0.0,255.0,255.0,1.0,0.0,0.0,0.0,0.0,0.0,1.0,125813.0
19.0,9.0,334.0,0.0,0.0,1.0,1.0,0.0,0.0,1.0,0.0,0.0,5.0,39.0,1.0,0.0,0.18,0.0,0.0,0.0,1.0,100913.0
14.0,9.0,1032.0,0.0,0.0,0.0,489.0,0.0,0.0,1.0,0.0,0.0,255.0,255.0,1.0,0.0,0.0,0.0,0.0,0.0,1.0,121312.0
46.0,9.0,1.0,0.0,0.0,0.0,17.0,0.0,0.0,1.0,0.0,0.0,255.0,214.0,0.84,0.02,0.0,0.0,0.0,0.0,1.0,851.0
14.0,9.0,1032.0,0.0,0.0,0.0,69.0,0.0,0.0,1.0,0.0,0.0,255.0,255.0,1.0,0.0,0.0,0.0,0.0,0.0,1.0,98199.0
19.0,9.0,567.0,0.0,0.0,1.0,1.0,0.0,0.0,1.0,0.0,0.0,104.0,45.0,0.16,0.06,0.04,0.0,0.0,0.0,0.0,125047.0
14.0,9.0,520.0,0.0,0.0,0.0,259.0,0.0,0.0,1.0,0.0,0.0,255.0,255.0,1.0,0.0,0.0,0.0,0.0,0.0,1.0,48289.0
46.0,0.0,0.0,0.0,0.0,0.0,1.0,0.0,0.0,1.0,0.0,0.0,209.0,1.0,0.0,0.77,0.0,0.03,0.0,0.0,1.0,91261.0
14.0,9.0,1032.0,0.0,0.0,0.0,169.0,0.0,0.0,1.0,0.0,0.0,255.0,169.0,0.66,0.01,0.0,0.0,0.0,0.0,1.0,30674.0
19.0,9.0,749.0,0.0,0.0,1.0,152.0,0.99,0.0,0.01,0.06,0.0,255.0,9.0,0.04,0.06,0.0,0.96,0.0,0.0,0.0,92362.0
14.0,9.0,1032.0,0.0,0.0,0.0,322.0,0.0,0.0,1.0,0.0,0.0,255.0,219.0,0.86,0.01,0.0,0.0,0.0,0.0,1.0,787.0
14.0,9.0,1032.0,0.0,0.0,0.0,316.0,0.0,0.0,1.0,0.0,0.0,148.0,3.0,0.02,0.02,0.0,0.0,0.0,0.0,1.0,118899.0
14.0,9.0,1032.0,0.0,0.0,0.0,511.0,0.0,0.0,1.0,0.0,0.0,255.0,244.0,0.96,0.01,0.0,0.0,0.0,0.0,1.0,16104.0
51.0,9.0,6.0,125.0,0.0,1.0,1.0,0.0,0.0,1.0,0.0,0.0,255.0,5.0,0.02,0.03,0.0,0.0,0.0,0.0,1.0,40299.0
14.0,9.0,520.0,0.0,0.0,0.0,87.0,0.0,0.0,1.0,0.0,0.0,255.0,255.0,1.0,0.0,0.0,0.0,0.0,0.0,1.0,96039.0
14.0,9.0,1032.0,0.0,0.0,0.0,511.0,0.0,0.0,1.0,0.0,0.0,255.0,68.0,0.27,0.02,0.0,0.02,0.0,0.0,1.0,17818.0
14.0,9.0,1032.0,0.0,0.0,0.0,511.0,0.0,0.0,1.0,0.0,0.0,255.0,174.0,0.68,0.02,0.0,0.0,0.0,0.0,1.0,2107.0
14.0,9.0,1032.0,0.0,0.0,0.0,511.0,0.0,0.0,1.0,0.0,0.0,255.0,210.0,0.82,0.02,0.0,0.0,0.0,0.0,1.0,122417.0
13.0,9.0,18.0,0.0,0.0,0.0,1.0,0.0,0.0,1.0,0.0,0.0,1.0,1.0,1.0,0.0,0.0,0.0,0.0,0.0,1.0,73630.0
14.0,9.0,1032.0,0.0,0.0,0.0,511.0,0.0,0.0,1.0,0.0,0.0,255.0,87.0,0.34,0.04,0.0,0.08,0.0,0.0,1.0,55187.0
14.0,9.0,1032.0,0.0,0.0,0.0,511.0,0.0,0.0,1.0,0.0,0.0,255.0,98.0,0.38,0.19,0.0,0.0,0.0,0.0,1.0,64514.0
46.0,9.0,1.0,74.0,0.0,0.0,26.0,0.0,0.0,0.19,0.15,0.0,255.0,5.0,0.02,0.79,0.0,0.16,0.0,0.0,1.0,46392.0
14.0,9.0,520.0,0.0,0.0,0.0,48.0,0.0,0.0,1.0,0.0,0.0,255.0,255.0,1.0,0.0,0.0,0.0,0.0,0.0,1.0,83551.0
14.0,9.0,1032.0,0.0,0.0,0.0,352.0,0.0,0.0,1.0,0.0,0.0,255.0,255.0,1.0,0.0,0.0,0.0,0.0,0.0,1.0,7049.0
14.0,9.0,1032.0,0.0,0.0,0.0,511.0,0.0,0.0,1.0,0.0,0.0,255.0,7.0,0.03,0.2,0.0,0.19,0.0,0.0,1.0,53641.0
14.0,9.0,1032.0,0.0,0.0,0.0,213.0,0.0,0.0,1.0,0.0,0.0,255.0,255.0,1.0,0.0,0.0,0.0,0.0,0.0,1.0,315.0
57.0,2.0,0.0,15.0,0.0,0.0,1.0,0.0,0.0,1.0,0.0,0.0,35.0,2.0,0.03,0.11,1.0,0.0,0.0,0.5,0.0,47793.0
14.0,9.0,1032.0,0.0,0.0,0.0,346.0,0.0,0.0,1.0,0.0,0.0,255.0,255.0,1.0,0.0,0.0,0.0,0.0,0.0,1.0,42112.0
14.0,9.0,1032.0,0.0,0.0,0.0,511.0,0.0,0.0,1.0,0.0,0.0,142.0,48.0,0.34,0.05,0.0,0.01,0.0,0.0,1.0,113007.0
14.0,9.0,1032.0,0.0,0.0,0.0,511.0,0.0,0.0,1.0,0.0,0.0,255.0,215.0,0.84,0.02,0.0,0.0,0.0,0.0,1.0,63755.0
14.0,9.0,520.0,0.0,0.0,0.0,256.0,0.0,0.0,1.0,0.0,0.0,255.0,255.0,1.0,0.0,0.0,0.0,0.0,0.0,1.0,49818.0
14.0,9.0,1032.0,0.0,0.0,0.0,511.0,0.0,0.0,1.0,0.0,0.0,255.0,192.0,0.75,0.01,0.0,0.0,0.0,0.0,1.0,89849.0
14.0,9.0,520.0,0.0,0.0,0.0,446.0,0.0,0.0,1.0,0.0,0.0,247.0,247.0,1.0,0.0,0.0,0.0,0.0,0.0,1.0,1224.0
14.0,9.0,520.0,0.0,0.0,0.0,463.0,0.0,0.0,1.0,0.0,0.0,43.0,43.0,1.0,0.0,0.0,0.0,0.0,0.0,1.0,33382.0
19.0,9.0,960.0,0.0,0.0,0.0,2.0,0.0,0.0,1.0,0.0,0.0,216.0,80.0,0.37,0.03,0.0,0.01,0.0,0.0,0.0,105576.0
14.0,9.0,520.0,0.0,0.0,0.0,253.0,0.0,0.0,1.0,0.0,0.0,255.0,255.0,1.0,0.0,0.0,0.0,0.0,0.0,1.0,125567.0
51.0,9.0,9654.0,337.0,0.0,1.0,1.0,0.0,0.0,1.0,0.0,1.0,156.0,213.0,0.81,0.03,0.01,0.0,0.0,0.0,0.0,22221.0
14.0,9.0,1032.0,0.0,0.0,0.0,202.0,0.0,0.0,1.0,0.0,0.0,255.0,202.0,0.79,0.01,0.0,0.0,0.0,0.0,1.0,118174.0
14.0,9.0,1032.0,0.0,0.0,0.0,92.0,0.0,0.0,1.0,0.0,0.0,255.0,92.0,0.36,0.02,0.0,0.0,0.0,0.0,1.0,52517.0
14.0,9.0,520.0,0.0,0.0,0.0,447.0,0.0,0.0,1.0,0.0,0.0,160.0,160.0,1.0,0.0,0.0,0.0,0.0,0.0,1.0,124525.0
14.0,9.0,520.0,0.0,0.0,0.0,452.0,0.0,0.0,1.0,0.0,0.0,213.0,213.0,1.0,0.0,0.0,0.0,0.0,0.0,1.0,84594.0
19.0,9.0,334.0,0.0,0.0,1.0,2.0,0.0,0.0,1.0,0.0,0.0,6.0,24.0,1.0,0.0,0.17,0.0,0.0,0.0,1.0,35555.0
14.0,9.0,520.0,0.0,0.0,0.0,279.0,0.0,0.0,1.0,0.0,0.0,255.0,255.0,1.0,0.0,0.0,0.0,0.0,0.0,1.0,50500.0
3.0,1.0,0.0,0.0,0.0,0.0,1.0,0.0,0.0,1.0,0.0,0.0,255.0,3.0,0.01,0.06,0.0,0.63,0.0,1.0,0.0,7161.0
14.0,9.0,1032.0,0.0,0.0,0.0,83.0,0.0,0.0,1.0,0.0,0.0,255.0,255.0,1.0,0.0,0.0,0.0,0.0,0.0,1.0,2928.0
14.0,9.0,520.0,0.0,0.0,0.0,463.0,0.0,0.0,1.0,0.0,0.0,239.0,239.0,1.0,0.0,0.0,0.0,0.0,0.0,1.0,41784.0
14.0,9.0,1032.0,0.0,0.0,0.0,444.0,0.0,0.0,1.0,0.0,0.0,255.0,231.0,0.91,0.02,0.0,0.0,0.0,0.0,1.0,115529.0
19.0,9.0,334.0,0.0,0.0,1.0,2.0,0.0,0.0,1.0,0.0,0.0,4.0,24.0,1.0,0.0,0.21,0.0,0.0,0.0,1.0,92959.0
14.0,9.0,520.0,0.0,0.0,0.0,129.0,0.0,0.0,1.0,0.0,0.0,255.0,255.0,1.0,0.0,0.0,0.0,0.0,0.0,1.0,10370.0
14.0,9.0,520.0,0.0,0.0,0.0,482.0,0.0,0.0,1.0,0.0,0.0,121.0,121.0,1.0,0.0,0.0,0.0,0.0,0.0,1.0,70212.0
14.0,9.0,1032.0,0.0,0.0,0.0,200.0,0.0,0.0,1.0,0.0,0.0,255.0,3.0,0.01,0.18,0.0,0.0,0.0,0.0,1.0,124760.0
14.0,9.0,1032.0,0.0,0.0,0.0,510.0,0.0,0.0,1.0,0.0,0.0,255.0,117.0,0.46,0.02,0.0,0.01,0.0,0.0,1.0,60807.0
14.0,9.0,1032.0,0.0,0.0,0.0,311.0,0.0,0.0,1.0,0.0,0.0,255.0,255.0,1.0,0.0,0.0,0.0,0.0,0.0,1.0,2327.0
19.0,9.0,334.0,0.0,0.0,1.0,2.0,0.0,0.0,1.0,0.0,0.0,2.0,24.0,1.0,0.0,0.17,0.0,0.0,0.0,1.0,77351.0
14.0,9.0,520.0,0.0,0.0,0.0,334.0,0.0,0.0,1.0,0.0,0.0,255.0,255.0,1.0,0.0,0.0,0.0,0.0,0.0,1.0,46140.0
14.0,9.0,520.0,0.0,0.0,0.0,190.0,0.0,0.0,1.0,0.0,0.0,255.0,255.0,1.0,0.0,0.0,0.0,0.0,0.0,1.0,107057.0
14.0,9.0,1032.0,0.0,0.0,0.0,511.0,0.0,0.0,1.0,0.0,0.0,255.0,233.0,0.91,0.01,0.0,0.0,0.0,0.0,1.0,23680.0
14.0,9.0,1032.0,0.0,0.0,0.0,511.0,0.0,0.0,1.0,0.0,0.0,202.0,57.0,0.28,0.01,0.0,0.0,0.0,0.0,1.0,49525.0
14.0,9.0,520.0,0.0,0.0,0.0,455.0,0.0,0.0,1.0,0.0,0.0,157.0,157.0,1.0,0.0,0.0,0.0,0.0,0.0,1.0,41660.0
14.0,9.0,520.0,0.0,0.0,0.0,457.0,0.0,0.0,1.0,0.0,0.0,207.0,207.0,1.0,0.0,0.0,0.0,0.0,0.0,1.0,16012.0
14.0,9.0,520.0,0.0,0.0,0.0,480.0,0.0,0.0,1.0,0.0,0.0,105.0,105.0,1.0,0.0,0.0,0.0,0.0,0.0,1.0,70512.0
23.0,6.0,0.0,0.0,0.0,1.0,1.0,1.0,1.0,1.0,0.0,0.0,16.0,16.0,1.0,0.0,0.0,0.06,0.06,0.94,0.0,45808.0
14.0,9.0,1032.0,0.0,0.0,0.0,511.0,0.0,0.0,1.0,0.0,0.0,255.0,136.0,0.53,0.01,0.0,0.0,0.0,0.0,1.0,115517.0
14.0,9.0,1032.0,0.0,0.0,0.0,511.0,0.0,0.0,1.0,0.0,0.0,255.0,194.0,0.76,0.02,0.0,0.0,0.0,0.0,1.0,89474.0
14.0,9.0,1032.0,0.0,0.0,0.0,461.0,0.0,0.0,1.0,0.0,0.0,255.0,255.0,1.0,0.0,0.0,0.0,0.0,0.0,1.0,44052.0
19.0,9.0,637.0,0.0,0.0,1.0,6.0,0.0,0.0,1.0,0.0,0.0,122.0,75.0,0.41,0.02,0.03,0.0,0.0,0.0,0.0,125419.0
13.0,9.0,18.0,0.0,0.0,0.0,1.0,0.0,0.0,1.0,0.0,0.0,3.0,55.0,1.0,0.0,0.25,0.0,0.0,0.0,1.0,86795.0
14.0,9.0,1032.0,0.0,0.0,0.0,511.0,0.0,0.0,1.0,0.0,0.0,255.0,129.0,0.51,0.02,0.0,0.01,0.0,0.0,1.0,90980.0
14.0,9.0,1032.0,0.0,0.0,0.0,511.0,0.0,0.0,1.0,0.0,0.0,255.0,57.0,0.22,0.04,0.0,0.2,0.0,0.0,1.0,93053.0
14.0,9.0,1032.0,0.0,0.0,0.0,267.0,0.0,0.0,1.0,0.0,0.0,255.0,255.0,1.0,0.0,0.0,0.0,0.0,0.0,1.0,26360.0
14.0,9.0,1032.0,0.0,0.0,0.0,511.0,0.0,0.0,1.0,0.0,0.0,255.0,177.0,0.69,0.02,0.0,0.0,0.0,0.0,1.0,33416.0
14.0,9.0,1032.0,0.0,0.0,0.0,114.0,0.0,0.0,1.0,0.0,0.0,255.0,114.0,0.45,0.02,0.0,0.0,0.0,0.0,1.0,78952.0
8.0,4.0,6.0,26.0,0.0,1.0,50.0,0.0,0.0,0.02,1.0,0.0,168.0,1.0,0.01,0.36,0.0,0.0,0.0,1.0,1.0,99000.0
14.0,9.0,1032.0,0.0,0.0,0.0,41.0,0.0,0.0,1.0,0.0,0.0,255.0,255.0,1.0,0.0,0.0,0.0,0.0,0.0,1.0,81008.0
14.0,9.0,1032.0,0.0,0.0,0.0,225.0,0.0,0.0,1.0,0.0,0.0,255.0,255.0,1.0,0.0,0.0,0.0,0.0,0.0,1.0,11557.0
11.0,9.0,45.0,131.0,0.0,0.0,193.0,0.0,0.0,0.99,0.01,0.0,82.0,49.0,0.6,0.02,0.0,0.0,0.0,0.0,0.0,105058.0
14.0,9.0,1032.0,0.0,0.0,0.0,511.0,0.0,0.0,1.0,0.0,0.0,255.0,47.0,0.18,0.04,0.0,0.24,0.0,0.0,1.0,91983.0
14.0,9.0,1032.0,0.0,0.0,0.0,369.0,0.0,0.0,1.0,0.0,0.0,255.0,255.0,1.0,0.0,0.0,0.0,0.0,0.0,1.0,112472.0
23.0,5.0,0.0,0.0,0.0,0.0,6.0,1.0,1.0,1.0,0.0,0.0,6.0,6.0,1.0,0.0,0.0,1.0,1.0,0.0,1.0,28808.0
14.0,9.0,1032.0,0.0,0.0,0.0,79.0,0.0,0.0,1.0,0.0,0.0,255.0,79.0,0.31,0.02,0.0,0.0,0.0,0.0,1.0,72976.0
14.0,9.0,1032.0,0.0,0.0,0.0,418.0,0.0,0.0,1.0,0.0,0.0,255.0,255.0,1.0,0.0,0.0,0.0,0.0,0.0,1.0,95748.0
14.0,9.0,1032.0,0.0,0.0,0.0,508.0,0.0,0.0,1.0,0.0,0.0,255.0,156.0,0.61,0.02,0.0,0.0,0.0,0.0,1.0,29854.0
14.0,9.0,520.0,0.0,0.0,0.0,125.0,0.0,0.0,1.0,0.0,0.0,255.0,255.0,1.0,0.0,0.0,0.0,0.0,0.0,1.0,93536.0
14.0,9.0,1032.0,0.0,0.0,0.0,310.0,0.0,0.0,1.0,0.0,0.0,255.0,255.0,1.0,0.0,0.0,0.0,0.0,0.0,1.0,70953.0
14.0,9.0,1032.0,0.0,0.0,0.0,510.0,0.0,0.0,1.0,0.0,0.0,255.0,87.0,0.34,0.2,0.0,0.0,0.0,0.0,1.0,108704.0
19.0,9.0,334.0,0.0,0.0,1.0,2.0,0.0,0.0,1.0,0.0,0.0,4.0,26.0,1.0,0.0,0.08,0.0,0.0,0.0,1.0,77497.0
46.0,0.0,0.0,0.0,0.0,0.0,1.0,0.0,0.0,1.0,0.0,0.0,153.0,1.0,0.01,0.69,0.0,0.04,0.0,0.0,1.0,91388.0
14.0,9.0,1032.0,0.0,0.0,0.0,511.0,0.0,0.0,1.0,0.0,0.0,255.0,179.0,0.7,0.02,0.0,0.0,0.0,0.0,1.0,37690.0
14.0,9.0,1032.0,0.0,0.0,0.0,510.0,0.0,0.0,1.0,0.0,0.0,234.0,89.0,0.38,0.01,0.0,0.0,0.0,0.0,1.0,99515.0
14.0,9.0,1032.0,0.0,0.0,0.0,374.0,0.0,0.0,1.0,0.0,0.0,255.0,255.0,1.0,0.0,0.0,0.0,0.0,0.0,1.0,44481.0
14.0,9.0,1032.0,0.0,0.0,0.0,2.0,0.0,0.0,1.0,0.0,0.0,255.0,2.0,0.01,0.02,0.0,0.0,0.0,0.0,1.0,123283.0
14.0,9.0,1032.0,0.0,0.0,0.0,511.0,0.0,0.0,1.0,0.0,0.0,255.0,192.0,0.75,0.02,0.0,0.0,0.0,0.0,1.0,89022.0
19.0,9.0,965.0,0.0,0.0,1.0,3.0,0.0,0.0,1.0,0.0,0.0,255.0,9.0,0.04,0.02,0.0,0.0,0.0,0.0,0.0,20132.0
41.0,9.0,516.0,4.0,0.0,0.0,485.0,0.0,0.0,1.0,0.0,0.0,255.0,255.0,1.0,0.0,0.0,0.0,0.0,0.0,0.0,112638.0
41.0,9.0,516.0,4.0,0.0,0.0,484.0,0.0,0.0,1.0,0.0,0.0,255.0,255.0,1.0,0.0,0.0,0.0,0.0,0.0,0.0,21863.0
14.0,9.0,1032.0,0.0,0.0,0.0,446.0,0.0,0.0,1.0,0.0,0.0,211.0,117.0,0.55,0.03,0.0,0.01,0.0,0.0,1.0,122701.0
41.0,9.0,516.0,4.0,0.0,0.0,380.0,0.0,0.0,1.0,0.0,0.0,255.0,255.0,1.0,0.0,0.0,0.0,0.0,0.0,0.0,87407.0
14.0,9.0,1032.0,0.0,0.0,0.0,431.0,0.0,0.0,1.0,0.0,0.0,255.0,255.0,1.0,0.0,0.0,0.0,0.0,0.0,1.0,51089.0
14.0,9.0,520.0,0.0,0.0,0.0,444.0,0.0,0.0,1.0,0.0,0.0,186.0,186.0,1.0,0.0,0.0,0.0,0.0,0.0,1.0,11213.0
19.0,9.0,334.0,0.0,0.0,1.0,1.0,0.0,0.0,1.0,0.0,0.0,5.0,25.0,1.0,0.0,0.2,0.0,0.0,0.0,1.0,7139.0
14.0,9.0,1032.0,0.0,0.0,0.0,298.0,0.0,0.0,1.0,0.0,0.0,255.0,230.0,0.9,0.02,0.0,0.0,0.0,0.0,1.0,97312.0
14.0,9.0,520.0,0.0,0.0,0.0,454.0,0.0,0.0,1.0,0.0,0.0,255.0,255.0,1.0,0.0,0.0,0.0,0.0,0.0,1.0,119757.0
14.0,9.0,1032.0,0.0,0.0,0.0,511.0,0.0,0.0,1.0,0.0,0.0,255.0,211.0,0.83,0.01,0.0,0.0,0.0,0.0,1.0,33714.0
14.0,9.0,520.0,0.0,0.0,0.0,481.0,0.0,0.0,1.0,0.0,0.0,110.0,110.0,1.0,0.0,0.0,0.0,0.0,0.0,1.0,111894.0
14.0,9.0,520.0,0.0,0.0,0.0,184.0,0.0,0.0,1.0,0.0,0.0,255.0,255.0,1.0,0.0,0.0,0.0,0.0,0.0,1.0,25607.0
14.0,9.0,1032.0,0.0,0.0,0.0,54.0,0.0,0.0,1.0,0.0,0.0,255.0,255.0,1.0,0.0,0.0,0.0,0.0,0.0,1.0,20016.0
51.0,2.0,0.0,0.0,0.0,0.0,1.0,0.0,0.0,1.0,0.0,0.0,255.0,58.0,0.23,0.64,0.0,0.0,0.0,0.02,1.0,80049.0
14.0,9.0,1032.0,0.0,0.0,0.0,511.0,0.0,0.0,1.0,0.0,0.0,229.0,84.0,0.37,0.01,0.0,0.0,0.0,0.0,1.0,26257.0
14.0,9.0,1032.0,0.0,0.0,0.0,232.0,0.0,0.0,1.0,0.0,0.0,255.0,3.0,0.01,0.26,0.0,0.0,0.0,0.0,1.0,109082.0
17.0,5.0,0.0,0.0,0.0,0.0,1.0,1.0,1.0,1.0,0.0,1.0,1.0,4.0,1.0,0.0,1.0,1.0,0.75,0.0,1.0,59752.0
14.0,9.0,520.0,0.0,0.0,0.0,155.0,0.0,0.0,1.0,0.0,0.0,255.0,255.0,1.0,0.0,0.0,0.0,0.0,0.0,1.0,115249.0
14.0,9.0,1032.0,0.0,0.0,0.0,511.0,0.0,0.0,1.0,0.0,0.0,255.0,231.0,0.91,0.02,0.0,0.0,0.0,0.0,1.0,32427.0
41.0,9.0,4.0,0.0,0.0,0.0,2.0,0.0,0.0,1.0,0.0,0.0,2.0,2.0,1.0,0.0,0.0,0.0,0.0,0.0,1.0,16983.0
14.0,9.0,1032.0,0.0,0.0,0.0,510.0,0.0,0.0,1.0,0.0,0.0,255.0,82.0,0.32,0.13,0.0,0.0,0.0,0.0,1.0,13770.0
14.0,9.0,1032.0,0.0,0.0,0.0,510.0,0.0,0.0,1.0,0.0,0.0,255.0,25.0,0.1,0.18,0.0,0.0,0.0,0.0,1.0,49276.0
14.0,9.0,1032.0,0.0,0.0,0.0,35.0,0.0,0.0,1.0,0.0,0.0,255.0,255.0,1.0,0.0,0.0,0.0,0.0,0.0,1.0,16294.0
17.0,5.0,0.0,0.0,0.0,0.0,3.0,0.33,1.0,0.33,1.0,1.0,16.0,2.0,0.12,0.19,0.0,0.12,1.0,0.0,1.0,63005.0
41.0,9.0,516.0,4.0,0.0,0.0,419.0,0.0,0.0,1.0,0.0,0.0,255.0,255.0,1.0,0.0,0.0,0.0,0.0,0.0,0.0,108946.0
14.0,9.0,1032.0,0.0,0.0,0.0,217.0,0.0,0.0,1.0,0.0,0.0,255.0,217.0,0.85,0.01,0.0,0.0,0.0,0.0,1.0,31664.0
14.0,9.0,1032.0,0.0,0.0,0.0,510.0,0.0,0.0,1.0,0.0,0.0,255.0,164.0,0.64,0.02,0.0,0.0,0.0,0.0,1.0,114688.0
14.0,9.0,1032.0,0.0,0.0,0.0,511.0,0.0,0.0,1.0,0.0,0.0,255.0,142.0,0.56,0.02,0.0,0.01,0.0,0.0,1.0,77243.0
41.0,9.0,516.0,4.0,0.0,0.0,490.0,0.0,0.0,1.0,0.0,0.0,255.0,255.0,1.0,0.0,0.0,0.0,0.0,0.0,0.0,33118.0
14.0,9.0,1032.0,0.0,0.0,0.0,511.0,0.0,0.0,1.0,0.0,0.0,255.0,142.0,0.56,0.02,0.0,0.01,0.0,0.0,1.0,14343.0
11.0,9.0,36.0,0.0,0.0,0.0,3.0,0.0,0.0,1.0,0.0,0.6,3.0,211.0,1.0,0.0,0.01,0.0,0.0,0.0,0.0,30922.0
14.0,9.0,1032.0,0.0,0.0,0.0,511.0,0.0,0.0,1.0,0.0,0.0,255.0,246.0,0.96,0.01,0.0,0.0,0.0,0.0,1.0,61075.0
57.0,5.0,0.0,0.0,0.0,0.0,7.0,1.0,1.0,1.0,0.0,0.0,9.0,9.0,1.0,0.0,0.0,0.78,0.78,0.0,1.0,71789.0
14.0,9.0,1032.0,0.0,0.0,0.0,88.0,0.0,0.0,1.0,0.0,0.0,255.0,255.0,1.0,0.0,0.0,0.0,0.0,0.0,1.0,114705.0
51.0,9.0,8769.0,369.0,0.0,1.0,1.0,0.0,0.0,1.0,0.0,0.0,3.0,160.0,1.0,0.0,0.01,0.0,0.0,0.0,0.0,7174.0
41.0,9.0,516.0,4.0,0.0,0.0,469.0,0.0,0.0,1.0,0.0,0.0,255.0,255.0,1.0,0.0,0.0,0.0,0.0,0.0,0.0,32623.0
14.0,9.0,1032.0,0.0,0.0,0.0,511.0,0.0,0.0,1.0,0.0,0.0,255.0,249.0,0.98,0.01,0.0,0.0,0.0,0.0,1.0,41110.0
14.0,9.0,1032.0,0.0,0.0,0.0,511.0,0.0,0.0,1.0,0.0,0.0,255.0,163.0,0.64,0.01,0.0,0.0,0.0,0.0,1.0,60447.0
14.0,9.0,1032.0,0.0,0.0,0.0,314.0,0.0,0.0,1.0,0.0,0.0,255.0,255.0,1.0,0.0,0.0,0.0,0.0,0.0,1.0,59983.0
14.0,9.0,520.0,0.0,0.0,0.0,246.0,0.0,0.0,1.0,0.0,0.0,255.0,255.0,1.0,0.0,0.0,0.0,0.0,0.0,1.0,86168.0
14.0,9.0,8.0,0.0,0.0,0.0,1.0,0.0,0.0,1.0,0.0,0.0,2.0,2.0,1.0,0.0,0.0,0.0,0.0,0.0,1.0,12439.0
14.0,9.0,1032.0,0.0,0.0,0.0,52.0,0.0,0.0,1.0,0.0,0.0,255.0,52.0,0.2,0.02,0.0,0.0,0.0,0.0,1.0,69997.0
19.0,9.0,334.0,0.0,0.0,1.0,1.0,0.0,0.0,1.0,0.0,0.0,1.0,12.0,1.0,0.0,0.17,0.0,0.0,0.0,1.0,62543.0
57.0,2.0,0.0,15.0,0.0,0.0,2.0,0.0,0.0,0.5,1.0,0.0,216.0,1.0,0.0,0.03,0.0,0.0,0.0,1.0,0.0,105124.0
14.0,9.0,1032.0,0.0,0.0,0.0,4.0,0.0,0.0,1.0,0.0,0.0,255.0,217.0,0.85,0.01,0.0,0.0,0.0,0.0,1.0,25016.0
14.0,9.0,520.0,0.0,0.0,0.0,456.0,0.0,0.0,1.0,0.0,0.0,189.0,189.0,1.0,0.0,0.0,0.0,0.0,0.0,1.0,109433.0
14.0,9.0,1032.0,0.0,0.0,0.0,509.0,0.0,0.0,1.0,0.0,0.0,255.0,148.0,0.58,0.17,0.0,0.0,0.0,0.0,1.0,76715.0
19.0,9.0,334.0,0.0,0.0,1.0,2.0,0.0,0.0,1.0,0.0,0.0,11.0,48.0,1.0,0.0,0.1,0.0,0.0,0.0,1.0,58058.0
19.0,9.0,12.0,0.0,0.0,0.0,2.0,0.0,0.0,1.0,0.0,0.0,255.0,23.0,0.09,0.76,0.0,0.75,0.0,0.0,0.0,64380.0
19.0,9.0,641.0,0.0,0.0,1.0,2.0,0.0,0.0,1.0,0.0,0.0,106.0,33.0,0.31,0.03,0.0,0.0,0.0,0.0,0.0,77696.0
14.0,9.0,520.0,0.0,0.0,0.0,118.0,0.0,0.0,1.0,0.0,0.0,255.0,255.0,1.0,0.0,0.0,0.0,0.0,0.0,1.0,69973.0
19.0,9.0,1010.0,0.0,0.0,1.0,2.0,0.0,0.0,1.0,0.0,0.0,242.0,52.0,0.21,0.02,0.0,0.0,0.0,0.0,0.0,107179.0
14.0,9.0,520.0,0.0,0.0,0.0,300.0,0.0,0.0,1.0,0.0,0.0,255.0,255.0,1.0,0.0,0.0,0.0,0.0,0.0,1.0,46584.0
14.0,9.0,1032.0,0.0,0.0,0.0,511.0,0.0,0.0,1.0,0.0,0.0,255.0,82.0,0.32,0.02,0.0,0.02,0.0,0.0,1.0,41159.0
19.0,9.0,1010.0,0.0,0.0,0.0,2.0,0.0,0.0,1.0,0.0,0.0,255.0,119.0,0.47,0.02,0.0,0.0,0.0,0.0,0.0,30307.0
57.0,6.0,0.0,0.0,0.0,0.0,1.0,1.0,1.0,1.0,0.0,0.0,127.0,2.0,0.02,0.04,0.0,0.02,1.0,0.0,0.0,19553.0
14.0,9.0,1032.0,0.0,0.0,0.0,390.0,0.0,0.0,1.0,0.0,0.0,255.0,255.0,1.0,0.0,0.0,0.0,0.0,0.0,1.0,66683.0
41.0,9.0,516.0,4.0,0.0,0.0,437.0,0.0,0.0,1.0,0.0,0.0,255.0,255.0,1.0,0.0,0.0,0.0,0.0,0.0,0.0,54983.0
46.0,0.0,0.0,0.0,0.0,0.0,1.0,0.0,0.0,1.0,0.0,0.0,176.0,1.0,0.01,0.73,0.0,0.03,0.0,0.0,1.0,39030.0
19.0,9.0,965.0,0.0,0.0,0.0,20.0,0.0,0.0,1.0,0.0,0.0,255.0,26.0,0.1,0.45,0.0,0.0,0.0,0.0,0.0,66537.0
14.0,9.0,520.0,0.0,0.0,0.0,88.0,0.0,0.0,1.0,0.0,0.0,255.0,255.0,1.0,0.0,0.0,0.0,0.0,0.0,1.0,57381.0
14.0,9.0,1032.0,0.0,0.0,0.0,163.0,0.0,0.0,1.0,0.0,0.0,255.0,163.0,0.64,0.01,0.0,0.0,0.0,0.0,1.0,42878.0
14.0,9.0,1032.0,0.0,0.0,0.0,116.0,0.0,0.0,1.0,0.0,0.0,124.0,30.0,0.24,0.06,0.0,0.02,0.0,0.0,1.0,50117.0
14.0,9.0,520.0,0.0,0.0,0.0,154.0,0.0,0.0,1.0,0.0,0.0,255.0,255.0,1.0,0.0,0.0,0.0,0.0,0.0,1.0,40284.0
14.0,9.0,1032.0,0.0,0.0,0.0,511.0,0.0,0.0,1.0,0.0,0.0,255.0,37.0,0.15,0.04,0.0,0.27,0.0,0.0,1.0,75051.0
14.0,9.0,520.0,0.0,0.0,0.0,76.0,0.0,0.0,1.0,0.0,0.0,255.0,255.0,1.0,0.0,0.0,0.0,0.0,0.0,1.0,91624.0
13.0,9.0,18.0,0.0,0.0,0.0,1.0,0.0,0.0,1.0,0.0,0.0,1.0,198.0,1.0,0.0,1.0,0.0,0.0,0.0,1.0,11433.0
59.0,9.0,564.0,0.0,0.0,0.0,2.0,0.0,0.0,1.0,0.0,0.0,2.0,2.0,1.0,0.0,0.0,0.0,0.0,0.0,1.0,14098.0
14.0,9.0,1032.0,0.0,0.0,0.0,511.0,0.0,0.0,1.0,0.0,0.0,255.0,177.0,0.69,0.02,0.0,0.0,0.0,0.0,1.0,34105.0
14.0,9.0,1032.0,0.0,0.0,0.0,511.0,0.0,0.0,1.0,0.0,0.0,255.0,112.0,0.44,0.02,0.0,0.02,0.0,0.0,1.0,21227.0
23.0,5.0,0.0,0.0,0.0,0.0,2.0,0.5,0.33,1.0,0.0,0.67,3.0,12.0,1.0,0.0,0.33,0.33,0.08,0.0,0.0,2065.0
19.0,9.0,71.0,0.0,0.0,1.0,150.0,0.99,0.0,0.01,0.07,0.0,255.0,1.0,0.0,0.06,0.0,1.0,0.0,0.0,0.0,92471.0
14.0,9.0,1032.0,0.0,0.0,0.0,174.0,0.0,0.0,1.0,0.0,0.0,255.0,174.0,0.68,0.01,0.0,0.0,0.0,0.0,1.0,95861.0
23.0,5.0,0.0,0.0,0.0,0.0,10.0,1.0,1.0,1.0,0.0,0.0,12.0,10.0,0.83,0.17,0.0,0.83,1.0,0.0,1.0,55647.0
19.0,9.0,63.0,0.0,0.0,1.0,151.0,0.99,0.0,0.01,0.06,1.0,255.0,16.0,0.06,0.09,0.0,0.78,0.0,0.0,0.0,98691.0
14.0,9.0,1032.0,0.0,0.0,0.0,510.0,0.0,0.0,1.0,0.0,0.0,255.0,151.0,0.59,0.03,0.0,0.0,0.0,0.0,1.0,78626.0
13.0,9.0,18.0,0.0,0.0,0.0,1.0,0.0,0.0,1.0,0.0,0.0,3.0,243.0,1.0,0.0,0.25,0.0,0.0,0.0,1.0,50971.0
11.0,9.0,133.0,44.0,0.0,0.0,241.0,0.0,0.0,1.0,0.01,0.0,130.0,97.0,0.75,0.02,0.0,0.0,0.0,0.0,0.0,109133.0
14.0,9.0,520.0,0.0,0.0,0.0,247.0,0.0,0.0,1.0,0.0,0.0,255.0,255.0,1.0,0.0,0.0,0.0,0.0,0.0,1.0,17709.0
14.0,9.0,1032.0,0.0,0.0,0.0,21.0,0.0,0.0,1.0,0.0,0.0,255.0,21.0,0.08,0.02,0.0,0.0,0.0,0.0,1.0,46309.0
14.0,9.0,1032.0,0.0,0.0,0.0,511.0,0.0,0.0,1.0,0.0,0.0,255.0,185.0,0.73,0.03,0.0,0.0,0.0,0.0,1.0,21166.0
14.0,9.0,520.0,0.0,0.0,0.0,187.0,0.0,0.0,1.0,0.0,0.0,255.0,255.0,1.0,0.0,0.0,0.0,0.0,0.0,1.0,5283.0
11.0,9.0,46.0,132.0,0.0,0.0,165.0,0.0,0.0,0.99,0.01,0.0,54.0,21.0,0.39,0.04,0.0,0.0,0.0,0.0,0.0,2888.0
19.0,9.0,334.0,0.0,0.0,1.0,2.0,0.0,0.0,1.0,0.0,0.0,8.0,19.0,1.0,0.0,0.11,0.0,0.0,0.0,1.0,56070.0
14.0,9.0,1032.0,0.0,0.0,0.0,511.0,0.0,0.0,1.0,0.0,0.0,255.0,52.0,0.2,0.21,0.0,0.0,0.0,0.0,1.0,35723.0
14.0,9.0,1032.0,0.0,0.0,0.0,511.0,0.0,0.0,1.0,0.0,0.0,255.0,46.0,0.18,0.04,0.0,0.04,0.0,0.0,1.0,2640.0
13.0,9.0,18.0,0.0,0.0,0.0,1.0,0.0,0.0,1.0,0.0,0.0,1.0,247.0,1.0,0.0,1.0,0.0,0.0,0.0,1.0,44429.0
19.0,9.0,965.0,0.0,0.0,1.0,9.0,0.0,0.0,1.0,0.0,0.0,255.0,123.0,0.48,0.02,0.0,0.0,0.0,0.0,0.0,59606.0
14.0,9.0,1032.0,0.0,0.0,0.0,342.0,0.0,0.0,1.0,0.0,0.0,255.0,255.0,1.0,0.0,0.0,0.0,0.0,0.0,1.0,43065.0
19.0,9.0,334.0,0.0,0.0,1.0,1.0,0.0,0.0,1.0,0.0,0.0,12.0,39.0,1.0,0.0,0.13,0.0,0.0,0.0,1.0,71099.0
14.0,9.0,1032.0,0.0,0.0,0.0,511.0,0.0,0.0,1.0,0.0,0.0,255.0,121.0,0.47,0.07,0.0,0.0,0.0,0.0,1.0,41179.0
62.0,9.0,78.0,0.0,0.0,0.0,50.0,0.0,0.0,0.1,0.04,0.0,222.0,5.0,0.02,0.02,0.0,0.0,0.0,0.0,0.0,47485.0
14.0,9.0,1032.0,0.0,0.0,0.0,393.0,0.0,0.0,1.0,0.0,0.0,255.0,255.0,1.0,0.0,0.0,0.0,0.0,0.0,1.0,41330.0
14.0,9.0,520.0,0.0,0.0,0.0,459.0,0.0,0.0,1.0,0.0,0.0,216.0,216.0,1.0,0.0,0.0,0.0,0.0,0.0,1.0,111378.0
14.0,9.0,1032.0,0.0,0.0,0.0,313.0,0.0,0.0,1.0,0.0,0.0,255.0,255.0,1.0,0.0,0.0,0.0,0.0,0.0,1.0,68814.0
14.0,9.0,1032.0,0.0,0.0,0.0,59.0,0.0,0.0,1.0,0.0,0.0,255.0,59.0,0.23,0.02,0.0,0.0,0.0,0.0,1.0,122511.0
14.0,9.0,1032.0,0.0,0.0,0.0,378.0,0.0,0.0,1.0,0.0,0.0,255.0,255.0,1.0,0.0,0.0,0.0,0.0,0.0,1.0,61579.0
14.0,9.0,1032.0,0.0,0.0,0.0,510.0,0.0,0.0,1.0,0.0,0.0,255.0,139.0,0.55,0.17,0.0,0.0,0.0,0.0,1.0,18564.0
14.0,9.0,1032.0,0.0,0.0,0.0,511.0,0.0,0.0,1.0,0.0,0.0,173.0,28.0,0.16,0.02,0.0,0.0,0.0,0.0,1.0,51441.0
14.0,9.0,520.0,0.0,0.0,0.0,69.0,0.0,0.0,1.0,0.0,0.0,255.0,255.0,1.0,0.0,0.0,0.0,0.0,0.0,1.0,104784.0
14.0,9.0,1032.0,0.0,0.0,0.0,511.0,0.0,0.0,1.0,0.0,0.0,255.0,93.0,0.36,0.02,0.0,0.02,0.0,0.0,1.0,95159.0
19.0,9.0,334.0,0.0,0.0,1.0,1.0,0.0,0.0,1.0,0.0,0.0,1.0,9.0,1.0,0.0,0.44,0.0,0.0,0.0,1.0,122309.0
14.0,9.0,1032.0,0.0,0.0,0.0,511.0,0.0,0.0,1.0,0.0,0.0,255.0,225.0,0.88,0.01,0.0,0.0,0.0,0.0,1.0,88640.0
17.0,9.0,6.0,0.0,0.0,0.0,1.0,0.0,0.0,1.0,0.0,0.0,154.0,4.0,0.02,0.02,0.5,0.0,0.0,0.0,0.0,105279.0
14.0,9.0,1032.0,0.0,0.0,0.0,510.0,0.0,0.0,1.0,0.0,0.0,255.0,243.0,0.95,0.01,0.0,0.0,0.0,0.0,1.0,2779.0
57.0,6.0,0.0,0.0,0.0,0.0,1.0,1.0,1.0,1.0,0.0,0.0,255.0,1.0,0.0,0.05,0.0,0.01,1.0,0.0,0.0,122964.0
14.0,9.0,1032.0,0.0,0.0,0.0,511.0,0.0,0.0,1.0,0.0,0.0,255.0,20.0,0.08,0.25,0.0,0.0,0.0,0.0,1.0,123899.0
14.0,9.0,520.0,0.0,0.0,0.0,478.0,0.0,0.0,1.0,0.0,0.0,134.0,134.0,1.0,0.0,0.0,0.0,0.0,0.0,1.0,89810.0
14.0,9.0,1032.0,0.0,0.0,0.0,511.0,0.0,0.0,1.0,0.0,0.0,255.0,100.0,0.39,0.02,0.0,0.03,0.0,0.0,1.0,120867.0
14.0,9.0,1032.0,0.0,0.0,0.0,511.0,0.0,0.0,1.0,0.0,0.0,255.0,147.0,0.58,0.03,0.0,0.0,0.0,0.0,1.0,100451.0
51.0,9.0,11200.0,328.0,0.0,1.0,1.0,0.0,0.0,1.0,0.0,1.0,15.0,86.0,0.87,0.13,0.02,0.0,0.0,0.0,0.0,4690.0
14.0,9.0,520.0,0.0,0.0,0.0,121.0,0.0,0.0,1.0,0.0,0.0,255.0,255.0,1.0,0.0,0.0,0.0,0.0,0.0,1.0,100333.0
11.0,9.0,45.0,111.0,0.0,0.0,189.0,0.0,0.0,0.99,0.01,0.0,78.0,45.0,0.58,0.03,0.0,0.0,0.0,0.0,0.0,18729.0
14.0,9.0,1032.0,0.0,0.0,0.0,511.0,0.0,0.0,1.0,0.0,0.0,255.0,106.0,0.42,0.19,0.0,0.0,0.0,0.0,1.0,36808.0
14.0,9.0,520.0,0.0,0.0,0.0,451.0,0.0,0.0,1.0,0.0,0.0,203.0,203.0,1.0,0.0,0.0,0.0,0.0,0.0,1.0,49637.0
14.0,9.0,1032.0,0.0,0.0,0.0,511.0,0.0,0.0,1.0,0.0,0.0,255.0,192.0,0.75,0.15,0.0,0.0,0.0,0.0,1.0,118128.0
13.0,9.0,18.0,0.0,0.0,0.0,1.0,0.0,0.0,1.0,0.0,0.0,2.0,246.0,1.0,0.0,0.25,0.0,0.0,0.0,1.0,28050.0
14.0,9.0,1032.0,0.0,0.0,0.0,511.0,0.0,0.0,1.0,0.0,0.0,255.0,138.0,0.54,0.02,0.0,0.01,0.0,0.0,1.0,44433.0
11.0,9.0,130.0,44.0,0.0,0.0,236.0,0.0,0.0,1.0,0.01,0.0,125.0,92.0,0.74,0.02,0.0,0.0,0.0,0.0,0.0,9696.0
14.0,9.0,1032.0,0.0,0.0,0.0,511.0,0.0,0.0,1.0,0.0,0.0,255.0,17.0,0.07,0.18,0.0,0.0,0.0,0.0,1.0,43162.0
14.0,9.0,1032.0,0.0,0.0,0.0,511.0,0.0,0.0,1.0,0.0,0.0,255.0,20.0,0.08,0.18,0.0,0.0,0.0,0.0,1.0,7772.0
14.0,9.0,1032.0,0.0,0.0,0.0,332.0,0.0,0.0,1.0,0.0,0.0,255.0,255.0,1.0,0.0,0.0,0.0,0.0,0.0,1.0,60221.0
14.0,9.0,1032.0,0.0,0.0,0.0,393.0,0.0,0.0,1.0,0.0,0.0,237.0,143.0,0.6,0.03,0.0,0.01,0.0,0.0,1.0,116314.0
14.0,9.0,1032.0,0.0,0.0,0.0,403.0,0.0,0.0,1.0,0.0,0.0,255.0,255.0,1.0,0.0,0.0,0.0,0.0,0.0,1.0,59739.0
14.0,9.0,520.0,0.0,0.0,0.0,74.0,0.0,0.0,1.0,0.0,0.0,255.0,255.0,1.0,0.0,0.0,0.0,0.0,0.0,1.0,45368.0
14.0,9.0,1032.0,0.0,0.0,0.0,239.0,0.0,0.0,1.0,0.0,0.0,255.0,239.0,0.94,0.01,0.0,0.0,0.0,0.0,1.0,65737.0
14.0,9.0,1032.0,0.0,0.0,0.0,215.0,0.0,0.0,1.0,0.0,0.0,255.0,255.0,1.0,0.0,0.0,0.0,0.0,0.0,1.0,59296.0
14.0,9.0,1032.0,0.0,0.0,0.0,228.0,0.0,0.0,1.0,0.0,0.0,255.0,228.0,0.89,0.01,0.0,0.0,0.0,0.0,1.0,121670.0
14.0,9.0,1032.0,0.0,0.0,0.0,511.0,0.0,0.0,1.0,0.0,0.0,255.0,51.0,0.2,0.04,0.0,0.22,0.0,0.0,1.0,110272.0
14.0,9.0,1032.0,0.0,0.0,0.0,511.0,0.0,0.0,1.0,0.0,0.0,255.0,172.0,0.67,0.02,0.0,0.0,0.0,0.0,1.0,98344.0
14.0,9.0,1032.0,0.0,0.0,0.0,180.0,0.0,0.0,1.0,0.0,0.0,255.0,180.0,0.71,0.01,0.0,0.0,0.0,0.0,1.0,24480.0
14.0,9.0,520.0,0.0,0.0,0.0,449.0,0.0,0.0,1.0,0.0,0.0,172.0,172.0,1.0,0.0,0.0,0.0,0.0,0.0,1.0,94309.0
14.0,9.0,1032.0,0.0,0.0,0.0,511.0,0.0,0.0,1.0,0.0,0.0,255.0,167.0,0.65,0.02,0.0,0.0,0.0,0.0,1.0,116193.0
14.0,9.0,1032.0,0.0,0.0,0.0,511.0,0.0,0.0,1.0,0.0,0.0,255.0,212.0,0.83,0.1,0.0,0.0,0.0,0.0,1.0,1886.0
57.0,2.0,0.0,15.0,0.0,0.0,1.0,0.0,0.0,1.0,0.0,0.0,1.0,1.0,1.0,0.0,0.0,0.0,0.0,1.0,0.0,85698.0
14.0,9.0,1032.0,0.0,0.0,0.0,511.0,0.0,0.0,1.0,0.0,0.0,255.0,168.0,0.66,0.02,0.0,0.0,0.0,0.0,1.0,90465.0
14.0,9.0,1032.0,0.0,0.0,0.0,236.0,0.0,0.0,1.0,0.0,0.0,255.0,255.0,1.0,0.0,0.0,0.0,0.0,0.0,1.0,8073.0
14.0,9.0,1032.0,0.0,0.0,0.0,511.0,0.0,0.0,1.0,0.0,0.0,255.0,204.0,0.8,0.02,0.0,0.0,0.0,0.0,1.0,117760.0
14.0,9.0,520.0,0.0,0.0,0.0,444.0,0.0,0.0,1.0,0.0,0.0,162.0,162.0,1.0,0.0,0.0,0.0,0.0,0.0,1.0,113845.0
51.0,9.0,0.0,85.0,0.0,1.0,1.0,0.0,0.0,1.0,0.0,0.0,6.0,99.0,0.17,1.0,0.03,0.0,0.0,0.02,1.0,34409.0
19.0,9.0,334.0,0.0,0.0,1.0,2.0,0.0,0.0,1.0,0.0,0.0,4.0,16.0,1.0,0.0,0.12,0.0,0.0,0.0,1.0,71122.0
14.0,9.0,1032.0,0.0,0.0,0.0,12.0,0.0,0.0,1.0,0.0,0.0,255.0,255.0,1.0,0.0,0.0,0.0,0.0,0.0,1.0,48175.0
14.0,9.0,1032.0,0.0,0.0,0.0,511.0,0.0,0.0,1.0,0.0,0.0,255.0,187.0,0.73,0.01,0.0,0.0,0.0,0.0,1.0,54545.0
14.0,9.0,520.0,0.0,0.0,0.0,98.0,0.0,0.0,1.0,0.0,0.0,255.0,255.0,1.0,0.0,0.0,0.0,0.0,0.0,1.0,93727.0
63.0,5.0,0.0,0.0,0.0,0.0,1.0,1.0,1.0,1.0,0.0,0.0,255.0,1.0,0.0,0.08,0.0,1.0,1.0,0.0,1.0,9078.0
19.0,9.0,1139.0,0.0,0.0,1.0,1.0,0.0,0.0,1.0,0.0,1.0,255.0,65.0,0.25,0.02,0.0,0.95,0.94,0.0,0.0,13442.0
13.0,9.0,18.0,0.0,0.0,0.0,1.0,0.0,0.0,1.0,0.0,0.0,4.0,216.0,1.0,0.0,0.25,0.0,0.0,0.0,1.0,29472.0
14.0,9.0,1032.0,0.0,0.0,0.0,511.0,0.0,0.0,1.0,0.0,0.0,255.0,194.0,0.76,0.03,0.0,0.0,0.0,0.0,1.0,51177.0
14.0,9.0,1032.0,0.0,0.0,0.0,510.0,0.0,0.0,1.0,0.0,0.0,255.0,83.0,0.33,0.13,0.0,0.0,0.0,0.0,1.0,57140.0
19.0,9.0,334.0,0.0,0.0,1.0,1.0,0.0,0.0,1.0,0.0,0.0,25.0,1.0,0.04,0.08,0.0,0.0,0.0,0.0,1.0,90155.0
14.0,9.0,1032.0,0.0,0.0,0.0,511.0,0.0,0.0,1.0,0.0,0.0,255.0,129.0,0.51,0.01,0.0,0.0,0.0,0.0,1.0,49494.0
14.0,9.0,1032.0,0.0,0.0,0.0,510.0,0.0,0.0,1.0,0.0,0.0,255.0,43.0,0.17,0.18,0.0,0.0,0.0,0.0,1.0,34223.0
14.0,9.0,520.0,0.0,0.0,0.0,304.0,0.0,0.0,1.0,0.0,0.0,255.0,255.0,1.0,0.0,0.0,0.0,0.0,0.0,1.0,61463.0
14.0,9.0,1032.0,0.0,0.0,0.0,77.0,0.0,0.0,1.0,0.0,0.0,255.0,77.0,0.3,0.02,0.0,0.0,0.0,0.0,1.0,2893.0
14.0,9.0,1032.0,0.0,0.0,0.0,511.0,0.0,0.0,1.0,0.0,0.0,255.0,35.0,0.14,0.05,0.0,0.28,0.0,0.0,1.0,40415.0
14.0,9.0,1032.0,0.0,0.0,0.0,13.0,0.0,0.0,1.0,0.0,0.0,255.0,255.0,1.0,0.0,0.0,0.0,0.0,0.0,1.0,19064.0
14.0,9.0,1032.0,0.0,0.0,0.0,45.0,0.0,0.0,1.0,0.0,0.0,255.0,255.0,1.0,0.0,0.0,0.0,0.0,0.0,1.0,31616.0
12.0,4.0,0.0,0.0,0.0,0.0,1.0,0.0,0.0,1.0,0.0,0.0,105.0,1.0,0.01,0.1,0.0,0.0,0.0,1.0,1.0,39627.0
41.0,9.0,516.0,4.0,0.0,0.0,403.0,0.0,0.0,1.0,0.0,0.0,255.0,255.0,1.0,0.0,0.0,0.0,0.0,0.0,0.0,4947.0
14.0,9.0,1032.0,0.0,0.0,0.0,229.0,0.0,0.0,1.0,0.0,0.0,255.0,210.0,0.82,0.02,0.0,0.0,0.0,0.0,1.0,52113.0
14.0,9.0,1032.0,0.0,0.0,0.0,510.0,0.0,0.0,1.0,0.0,0.0,255.0,239.0,0.94,0.02,0.0,0.0,0.0,0.0,1.0,22445.0
14.0,9.0,1032.0,0.0,0.0,0.0,260.0,0.0,0.0,1.0,0.0,0.0,255.0,255.0,1.0,0.0,0.0,0.0,0.0,0.0,1.0,123602.0
14.0,9.0,1032.0,0.0,0.0,0.0,49.0,0.0,0.0,1.0,0.0,0.0,255.0,255.0,1.0,0.0,0.0,0.0,0.0,0.0,1.0,78941.0
19.0,9.0,334.0,0.0,0.0,1.0,1.0,0.0,0.0,1.0,0.0,0.0,14.0,46.0,0.93,0.14,0.11,0.0,0.0,0.0,1.0,5021.0
14.0,9.0,520.0,0.0,0.0,0.0,318.0,0.0,0.0,1.0,0.0,0.0,255.0,255.0,1.0,0.0,0.0,0.0,0.0,0.0,1.0,68148.0
14.0,9.0,1032.0,0.0,0.0,0.0,511.0,0.0,0.0,1.0,0.0,0.0,166.0,72.0,0.43,0.04,0.0,0.01,0.0,0.0,1.0,87999.0
14.0,9.0,1032.0,0.0,0.0,0.0,511.0,0.0,0.0,1.0,0.0,0.0,255.0,129.0,0.51,0.02,0.0,0.02,0.0,0.0,1.0,16389.0
14.0,9.0,1032.0,0.0,0.0,0.0,511.0,0.0,0.0,1.0,0.0,0.0,255.0,49.0,0.19,0.03,0.0,0.03,0.0,0.0,1.0,45201.0
14.0,9.0,1032.0,0.0,0.0,0.0,70.0,0.0,0.0,1.0,0.0,0.0,255.0,255.0,1.0,0.0,0.0,0.0,0.0,0.0,1.0,111244.0
19.0,9.0,373.0,0.0,0.0,1.0,9.0,0.0,0.0,1.0,0.0,0.0,16.0,15.0,0.94,0.12,0.0,0.0,0.0,0.0,0.0,60105.0
14.0,9.0,1032.0,0.0,0.0,0.0,67.0,0.0,0.0,1.0,0.0,0.0,255.0,255.0,1.0,0.0,0.0,0.0,0.0,0.0,1.0,27381.0
23.0,5.0,0.0,0.0,0.0,0.0,9.0,1.0,1.0,1.0,0.0,0.0,11.0,9.0,0.82,0.18,0.0,0.82,1.0,0.0,1.0,11037.0
14.0,9.0,1032.0,0.0,0.0,0.0,511.0,0.0,0.0,1.0,0.0,0.0,228.0,134.0,0.59,0.03,0.0,0.01,0.0,0.0,1.0,97382.0
19.0,9.0,965.0,0.0,0.0,0.0,22.0,0.05,0.03,1.0,0.0,0.06,255.0,88.0,0.35,0.03,0.0,0.0,0.01,0.0,0.0,13817.0
19.0,9.0,637.0,0.0,0.0,1.0,6.0,0.0,0.0,1.0,0.0,0.1,122.0,56.0,0.3,0.02,0.04,0.0,0.0,0.0,0.0,16479.0
57.0,5.0,0.0,0.0,0.0,0.0,1.0,1.0,1.0,1.0,0.0,0.0,255.0,55.0,0.22,0.02,0.0,1.0,1.0,0.0,1.0,83628.0
13.0,9.0,18.0,0.0,0.0,0.0,1.0,0.0,0.0,1.0,0.0,0.0,1.0,243.0,1.0,0.0,1.0,0.0,0.0,0.0,1.0,45536.0
14.0,9.0,1032.0,0.0,0.0,0.0,511.0,0.0,0.0,1.0,0.0,0.0,255.0,23.0,0.09,0.13,0.0,0.13,0.0,0.0,1.0,52957.0
14.0,9.0,1032.0,0.0,0.0,0.0,511.0,0.0,0.0,1.0,0.0,0.0,255.0,155.0,0.61,0.17,0.0,0.0,0.0,0.0,1.0,53857.0
14.0,9.0,1032.0,0.0,0.0,0.0,491.0,0.0,0.0,1.0,0.0,0.0,255.0,255.0,1.0,0.0,0.0,0.0,0.0,0.0,1.0,115428.0
14.0,9.0,520.0,0.0,0.0,0.0,486.0,0.0,0.0,1.0,0.0,0.0,66.0,66.0,1.0,0.0,0.0,0.0,0.0,0.0,1.0,39644.0
14.0,9.0,520.0,0.0,0.0,0.0,360.0,0.0,0.0,1.0,0.0,0.0,255.0,255.0,1.0,0.0,0.0,0.0,0.0,0.0,1.0,60412.0
14.0,9.0,1032.0,0.0,0.0,0.0,511.0,0.0,0.0,1.0,0.0,0.0,255.0,134.0,0.53,0.01,0.0,0.0,0.0,0.0,1.0,78567.0
14.0,9.0,1032.0,0.0,0.0,0.0,511.0,0.0,0.0,1.0,0.0,0.0,255.0,222.0,0.87,0.01,0.0,0.0,0.0,0.0,1.0,12978.0
14.0,9.0,1032.0,0.0,0.0,0.0,511.0,0.0,0.0,1.0,0.0,0.0,255.0,4.0,0.02,0.05,0.0,0.4,0.0,0.0,1.0,36157.0
14.0,9.0,520.0,0.0,0.0,0.0,459.0,0.0,0.0,1.0,0.0,0.0,245.0,245.0,1.0,0.0,0.0,0.0,0.0,0.0,1.0,6231.0
13.0,9.0,18.0,0.0,0.0,0.0,1.0,0.0,0.0,1.0,0.0,0.0,4.0,252.0,1.0,0.0,0.25,0.0,0.0,0.0,1.0,75742.0
14.0,9.0,1032.0,0.0,0.0,0.0,209.0,0.0,0.0,1.0,0.0,0.0,255.0,209.0,0.82,0.01,0.0,0.0,0.0,0.0,1.0,77297.0
14.0,9.0,1032.0,0.0,0.0,0.0,507.0,0.0,0.0,1.0,0.0,0.0,255.0,159.0,0.62,0.03,0.0,0.0,0.0,0.0,1.0,62767.0
14.0,9.0,1032.0,0.0,0.0,0.0,40.0,0.0,0.0,1.0,0.0,0.0,255.0,255.0,1.0,0.0,0.0,0.0,0.0,0.0,1.0,67375.0
19.0,9.0,383.0,0.0,0.0,1.0,1.0,0.0,0.0,1.0,0.0,0.0,34.0,51.0,0.21,0.15,0.04,0.0,0.0,0.0,0.0,110829.0
46.0,0.0,0.0,0.0,0.0,0.0,1.0,0.0,0.0,1.0,0.0,0.0,168.0,1.0,0.01,0.71,0.0,0.04,0.0,0.0,1.0,106203.0
19.0,9.0,334.0,0.0,0.0,1.0,1.0,0.0,0.0,1.0,0.0,0.0,3.0,17.0,1.0,0.0,0.18,0.0,0.0,0.0,1.0,80267.0
23.0,5.0,0.0,0.0,0.0,0.0,4.0,1.0,1.0,1.0,0.0,0.0,6.0,4.0,0.67,0.33,0.0,0.67,1.0,0.0,1.0,1749.0
19.0,9.0,334.0,0.0,0.0,1.0,1.0,0.0,0.0,1.0,0.0,0.0,4.0,4.0,1.0,0.0,0.0,0.0,0.0,0.0,1.0,21356.0
13.0,9.0,18.0,0.0,0.0,0.0,1.0,0.0,0.0,1.0,0.0,0.0,1.0,234.0,1.0,0.0,1.0,0.0,0.0,0.0,1.0,10337.0
19.0,9.0,334.0,0.0,0.0,1.0,1.0,0.0,0.0,1.0,0.0,0.0,6.0,31.0,1.0,0.0,0.16,0.0,0.0,0.0,1.0,62254.0
13.0,9.0,18.0,0.0,0.0,0.0,1.0,0.0,0.0,1.0,0.0,0.0,2.0,222.0,1.0,0.0,0.25,0.0,0.0,0.0,1.0,79248.0
19.0,9.0,334.0,0.0,0.0,1.0,2.0,0.0,0.0,1.0,0.0,0.0,2.0,14.0,1.0,0.0,0.14,0.0,0.0,0.0,1.0,118570.0
19.0,9.0,334.0,0.0,0.0,1.0,2.0,0.0,0.0,1.0,0.0,0.0,2.0,2.0,1.0,0.0,0.0,0.0,0.0,0.0,1.0,56279.0
14.0,9.0,1032.0,0.0,0.0,0.0,511.0,0.0,0.0,1.0,0.0,0.0,255.0,163.0,0.64,0.03,0.0,0.0,0.0,0.0,1.0,52185.0
14.0,9.0,1032.0,0.0,0.0,0.0,511.0,0.0,0.0,1.0,0.0,0.0,108.0,14.0,0.13,0.06,0.0,0.02,0.0,0.0,1.0,81666.0
19.0,9.0,334.0,0.0,0.0,1.0,2.0,0.0,0.0,1.0,0.0,0.0,2.0,12.0,1.0,0.0,0.33,0.0,0.0,0.0,1.0,52268.0
41.0,9.0,516.0,4.0,0.0,0.0,445.0,0.0,0.0,1.0,0.0,0.0,255.0,255.0,1.0,0.0,0.0,0.0,0.0,0.0,0.0,47046.0
14.0,9.0,1032.0,0.0,0.0,0.0,511.0,0.0,0.0,1.0,0.0,0.0,255.0,165.0,0.65,0.01,0.0,0.0,0.0,0.0,1.0,40097.0
19.0,9.0,334.0,0.0,0.0,1.0,1.0,0.0,0.0,1.0,0.0,0.0,10.0,22.0,1.0,0.0,0.18,0.0,0.0,0.0,1.0,38969.0
13.0,9.0,18.0,0.0,0.0,0.0,1.0,0.0,0.0,1.0,0.0,0.0,2.0,255.0,1.0,0.0,0.25,0.0,0.0,0.0,1.0,77776.0
14.0,9.0,1032.0,0.0,0.0,0.0,511.0,0.0,0.0,1.0,0.0,0.0,255.0,140.0,0.55,0.04,0.0,0.0,0.0,0.0,1.0,114367.0
14.0,9.0,1032.0,0.0,0.0,0.0,510.0,0.0,0.0,1.0,0.0,0.0,255.0,88.0,0.35,0.11,0.0,0.0,0.0,0.0,1.0,61922.0
19.0,9.0,334.0,0.0,0.0,1.0,2.0,0.0,0.0,1.0,0.0,0.0,6.0,17.0,1.0,0.0,0.12,0.0,0.0,0.0,1.0,107641.0
57.0,5.0,0.0,0.0,0.0,0.0,1.0,1.0,1.0,1.0,0.0,0.0,27.0,2.0,0.07,0.11,0.0,0.04,0.5,0.0,0.0,13156.0
14.0,9.0,1032.0,0.0,0.0,0.0,511.0,0.0,0.0,1.0,0.0,0.0,248.0,154.0,0.62,0.03,0.0,0.01,0.0,0.0,1.0,60263.0
19.0,9.0,1139.0,0.0,0.0,1.0,2.0,0.0,0.0,1.0,0.0,0.67,255.0,63.0,0.25,0.05,0.0,0.26,0.0,0.0,0.0,54472.0
19.0,9.0,1199.0,0.0,0.0,1.0,6.0,0.0,0.0,1.0,0.0,0.0,255.0,114.0,0.45,0.02,0.0,0.0,0.0,0.0,0.0,55978.0
57.0,2.0,0.0,0.0,0.0,0.0,1.0,0.0,0.0,1.0,0.0,0.0,73.0,6.0,0.08,0.07,0.0,0.0,0.0,0.17,0.0,48789.0
13.0,9.0,18.0,0.0,0.0,0.0,1.0,0.0,0.0,1.0,0.0,0.0,1.0,195.0,1.0,0.0,1.0,0.0,0.0,0.0,1.0,33260.0
14.0,9.0,1032.0,0.0,0.0,0.0,511.0,0.0,0.0,1.0,0.0,0.0,255.0,197.0,0.77,0.01,0.0,0.0,0.0,0.0,1.0,102988.0
57.0,2.0,0.0,15.0,0.0,0.0,1.0,0.0,0.0,1.0,0.0,0.0,53.0,2.0,0.02,0.09,1.0,0.0,0.0,0.5,0.0,25926.0
41.0,9.0,516.0,4.0,0.0,0.0,461.0,0.0,0.0,1.0,0.0,0.0,255.0,255.0,1.0,0.0,0.0,0.0,0.0,0.0,0.0,120402.0
14.0,9.0,520.0,0.0,0.0,0.0,481.0,0.0,0.0,1.0,0.0,0.0,59.0,59.0,1.0,0.0,0.0,0.0,0.0,0.0,1.0,76710.0
14.0,9.0,1032.0,0.0,0.0,0.0,511.0,0.0,0.0,1.0,0.0,0.0,255.0,236.0,0.93,0.02,0.0,0.0,0.0,0.0,1.0,38052.0
14.0,9.0,1032.0,0.0,0.0,0.0,511.0,0.0,0.0,1.0,0.0,0.0,255.0,17.0,0.07,0.16,0.0,0.15,0.0,0.0,1.0,71519.0
