duration,protocol_type,service,flag,src_bytes,dst_bytes,land,wrong_fragment,urgent,hot,num_failed_logins,logged_in,num_compromised,root_shell,su_attempted,num_root,num_file_creations,num_shells,num_access_files,num_outbound_cmds,is_host_login,is_guest_login,count,srv_count,serror_rate,srv_serror_rate,rerror_rate,srv_rerror_rate,same_srv_rate,diff_srv_rate,srv_diff_host_rate,dst_host_count,dst_host_srv_count,dst_host_same_srv_rate,dst_host_diff_srv_rate,dst_host_same_src_port_rate,dst_host_srv_diff_host_rate,dst_host_serror_rate,dst_host_srv_serror_rate,dst_host_rerror_rate,dst_host_srv_rerror_rate,classe,posicaoOriginal
0.0,1.0,19.0,9.0,607.0,0.0,0.0,0.0,0.0,0.0,0.0,1.0,0.0,0.0,0.0,0.0,0.0,0.0,0.0,0.0,0.0,0.0,2.0,2.0,0.0,0.0,0.0,0.0,1.0,0.0,0.0,38.0,94.0,0.76,0.05,0.76,0.02,0.03,0.01,0.0,0.0,0.0,25680.0
0.0,1.0,22.0,2.0,164.0,0.0,0.0,0.0,0.0,5.0,0.0,1.0,0.0,0.0,0.0,0.0,0.0,0.0,0.0,0.0,0.0,0.0,1.0,1.0,0.0,0.0,1.0,1.0,1.0,0.0,0.0,255.0,255.0,1.0,0.0,0.0,0.0,0.0,0.0,0.01,0.01,0.0,111080.0
0.0,1.0,19.0,9.0,259.0,0.0,0.0,0.0,0.0,0.0,0.0,1.0,0.0,0.0,0.0,1.0,0.0,0.0,0.0,0.0,0.0,0.0,2.0,2.0,0.0,0.0,0.0,0.0,1.0,0.0,0.0,217.0,110.0,0.4,0.02,0.4,0.02,0.0,0.0,0.0,0.0,0.0,100621.0
0.0,1.0,19.0,9.0,245.0,0.0,0.0,0.0,0.0,0.0,0.0,1.0,0.0,0.0,0.0,1.0,0.0,0.0,0.0,0.0,0.0,0.0,2.0,2.0,0.0,0.0,0.0,0.0,1.0,0.0,0.0,255.0,2.0,0.01,0.62,0.01,0.0,0.0,0.0,0.0,0.0,0.0,71193.0
0.0,1.0,19.0,9.0,203.0,0.0,0.0,0.0,0.0,0.0,0.0,0.0,0.0,0.0,0.0,0.0,0.0,0.0,0.0,0.0,0.0,0.0,2.0,2.0,0.0,0.0,0.0,0.0,1.0,0.0,0.0,255.0,96.0,0.38,0.04,0.38,0.0,0.0,0.01,0.01,0.0,0.0,99113.0
0.0,1.0,19.0,9.0,641.0,0.0,0.0,0.0,0.0,0.0,0.0,0.0,0.0,0.0,0.0,0.0,0.0,0.0,0.0,0.0,0.0,0.0,1.0,1.0,0.0,0.0,0.0,0.0,1.0,0.0,0.0,164.0,23.0,0.12,0.04,0.12,0.09,0.0,0.0,0.0,0.0,0.0,13171.0
0.0,1.0,19.0,9.0,276.0,0.0,0.0,0.0,0.0,0.0,0.0,1.0,0.0,0.0,0.0,0.0,0.0,0.0,0.0,0.0,0.0,0.0,1.0,1.0,0.0,0.0,0.0,0.0,1.0,0.0,0.0,27.0,67.0,0.78,0.11,0.78,0.03,0.0,0.0,0.0,0.0,0.0,29408.0
0.0,0.0,14.0,9.0,1032.0,0.0,0.0,0.0,0.0,0.0,0.0,0.0,0.0,0.0,0.0,0.0,0.0,0.0,0.0,0.0,0.0,0.0,17.0,17.0,0.0,0.0,0.0,0.0,1.0,0.0,0.0,162.0,68.0,0.42,0.04,0.42,0.0,0.01,0.0,0.39,0.0,1.0,58365.0
0.0,1.0,19.0,9.0,334.0,0.0,0.0,0.0,0.0,0.0,0.0,1.0,0.0,0.0,0.0,0.0,0.0,0.0,0.0,0.0,0.0,0.0,1.0,1.0,0.0,0.0,0.0,0.0,1.0,0.0,0.0,5.0,15.0,1.0,0.0,1.0,0.27,0.0,0.0,0.0,0.0,1.0,72407.0
0.0,1.0,22.0,7.0,174.0,0.0,0.0,0.0,0.0,2.0,0.0,1.0,0.0,0.0,0.0,0.0,0.0,0.0,0.0,0.0,0.0,0.0,1.0,1.0,1.0,1.0,0.0,0.0,1.0,0.0,0.0,52.0,255.0,1.0,0.0,0.02,0.02,0.02,0.0,0.0,0.0,0.0,71754.0
0.0,1.0,22.0,7.0,237.0,0.0,0.0,0.0,0.0,1.0,0.0,1.0,0.0,0.0,0.0,0.0,0.0,0.0,0.0,0.0,0.0,0.0,2.0,2.0,0.5,0.5,0.0,0.0,1.0,0.0,0.0,2.0,252.0,1.0,0.0,0.5,0.08,0.5,0.01,0.0,0.0,0.0,70017.0
0.0,1.0,19.0,9.0,245.0,0.0,0.0,0.0,0.0,0.0,0.0,0.0,0.0,0.0,0.0,0.0,0.0,0.0,0.0,0.0,0.0,0.0,3.0,2.0,0.0,0.0,0.0,0.0,0.67,0.67,0.0,214.0,66.0,0.17,0.03,0.17,0.03,0.0,0.0,0.0,0.0,0.0,9316.0
0.0,0.0,13.0,9.0,30.0,0.0,0.0,0.0,0.0,0.0,0.0,0.0,0.0,0.0,0.0,0.0,0.0,0.0,0.0,0.0,0.0,0.0,2.0,2.0,0.0,0.0,0.0,0.0,1.0,0.0,0.0,227.0,227.0,1.0,0.0,1.0,0.0,0.0,0.0,0.0,0.0,0.0,24071.0
0.0,1.0,55.0,6.0,0.0,0.0,0.0,0.0,0.0,1.0,0.0,0.0,0.0,0.0,0.0,0.0,0.0,0.0,0.0,0.0,0.0,0.0,1.0,1.0,1.0,1.0,0.0,0.0,1.0,0.0,0.0,253.0,3.0,0.01,0.08,0.0,0.0,0.01,0.33,0.0,0.0,0.0,30621.0
0.0,1.0,19.0,9.0,1214.0,0.0,0.0,0.0,0.0,0.0,0.0,0.0,0.0,0.0,0.0,0.0,0.0,0.0,0.0,0.0,0.0,0.0,13.0,13.0,0.0,0.0,0.0,0.0,1.0,0.0,0.0,255.0,133.0,0.52,0.01,0.52,0.0,0.0,0.01,0.0,0.0,0.0,74692.0
0.0,0.0,14.0,9.0,1480.0,0.0,0.0,1.0,0.0,0.0,0.0,0.0,0.0,0.0,0.0,0.0,0.0,0.0,0.0,0.0,0.0,0.0,1.0,3.0,0.0,0.0,0.0,0.0,1.0,0.0,0.67,3.0,151.0,1.0,0.0,1.0,0.13,0.0,0.0,0.0,0.0,1.0,115070.0
0.0,1.0,19.0,9.0,383.0,0.0,0.0,0.0,0.0,0.0,0.0,1.0,0.0,0.0,0.0,0.0,0.0,0.0,0.0,0.0,0.0,0.0,1.0,1.0,0.0,0.0,0.0,0.0,1.0,0.0,0.0,47.0,26.0,0.06,0.13,0.06,0.08,0.0,0.0,0.0,0.0,0.0,99699.0
11.0,1.0,49.0,9.0,5235.0,329.0,0.0,0.0,0.0,0.0,0.0,1.0,0.0,0.0,0.0,0.0,0.0,0.0,0.0,0.0,0.0,0.0,1.0,3.0,0.0,0.0,0.0,0.0,1.0,0.0,1.0,129.0,100.0,0.78,0.03,0.01,0.0,0.0,0.0,0.0,0.0,0.0,9483.0
0.0,1.0,19.0,9.0,1139.0,0.0,0.0,0.0,0.0,0.0,0.0,1.0,0.0,0.0,0.0,0.0,0.0,0.0,0.0,0.0,0.0,0.0,2.0,3.0,0.0,0.0,0.0,0.0,1.0,0.0,0.67,255.0,63.0,0.25,0.05,0.25,0.0,0.26,0.0,0.02,0.0,0.0,54472.0
0.0,1.0,49.0,9.0,1010.0,387.0,0.0,0.0,0.0,0.0,0.0,1.0,0.0,0.0,0.0,0.0,0.0,0.0,0.0,0.0,0.0,0.0,1.0,1.0,0.0,0.0,0.0,0.0,1.0,0.0,0.0,255.0,39.0,0.15,0.02,0.0,0.0,0.77,0.0,0.0,0.0,0.0,46386.0
0.0,0.0,14.0,9.0,1480.0,0.0,0.0,1.0,0.0,0.0,0.0,0.0,0.0,0.0,0.0,0.0,0.0,0.0,0.0,0.0,0.0,0.0,9.0,9.0,0.0,0.0,0.0,0.0,1.0,0.0,0.0,255.0,10.0,0.04,0.08,0.04,0.0,0.58,0.0,0.01,0.0,1.0,63437.0
0.0,1.0,19.0,9.0,884.0,0.0,0.0,0.0,0.0,0.0,0.0,0.0,0.0,0.0,0.0,0.0,0.0,0.0,0.0,0.0,0.0,0.0,2.0,2.0,0.0,0.0,0.0,0.0,1.0,0.0,0.0,183.0,27.0,0.1,0.02,0.1,0.07,0.01,0.0,0.0,0.0,0.0,55423.0
0.0,1.0,19.0,9.0,373.0,0.0,0.0,0.0,0.0,0.0,0.0,1.0,0.0,0.0,0.0,0.0,0.0,0.0,0.0,0.0,0.0,0.0,1.0,1.0,0.0,0.0,0.0,0.0,1.0,0.0,0.0,188.0,72.0,0.29,0.04,0.29,0.03,0.02,0.01,0.0,0.0,0.0,108163.0
0.0,1.0,19.0,9.0,201.0,0.0,0.0,0.0,0.0,0.0,0.0,0.0,0.0,0.0,0.0,0.0,0.0,0.0,0.0,0.0,0.0,0.0,1.0,1.0,0.0,0.0,0.0,0.0,1.0,0.0,0.0,91.0,37.0,0.41,0.05,0.41,0.0,0.0,0.0,0.0,0.0,0.0,103300.0
1.0,1.0,49.0,9.0,2679.0,325.0,0.0,0.0,0.0,0.0,0.0,1.0,0.0,0.0,0.0,0.0,0.0,0.0,0.0,0.0,0.0,0.0,1.0,3.0,0.0,0.0,0.0,0.0,1.0,0.0,1.0,139.0,154.0,0.45,0.04,0.01,0.01,0.0,0.0,0.0,0.0,0.0,60786.0
4.0,1.0,19.0,9.0,832.0,0.0,0.0,0.0,0.0,0.0,0.0,1.0,0.0,0.0,0.0,0.0,0.0,0.0,0.0,0.0,0.0,0.0,1.0,1.0,0.0,0.0,0.0,0.0,1.0,0.0,0.0,3.0,38.0,1.0,0.0,1.0,0.16,0.0,0.03,0.0,0.0,1.0,110542.0
0.0,1.0,19.0,9.0,383.0,0.0,0.0,0.0,0.0,0.0,0.0,0.0,0.0,0.0,0.0,0.0,0.0,0.0,0.0,0.0,0.0,0.0,2.0,2.0,0.0,0.0,0.0,0.0,1.0,0.0,0.0,30.0,45.0,0.9,0.07,0.9,0.04,0.0,0.0,0.0,0.0,0.0,116224.0
1.0,1.0,49.0,9.0,828.0,388.0,0.0,0.0,0.0,0.0,0.0,1.0,0.0,0.0,0.0,0.0,0.0,0.0,0.0,0.0,0.0,0.0,1.0,1.0,0.0,0.0,0.0,0.0,1.0,0.0,0.0,255.0,39.0,0.15,0.71,0.0,0.0,0.7,0.0,0.0,0.0,0.0,58115.0
0.0,1.0,19.0,9.0,192.0,0.0,0.0,0.0,0.0,0.0,0.0,1.0,0.0,0.0,0.0,0.0,0.0,0.0,0.0,0.0,0.0,0.0,2.0,2.0,0.0,0.0,0.0,0.0,1.0,0.0,0.0,255.0,4.0,0.02,0.02,0.02,0.0,0.0,0.0,0.84,0.0,0.0,28926.0
0.0,1.0,19.0,9.0,852.0,0.0,0.0,0.0,0.0,0.0,0.0,0.0,0.0,0.0,0.0,0.0,0.0,0.0,0.0,0.0,0.0,0.0,12.0,12.0,0.0,0.0,0.0,0.0,1.0,0.0,0.0,46.0,78.0,0.39,0.04,0.39,0.03,0.0,0.0,0.0,0.0,0.0,108085.0
0.0,0.0,13.0,9.0,30.0,0.0,0.0,0.0,0.0,0.0,0.0,0.0,0.0,0.0,0.0,0.0,0.0,0.0,0.0,0.0,0.0,0.0,1.0,1.0,0.0,0.0,0.0,0.0,1.0,0.0,0.0,237.0,237.0,1.0,0.0,1.0,0.0,0.0,0.0,0.0,0.0,0.0,121224.0
0.0,1.0,19.0,9.0,2191.0,0.0,0.0,0.0,0.0,0.0,0.0,1.0,0.0,0.0,0.0,0.0,0.0,0.0,0.0,0.0,0.0,0.0,5.0,5.0,0.0,0.0,0.0,0.0,1.0,0.0,0.0,255.0,102.0,0.4,0.03,0.4,0.0,0.0,0.0,0.0,0.0,0.0,101533.0
0.0,2.0,45.0,9.0,215.0,0.0,0.0,0.0,0.0,0.0,0.0,0.0,0.0,0.0,0.0,0.0,0.0,0.0,0.0,0.0,0.0,0.0,1.0,1.0,0.0,0.0,0.0,0.0,1.0,0.0,0.0,205.0,173.0,0.84,0.01,0.84,0.0,0.0,0.0,0.0,0.0,1.0,119716.0
0.0,1.0,19.0,9.0,334.0,0.0,0.0,0.0,0.0,0.0,0.0,1.0,0.0,0.0,0.0,0.0,0.0,0.0,0.0,0.0,0.0,0.0,1.0,1.0,0.0,0.0,0.0,0.0,1.0,0.0,0.0,3.0,3.0,1.0,0.0,1.0,0.0,0.0,0.0,0.0,0.0,1.0,110984.0
0.0,0.0,14.0,9.0,1480.0,0.0,0.0,1.0,0.0,0.0,0.0,0.0,0.0,0.0,0.0,0.0,0.0,0.0,0.0,0.0,0.0,0.0,1.0,1.0,0.0,0.0,0.0,0.0,1.0,0.0,0.0,255.0,1.0,0.0,0.02,0.0,0.0,0.0,0.0,0.0,0.0,1.0,100067.0
0.0,1.0,19.0,9.0,245.0,0.0,0.0,0.0,0.0,0.0,0.0,1.0,0.0,0.0,0.0,1.0,0.0,0.0,0.0,0.0,0.0,0.0,2.0,2.0,0.0,0.0,0.0,0.0,1.0,0.0,0.0,36.0,2.0,0.06,0.17,0.06,0.0,0.0,0.0,0.0,0.0,0.0,51226.0
0.0,1.0,19.0,9.0,3690.0,0.0,0.0,0.0,0.0,0.0,0.0,0.0,0.0,0.0,0.0,0.0,0.0,0.0,0.0,0.0,0.0,0.0,4.0,4.0,0.0,0.0,0.0,0.0,1.0,0.0,0.0,255.0,112.0,0.44,0.03,0.44,0.0,0.0,0.0,0.0,0.0,0.0,48828.0
0.0,0.0,14.0,9.0,1032.0,0.0,0.0,0.0,0.0,0.0,0.0,0.0,0.0,0.0,0.0,0.0,0.0,0.0,0.0,0.0,0.0,0.0,44.0,44.0,0.0,0.0,0.0,0.0,1.0,0.0,0.0,255.0,255.0,1.0,0.0,1.0,0.0,0.0,0.0,0.0,0.0,1.0,53092.0
0.0,1.0,19.0,9.0,192.0,0.0,0.0,0.0,0.0,0.0,0.0,1.0,0.0,0.0,0.0,0.0,0.0,0.0,0.0,0.0,0.0,0.0,2.0,2.0,0.0,0.0,0.0,0.0,1.0,0.0,0.0,76.0,12.0,0.11,0.07,0.11,0.17,0.0,0.0,0.0,0.0,0.0,125430.0
0.0,1.0,19.0,9.0,1199.0,0.0,0.0,0.0,0.0,0.0,0.0,1.0,0.0,0.0,0.0,0.0,0.0,0.0,0.0,0.0,0.0,0.0,2.0,2.0,0.0,0.0,0.0,0.0,1.0,0.0,0.0,116.0,49.0,0.32,0.03,0.32,0.04,0.0,0.0,0.0,0.0,0.0,121956.0
0.0,1.0,19.0,9.0,252.0,0.0,0.0,0.0,0.0,0.0,0.0,1.0,0.0,0.0,0.0,0.0,0.0,0.0,0.0,0.0,0.0,0.0,4.0,2.0,0.0,0.0,0.0,0.0,0.5,0.5,0.0,171.0,31.0,0.1,0.04,0.1,0.06,0.0,0.0,0.0,0.0,0.0,75874.0
0.0,1.0,19.0,9.0,852.0,0.0,0.0,0.0,0.0,0.0,0.0,1.0,0.0,0.0,0.0,0.0,0.0,0.0,0.0,0.0,0.0,0.0,8.0,8.0,0.0,0.0,0.0,0.0,1.0,0.0,0.0,255.0,141.0,0.55,0.02,0.55,0.0,0.0,0.0,0.0,0.0,0.0,118449.0
0.0,0.0,14.0,9.0,1032.0,0.0,0.0,0.0,0.0,0.0,0.0,0.0,0.0,0.0,0.0,0.0,0.0,0.0,0.0,0.0,0.0,0.0,28.0,28.0,0.0,0.0,0.0,0.0,1.0,0.0,0.0,255.0,255.0,1.0,0.0,1.0,0.0,0.0,0.0,0.0,0.0,1.0,80470.0
0.0,1.0,19.0,9.0,637.0,0.0,0.0,0.0,0.0,0.0,0.0,1.0,0.0,0.0,0.0,0.0,0.0,0.0,0.0,0.0,0.0,0.0,6.0,6.0,0.0,0.0,0.0,0.0,1.0,0.0,0.0,122.0,75.0,0.41,0.02,0.41,0.03,0.0,0.0,0.0,0.0,0.0,125419.0
0.0,1.0,19.0,9.0,1874.0,0.0,0.0,0.0,0.0,0.0,0.0,1.0,0.0,0.0,0.0,0.0,0.0,0.0,0.0,0.0,0.0,0.0,2.0,2.0,0.0,0.0,0.0,0.0,1.0,0.0,0.0,244.0,63.0,0.23,0.02,0.23,0.03,0.0,0.0,0.03,0.0,0.0,22142.0
0.0,1.0,17.0,2.0,0.0,0.0,0.0,0.0,0.0,0.0,0.0,0.0,0.0,0.0,0.0,0.0,0.0,0.0,0.0,0.0,0.0,0.0,1.0,1.0,0.0,0.0,1.0,1.0,1.0,0.0,0.0,94.0,3.0,0.03,0.05,0.01,0.0,0.0,0.0,0.02,0.33,0.0,100436.0
0.0,1.0,19.0,9.0,334.0,0.0,0.0,0.0,0.0,0.0,0.0,1.0,0.0,0.0,0.0,0.0,0.0,0.0,0.0,0.0,0.0,0.0,2.0,2.0,0.0,0.0,0.0,0.0,1.0,0.0,0.0,16.0,49.0,1.0,0.0,1.0,0.14,0.0,0.0,0.0,0.0,1.0,73041.0
0.0,1.0,22.0,5.0,0.0,0.0,0.0,0.0,0.0,0.0,0.0,0.0,0.0,0.0,0.0,0.0,0.0,0.0,0.0,0.0,0.0,0.0,3.0,3.0,0.33,0.33,0.0,0.0,1.0,0.0,0.0,3.0,13.0,1.0,0.0,0.67,0.23,0.33,0.08,0.0,0.0,0.0,101066.0
0.0,1.0,19.0,9.0,641.0,0.0,0.0,0.0,0.0,0.0,0.0,0.0,0.0,0.0,0.0,0.0,0.0,0.0,0.0,0.0,0.0,0.0,2.0,2.0,0.0,0.0,0.0,0.0,1.0,0.0,0.0,45.0,75.0,0.11,0.09,0.11,0.03,0.0,0.0,0.02,0.0,0.0,17230.0
0.0,1.0,49.0,9.0,584.0,327.0,0.0,0.0,0.0,0.0,0.0,1.0,0.0,0.0,0.0,0.0,0.0,0.0,0.0,0.0,0.0,0.0,1.0,1.0,0.0,0.0,0.0,0.0,1.0,0.0,0.0,255.0,26.0,0.1,0.53,0.0,0.0,0.0,0.0,0.0,0.0,0.0,7757.0
0.0,1.0,19.0,9.0,749.0,0.0,0.0,0.0,0.0,0.0,0.0,0.0,0.0,0.0,0.0,0.0,0.0,0.0,0.0,0.0,0.0,0.0,1.0,1.0,0.0,0.0,0.0,0.0,1.0,0.0,0.0,54.0,7.0,0.13,0.07,0.13,0.0,0.0,0.0,0.0,0.0,0.0,97111.0
35.0,1.0,19.0,9.0,245.0,0.0,0.0,0.0,0.0,0.0,0.0,1.0,0.0,0.0,0.0,1.0,0.0,0.0,0.0,0.0,0.0,0.0,1.0,1.0,0.0,0.0,0.0,0.0,1.0,0.0,0.0,255.0,2.0,0.01,0.53,0.01,0.0,0.0,0.0,0.0,0.0,0.0,39016.0
0.0,1.0,19.0,9.0,1339.0,0.0,0.0,0.0,0.0,0.0,0.0,1.0,0.0,0.0,0.0,0.0,0.0,0.0,0.0,0.0,0.0,0.0,1.0,1.0,0.0,0.0,0.0,0.0,1.0,0.0,0.0,255.0,141.0,0.55,0.02,0.55,0.0,0.0,0.0,0.0,0.0,0.0,118049.0
1.0,1.0,49.0,9.0,5279.0,325.0,0.0,0.0,0.0,0.0,0.0,1.0,0.0,0.0,0.0,0.0,0.0,0.0,0.0,0.0,0.0,0.0,1.0,3.0,0.0,0.0,0.0,0.0,1.0,0.0,1.0,113.0,212.0,0.65,0.03,0.01,0.01,0.0,0.0,0.0,0.0,0.0,29074.0
0.0,1.0,19.0,9.0,245.0,0.0,0.0,0.0,0.0,0.0,0.0,1.0,0.0,0.0,0.0,1.0,0.0,0.0,0.0,0.0,0.0,0.0,2.0,2.0,0.0,0.0,0.0,0.0,1.0,0.0,0.0,255.0,2.0,0.01,0.52,0.01,0.0,0.0,0.0,0.0,0.0,0.0,45433.0
0.0,1.0,19.0,9.0,641.0,0.0,0.0,0.0,0.0,0.0,0.0,1.0,0.0,0.0,0.0,0.0,0.0,0.0,0.0,0.0,0.0,0.0,2.0,2.0,0.0,0.0,0.0,0.0,1.0,0.0,0.0,255.0,118.0,0.46,0.04,0.47,0.0,0.0,0.0,0.0,0.0,0.0,12565.0
0.0,1.0,19.0,9.0,192.0,0.0,0.0,0.0,0.0,0.0,0.0,0.0,0.0,0.0,0.0,0.0,0.0,0.0,0.0,0.0,0.0,0.0,2.0,2.0,0.0,0.0,0.0,0.0,1.0,0.0,0.0,71.0,41.0,0.06,0.07,0.06,0.05,0.0,0.0,0.0,0.0,0.0,33326.0
0.0,1.0,22.0,4.0,53452.0,2920.0,0.0,0.0,0.0,1.0,0.0,1.0,0.0,0.0,0.0,0.0,0.0,0.0,0.0,0.0,0.0,0.0,3.0,3.0,0.0,0.0,0.33,0.33,1.0,0.0,0.0,112.0,112.0,1.0,0.0,0.01,0.0,0.0,0.0,0.02,0.02,1.0,38892.0
0.0,1.0,19.0,9.0,768.0,0.0,0.0,0.0,0.0,0.0,0.0,1.0,0.0,0.0,0.0,0.0,0.0,0.0,0.0,0.0,0.0,0.0,9.0,9.0,0.0,0.0,0.0,0.0,1.0,0.0,0.0,68.0,84.0,0.57,0.04,0.57,0.02,0.0,0.0,0.0,0.0,0.0,50226.0
0.0,2.0,41.0,9.0,115.0,34.0,0.0,0.0,0.0,0.0,0.0,0.0,0.0,0.0,0.0,0.0,0.0,0.0,0.0,0.0,0.0,0.0,2.0,1.0,0.0,0.0,0.5,0.0,0.5,1.0,0.0,164.0,5.0,0.03,0.02,0.79,0.0,0.0,0.0,0.16,0.0,0.0,17946.0
0.0,1.0,19.0,9.0,252.0,0.0,0.0,0.0,0.0,0.0,0.0,1.0,0.0,0.0,0.0,0.0,0.0,0.0,0.0,0.0,0.0,0.0,2.0,2.0,0.0,0.0,0.0,0.0,1.0,0.0,0.0,209.0,79.0,0.32,0.02,0.32,0.03,0.0,0.0,0.0,0.0,0.0,29015.0
0.0,0.0,14.0,9.0,1480.0,0.0,0.0,1.0,0.0,0.0,0.0,0.0,0.0,0.0,0.0,0.0,0.0,0.0,0.0,0.0,0.0,0.0,17.0,17.0,0.0,0.0,0.0,0.0,1.0,0.0,0.0,255.0,17.0,0.07,0.02,0.07,0.0,0.0,0.0,0.0,0.0,1.0,67646.0
0.0,0.0,13.0,9.0,30.0,0.0,0.0,0.0,0.0,0.0,0.0,0.0,0.0,0.0,0.0,0.0,0.0,0.0,0.0,0.0,0.0,0.0,2.0,2.0,0.0,0.0,0.0,0.0,1.0,0.0,0.0,217.0,217.0,1.0,0.0,1.0,0.0,0.0,0.0,0.0,0.0,0.0,75210.0
0.0,1.0,19.0,9.0,1470.0,0.0,0.0,0.0,0.0,0.0,0.0,0.0,0.0,0.0,0.0,0.0,0.0,0.0,0.0,0.0,0.0,0.0,2.0,2.0,0.0,0.0,0.0,0.0,1.0,0.0,0.0,255.0,111.0,0.44,0.03,0.44,0.0,0.0,0.0,0.0,0.0,0.0,72785.0
0.0,0.0,14.0,9.0,520.0,0.0,0.0,0.0,0.0,0.0,0.0,0.0,0.0,0.0,0.0,0.0,0.0,0.0,0.0,0.0,0.0,0.0,19.0,19.0,0.0,0.0,0.0,0.0,1.0,0.0,0.0,255.0,255.0,1.0,0.0,1.0,0.0,0.0,0.0,0.0,0.0,1.0,28865.0
0.0,1.0,19.0,9.0,1214.0,0.0,0.0,0.0,0.0,0.0,0.0,1.0,0.0,0.0,0.0,0.0,0.0,0.0,0.0,0.0,0.0,0.0,4.0,4.0,0.0,0.0,0.0,0.0,1.0,0.0,0.0,255.0,119.0,0.47,0.03,0.47,0.0,0.0,0.0,0.0,0.0,0.0,74157.0
0.0,1.0,19.0,9.0,252.0,0.0,0.0,0.0,0.0,0.0,0.0,1.0,0.0,0.0,0.0,0.0,0.0,0.0,0.0,0.0,0.0,0.0,1.0,1.0,0.0,0.0,0.0,0.0,1.0,0.0,0.0,185.0,27.0,0.15,0.02,0.15,0.0,0.0,0.0,0.0,0.0,0.0,85433.0
2.0,1.0,49.0,9.0,2794.0,331.0,0.0,0.0,0.0,0.0,0.0,1.0,0.0,0.0,0.0,0.0,0.0,0.0,0.0,0.0,0.0,0.0,1.0,4.0,0.0,0.0,0.0,0.0,1.0,0.0,1.0,34.0,141.0,0.41,0.09,0.03,0.01,0.0,0.0,0.0,0.04,0.0,10310.0
21.0,1.0,18.0,9.0,89.0,345.0,0.0,0.0,0.0,1.0,0.0,1.0,0.0,0.0,0.0,0.0,1.0,0.0,0.0,0.0,0.0,0.0,1.0,1.0,0.0,0.0,0.0,0.0,1.0,0.0,0.0,255.0,1.0,0.0,0.02,0.0,0.0,0.0,0.0,0.0,0.0,1.0,14099.0
0.0,1.0,17.0,9.0,8.0,140.0,0.0,0.0,0.0,0.0,0.0,0.0,0.0,0.0,0.0,0.0,0.0,0.0,0.0,0.0,0.0,0.0,1.0,1.0,0.0,0.0,0.0,0.0,1.0,0.0,0.0,151.0,10.0,0.04,0.03,0.01,0.2,0.01,0.0,0.0,0.0,0.0,110519.0
1.0,1.0,17.0,9.0,9.0,28.0,0.0,0.0,0.0,0.0,0.0,0.0,0.0,0.0,0.0,0.0,0.0,0.0,0.0,0.0,0.0,0.0,3.0,3.0,0.0,0.0,0.0,0.0,1.0,0.0,0.0,255.0,5.0,0.02,0.02,0.0,0.0,0.0,0.0,0.0,0.0,1.0,40447.0
0.0,1.0,19.0,9.0,201.0,0.0,0.0,0.0,0.0,0.0,0.0,1.0,0.0,0.0,0.0,0.0,0.0,0.0,0.0,0.0,0.0,0.0,1.0,1.0,0.0,0.0,0.0,0.0,1.0,0.0,0.0,84.0,13.0,0.15,0.85,0.14,0.0,0.0,0.0,0.8,0.08,0.0,49418.0
0.0,1.0,19.0,9.0,748.0,0.0,0.0,0.0,0.0,0.0,0.0,0.0,0.0,0.0,0.0,0.0,0.0,0.0,0.0,0.0,0.0,0.0,1.0,1.0,0.0,0.0,0.0,0.0,1.0,0.0,0.0,127.0,30.0,0.2,0.03,0.2,0.07,0.0,0.0,0.0,0.0,0.0,68553.0
1.0,1.0,57.0,9.0,0.0,4.0,0.0,0.0,0.0,0.0,0.0,0.0,0.0,0.0,0.0,0.0,0.0,0.0,0.0,0.0,0.0,0.0,1.0,1.0,0.0,0.0,0.0,0.0,1.0,0.0,0.0,3.0,3.0,1.0,0.0,0.33,0.0,0.0,0.0,0.0,0.0,0.0,108587.0
0.0,1.0,17.0,9.0,10.0,272.0,0.0,0.0,0.0,0.0,0.0,0.0,0.0,0.0,0.0,0.0,0.0,0.0,0.0,0.0,0.0,0.0,1.0,1.0,0.0,0.0,0.0,0.0,1.0,0.0,0.0,255.0,3.0,0.01,0.02,0.0,0.0,0.0,0.0,0.86,0.0,0.0,39761.0
0.0,0.0,13.0,9.0,20.0,0.0,0.0,0.0,0.0,0.0,0.0,0.0,0.0,0.0,0.0,0.0,0.0,0.0,0.0,0.0,0.0,0.0,2.0,2.0,0.0,0.0,0.0,0.0,1.0,0.0,0.0,87.0,3.0,0.03,0.06,0.03,0.0,0.0,0.0,0.0,0.0,1.0,40457.0
0.0,1.0,19.0,9.0,190.0,0.0,0.0,0.0,0.0,0.0,0.0,1.0,0.0,0.0,0.0,1.0,0.0,0.0,0.0,0.0,0.0,0.0,2.0,2.0,0.0,0.0,0.0,0.0,1.0,0.0,0.0,25.0,2.0,0.08,0.12,0.08,0.0,0.0,0.0,0.0,0.0,0.0,35722.0
27.0,1.0,22.0,7.0,209.0,0.0,0.0,0.0,0.0,2.0,0.0,1.0,0.0,0.0,0.0,0.0,0.0,0.0,0.0,0.0,0.0,0.0,1.0,1.0,1.0,1.0,0.0,0.0,1.0,0.0,0.0,7.0,255.0,1.0,0.0,0.14,0.04,0.14,0.01,0.0,0.01,0.0,33271.0
2.0,1.0,49.0,9.0,4508.0,331.0,0.0,0.0,0.0,0.0,0.0,1.0,0.0,0.0,0.0,0.0,0.0,0.0,0.0,0.0,0.0,0.0,1.0,1.0,0.0,0.0,0.0,0.0,1.0,0.0,0.0,11.0,7.0,0.64,0.18,0.09,0.0,0.0,0.0,0.0,0.0,0.0,25788.0
0.0,1.0,19.0,9.0,383.0,0.0,0.0,0.0,0.0,0.0,0.0,1.0,0.0,0.0,0.0,0.0,0.0,0.0,0.0,0.0,0.0,0.0,2.0,2.0,0.0,0.0,0.0,0.0,1.0,0.0,0.0,255.0,102.0,0.4,0.03,0.4,0.0,0.01,0.01,0.0,0.0,0.0,8391.0
0.0,1.0,19.0,9.0,567.0,0.0,0.0,0.0,0.0,0.0,0.0,0.0,0.0,0.0,0.0,0.0,0.0,0.0,0.0,0.0,0.0,0.0,1.0,1.0,0.0,0.0,0.0,0.0,1.0,0.0,0.0,223.0,101.0,0.45,0.03,0.45,0.0,0.0,0.0,0.0,0.0,0.0,114931.0
0.0,0.0,14.0,9.0,1032.0,0.0,0.0,0.0,0.0,0.0,0.0,0.0,0.0,0.0,0.0,0.0,0.0,0.0,0.0,0.0,0.0,0.0,40.0,40.0,0.0,0.0,0.0,0.0,1.0,0.0,0.0,255.0,255.0,1.0,0.0,1.0,0.0,0.0,0.0,0.0,0.0,1.0,67375.0
0.0,1.0,19.0,9.0,1214.0,0.0,0.0,0.0,0.0,0.0,0.0,0.0,0.0,0.0,0.0,0.0,0.0,0.0,0.0,0.0,0.0,0.0,16.0,16.0,0.0,0.0,0.0,0.0,1.0,0.0,0.0,255.0,22.0,0.09,0.58,0.09,0.0,0.0,0.0,0.0,0.0,0.0,76934.0
0.0,0.0,13.0,9.0,18.0,0.0,0.0,0.0,0.0,0.0,0.0,0.0,0.0,0.0,0.0,0.0,0.0,0.0,0.0,0.0,0.0,0.0,2.0,1.0,0.0,0.0,0.5,0.0,0.5,1.0,0.0,14.0,245.0,0.29,0.14,0.29,0.25,0.0,0.0,0.07,0.0,1.0,11215.0
0.0,1.0,19.0,9.0,748.0,0.0,0.0,0.0,0.0,0.0,0.0,1.0,0.0,0.0,0.0,9.0,0.0,0.0,0.0,0.0,0.0,0.0,1.0,1.0,0.0,0.0,0.0,0.0,1.0,0.0,0.0,1.0,44.0,1.0,0.0,1.0,0.05,0.0,0.02,0.0,0.0,0.0,78958.0
0.0,0.0,56.0,9.0,564.0,0.0,0.0,0.0,0.0,0.0,0.0,0.0,0.0,0.0,0.0,0.0,0.0,0.0,0.0,0.0,0.0,0.0,2.0,2.0,0.0,0.0,0.0,0.0,1.0,0.0,0.0,2.0,2.0,1.0,0.0,1.0,0.0,0.0,0.0,0.0,0.0,1.0,14098.0
0.0,1.0,19.0,9.0,383.0,0.0,0.0,0.0,0.0,0.0,0.0,0.0,0.0,0.0,0.0,0.0,0.0,0.0,0.0,0.0,0.0,0.0,2.0,2.0,0.0,0.0,0.0,0.0,1.0,0.0,0.0,190.0,13.0,0.07,0.03,0.07,0.0,0.0,0.0,0.03,0.0,0.0,43005.0
0.0,1.0,49.0,9.0,5210.0,324.0,0.0,0.0,0.0,0.0,0.0,1.0,0.0,0.0,0.0,0.0,0.0,0.0,0.0,0.0,0.0,0.0,1.0,1.0,0.0,0.0,0.0,0.0,1.0,0.0,0.0,58.0,188.0,0.76,0.05,0.02,0.01,0.0,0.0,0.0,0.0,0.0,62999.0
0.0,1.0,19.0,9.0,374.0,0.0,0.0,0.0,0.0,0.0,0.0,1.0,0.0,0.0,0.0,0.0,0.0,0.0,0.0,0.0,0.0,0.0,6.0,6.0,0.0,0.0,0.0,0.0,1.0,0.0,0.0,255.0,119.0,0.47,0.03,0.47,0.0,0.0,0.0,0.0,0.0,0.0,46933.0
0.0,0.0,13.0,9.0,30.0,0.0,0.0,0.0,0.0,0.0,0.0,0.0,0.0,0.0,0.0,0.0,0.0,0.0,0.0,0.0,0.0,0.0,2.0,2.0,0.0,0.0,0.0,0.0,1.0,0.0,0.0,212.0,212.0,1.0,0.0,1.0,0.0,0.0,0.0,0.0,0.0,0.0,79123.0
0.0,1.0,19.0,9.0,192.0,0.0,0.0,0.0,0.0,0.0,0.0,1.0,0.0,0.0,0.0,0.0,0.0,0.0,0.0,0.0,0.0,0.0,2.0,2.0,0.0,0.0,0.0,0.0,1.0,0.0,0.0,140.0,28.0,0.2,0.02,0.2,0.0,0.0,0.0,0.0,0.0,0.0,100639.0
0.0,0.0,14.0,9.0,1032.0,0.0,0.0,0.0,0.0,0.0,0.0,0.0,0.0,0.0,0.0,0.0,0.0,0.0,0.0,0.0,0.0,0.0,53.0,53.0,0.0,0.0,0.0,0.0,1.0,0.0,0.0,255.0,255.0,1.0,0.0,1.0,0.0,0.0,0.0,0.0,0.0,1.0,93110.0
0.0,1.0,19.0,9.0,192.0,0.0,0.0,0.0,0.0,0.0,0.0,1.0,0.0,0.0,0.0,0.0,0.0,0.0,0.0,0.0,0.0,0.0,1.0,1.0,0.0,0.0,0.0,0.0,1.0,0.0,0.0,182.0,74.0,0.27,0.02,0.27,0.03,0.0,0.0,0.01,0.0,0.0,64259.0
0.0,0.0,14.0,9.0,1032.0,0.0,0.0,0.0,0.0,0.0,0.0,0.0,0.0,0.0,0.0,0.0,0.0,0.0,0.0,0.0,0.0,0.0,45.0,45.0,0.0,0.0,0.0,0.0,1.0,0.0,0.0,255.0,45.0,0.18,0.02,0.18,0.0,0.0,0.0,0.0,0.0,1.0,18842.0
0.0,1.0,19.0,9.0,151.0,0.0,0.0,0.0,0.0,0.0,0.0,0.0,0.0,0.0,0.0,0.0,0.0,0.0,0.0,0.0,0.0,0.0,2.0,2.0,0.0,0.0,0.0,0.0,1.0,0.0,0.0,119.0,8.0,0.07,0.03,0.07,0.0,0.01,0.0,0.01,0.0,0.0,106727.0
0.0,1.0,19.0,9.0,252.0,0.0,0.0,0.0,0.0,0.0,0.0,1.0,0.0,0.0,0.0,0.0,0.0,0.0,0.0,0.0,0.0,0.0,2.0,2.0,0.0,0.0,0.0,0.0,1.0,0.0,0.0,117.0,64.0,0.55,0.03,0.55,0.0,0.0,0.0,0.0,0.0,0.0,80478.0
0.0,1.0,19.0,9.0,383.0,0.0,0.0,0.0,0.0,0.0,0.0,0.0,0.0,0.0,0.0,0.0,0.0,0.0,0.0,0.0,0.0,0.0,2.0,3.0,0.0,0.0,0.0,0.0,1.0,0.0,0.67,157.0,55.0,0.24,0.03,0.24,0.04,0.0,0.0,0.03,0.0,0.0,37152.0
0.0,2.0,45.0,9.0,215.0,0.0,0.0,0.0,0.0,0.0,0.0,0.0,0.0,0.0,0.0,0.0,0.0,0.0,0.0,0.0,0.0,0.0,1.0,1.0,0.0,0.0,0.0,0.0,1.0,0.0,0.0,19.0,19.0,1.0,0.0,1.0,0.0,0.0,0.0,0.0,0.0,1.0,36582.0
0.0,1.0,19.0,9.0,491.0,0.0,0.0,0.0,0.0,0.0,0.0,0.0,0.0,0.0,0.0,0.0,0.0,0.0,0.0,0.0,0.0,0.0,2.0,2.0,0.0,0.0,0.0,0.0,1.0,0.0,0.0,101.0,7.0,0.07,0.05,0.07,0.0,0.0,0.0,0.04,0.0,0.0,85705.0
0.0,1.0,19.0,9.0,960.0,0.0,0.0,0.0,0.0,0.0,0.0,1.0,0.0,0.0,0.0,0.0,0.0,0.0,0.0,0.0,0.0,0.0,2.0,2.0,0.0,0.0,0.0,0.0,1.0,0.0,0.0,176.0,72.0,0.27,0.05,0.27,0.03,0.0,0.0,0.0,0.0,0.0,83231.0
0.0,0.0,14.0,9.0,1480.0,0.0,0.0,1.0,0.0,0.0,0.0,0.0,0.0,0.0,0.0,0.0,0.0,0.0,0.0,0.0,0.0,0.0,1.0,3.0,0.0,0.0,0.0,0.0,1.0,0.0,0.67,1.0,151.0,1.0,0.0,1.0,0.06,0.0,0.0,0.0,0.0,1.0,124281.0
0.0,1.0,19.0,9.0,383.0,0.0,0.0,0.0,0.0,0.0,0.0,0.0,0.0,0.0,0.0,0.0,0.0,0.0,0.0,0.0,0.0,0.0,2.0,2.0,0.0,0.0,0.0,0.0,1.0,0.0,0.0,66.0,31.0,0.14,0.06,0.14,0.06,0.0,0.0,0.03,0.0,0.0,117717.0
0.0,1.0,19.0,9.0,567.0,0.0,0.0,0.0,0.0,0.0,0.0,1.0,0.0,0.0,0.0,6.0,0.0,0.0,0.0,0.0,0.0,0.0,1.0,1.0,0.0,0.0,0.0,0.0,1.0,0.0,0.0,1.0,77.0,1.0,0.0,1.0,0.04,0.0,0.0,0.0,0.0,0.0,86447.0
1.0,1.0,43.0,9.0,35.0,130.0,0.0,0.0,0.0,0.0,0.0,1.0,0.0,0.0,0.0,0.0,0.0,0.0,0.0,0.0,0.0,0.0,1.0,1.0,0.0,0.0,0.0,0.0,1.0,0.0,0.0,128.0,6.0,0.03,0.04,0.01,0.33,0.0,0.0,0.0,0.0,0.0,52742.0
0.0,2.0,40.0,9.0,48.0,48.0,0.0,0.0,0.0,0.0,0.0,0.0,0.0,0.0,0.0,0.0,0.0,0.0,0.0,0.0,0.0,0.0,1.0,1.0,0.0,0.0,0.0,0.0,1.0,0.0,0.0,249.0,16.0,0.06,0.01,0.06,0.0,0.0,0.0,0.02,0.0,0.0,79672.0
0.0,1.0,19.0,9.0,276.0,0.0,0.0,0.0,0.0,0.0,0.0,0.0,0.0,0.0,0.0,0.0,0.0,0.0,0.0,0.0,0.0,0.0,1.0,1.0,0.0,0.0,0.0,0.0,1.0,0.0,0.0,90.0,56.0,0.12,0.03,0.12,0.05,0.0,0.0,0.0,0.0,0.0,71592.0
0.0,1.0,19.0,9.0,1342.0,0.0,0.0,0.0,0.0,0.0,0.0,1.0,0.0,0.0,0.0,0.0,0.0,0.0,0.0,0.0,0.0,0.0,10.0,10.0,0.0,0.0,0.0,0.0,1.0,0.0,0.0,228.0,93.0,0.41,0.02,0.41,0.0,0.0,0.0,0.03,0.0,0.0,82922.0
0.0,1.0,17.0,9.0,10.0,141.0,0.0,0.0,0.0,0.0,0.0,0.0,0.0,0.0,0.0,0.0,0.0,0.0,0.0,0.0,0.0,0.0,1.0,1.0,0.0,0.0,0.0,0.0,1.0,0.0,0.0,144.0,3.0,0.02,0.05,0.01,0.0,0.0,0.0,0.0,0.0,0.0,9209.0
0.0,1.0,19.0,9.0,641.0,0.0,0.0,0.0,0.0,0.0,0.0,1.0,0.0,0.0,0.0,0.0,0.0,0.0,0.0,0.0,0.0,0.0,1.0,1.0,0.0,0.0,0.0,0.0,1.0,0.0,0.0,6.0,82.0,0.83,0.33,0.83,0.02,0.0,0.0,0.0,0.0,0.0,17689.0
0.0,2.0,45.0,9.0,207.0,0.0,0.0,0.0,0.0,0.0,0.0,0.0,0.0,0.0,0.0,0.0,0.0,0.0,0.0,0.0,0.0,0.0,2.0,2.0,0.0,0.0,0.0,0.0,1.0,0.0,0.0,10.0,10.0,1.0,0.0,1.0,0.0,0.0,0.0,0.0,0.0,1.0,50933.0
0.0,1.0,19.0,9.0,383.0,0.0,0.0,0.0,0.0,0.0,0.0,1.0,0.0,0.0,0.0,0.0,0.0,0.0,0.0,0.0,0.0,0.0,4.0,2.0,0.0,0.0,0.0,0.0,0.5,0.5,0.0,255.0,110.0,0.43,0.04,0.43,0.0,0.0,0.0,0.0,0.0,0.0,80877.0
0.0,1.0,49.0,9.0,837.0,385.0,0.0,0.0,0.0,0.0,0.0,1.0,0.0,0.0,0.0,0.0,0.0,0.0,0.0,0.0,0.0,0.0,1.0,2.0,0.0,0.0,0.0,0.0,1.0,0.0,1.0,255.0,26.0,0.1,0.09,0.0,0.0,0.79,0.0,0.01,0.0,0.0,72030.0
0.0,1.0,19.0,9.0,567.0,0.0,0.0,0.0,0.0,0.0,0.0,0.0,0.0,0.0,0.0,0.0,0.0,0.0,0.0,0.0,0.0,0.0,1.0,1.0,0.0,0.0,0.0,0.0,1.0,0.0,0.0,34.0,29.0,0.18,0.18,0.18,0.07,0.0,0.0,0.0,0.0,0.0,48269.0
0.0,1.0,19.0,9.0,491.0,0.0,0.0,0.0,0.0,0.0,0.0,0.0,0.0,0.0,0.0,0.0,0.0,0.0,0.0,0.0,0.0,0.0,2.0,2.0,0.0,0.0,0.0,0.0,1.0,0.0,0.0,184.0,22.0,0.1,0.02,0.1,0.09,0.0,0.0,0.02,0.0,0.0,63704.0
0.0,1.0,19.0,9.0,567.0,0.0,0.0,0.0,0.0,0.0,0.0,0.0,0.0,0.0,0.0,0.0,0.0,0.0,0.0,0.0,0.0,0.0,1.0,1.0,0.0,0.0,0.0,0.0,1.0,0.0,0.0,13.0,7.0,0.54,0.23,0.54,0.0,0.08,0.14,0.0,0.0,0.0,71847.0
0.0,1.0,10.0,9.0,48.0,48.0,0.0,0.0,0.0,0.0,0.0,0.0,0.0,0.0,0.0,0.0,0.0,0.0,0.0,0.0,0.0,0.0,79.0,1.0,0.0,0.0,0.0,0.0,0.01,0.03,0.0,255.0,1.0,0.0,0.01,0.0,0.0,0.0,0.0,0.0,0.0,0.0,25306.0
0.0,1.0,19.0,9.0,1153.0,0.0,0.0,0.0,0.0,0.0,0.0,1.0,0.0,0.0,0.0,0.0,0.0,0.0,0.0,0.0,0.0,0.0,2.0,2.0,0.0,0.0,0.0,0.0,1.0,0.0,0.0,255.0,106.0,0.42,0.03,0.42,0.0,0.01,0.01,0.0,0.0,0.0,86493.0
0.0,0.0,14.0,9.0,1480.0,0.0,0.0,1.0,0.0,0.0,0.0,0.0,0.0,0.0,0.0,0.0,0.0,0.0,0.0,0.0,0.0,0.0,2.0,2.0,0.0,0.0,0.0,0.0,1.0,0.0,0.0,5.0,155.0,0.8,0.4,0.8,0.01,0.2,0.0,0.0,0.0,1.0,3423.0
0.0,1.0,19.0,9.0,383.0,0.0,0.0,0.0,0.0,0.0,0.0,1.0,0.0,0.0,0.0,0.0,0.0,0.0,0.0,0.0,0.0,0.0,2.0,2.0,0.0,0.0,0.0,0.0,1.0,0.0,0.0,242.0,72.0,0.3,0.02,0.3,0.0,0.0,0.0,0.0,0.0,0.0,59372.0
0.0,1.0,19.0,9.0,334.0,0.0,0.0,0.0,0.0,0.0,0.0,1.0,0.0,0.0,0.0,0.0,0.0,0.0,0.0,0.0,0.0,0.0,1.0,1.0,0.0,0.0,0.0,0.0,1.0,0.0,0.0,1.0,11.0,1.0,0.0,1.0,0.36,0.0,0.0,0.0,0.0,1.0,99631.0
0.0,0.0,14.0,9.0,1032.0,0.0,0.0,0.0,0.0,0.0,0.0,0.0,0.0,0.0,0.0,0.0,0.0,0.0,0.0,0.0,0.0,0.0,47.0,47.0,0.0,0.0,0.0,0.0,1.0,0.0,0.0,240.0,146.0,0.61,0.03,0.61,0.0,0.01,0.0,0.26,0.0,1.0,7115.0
0.0,1.0,19.0,9.0,641.0,0.0,0.0,0.0,0.0,0.0,0.0,1.0,0.0,0.0,0.0,0.0,0.0,0.0,0.0,0.0,0.0,0.0,4.0,4.0,0.0,0.0,0.0,0.0,1.0,0.0,0.0,255.0,110.0,0.43,0.02,0.44,0.0,0.0,0.01,0.0,0.0,0.0,39864.0
1.0,1.0,49.0,9.0,1544.0,586.0,0.0,0.0,0.0,0.0,0.0,1.0,0.0,0.0,0.0,0.0,0.0,0.0,0.0,0.0,0.0,0.0,1.0,1.0,0.0,0.0,0.0,0.0,1.0,0.0,0.0,255.0,3.0,0.01,0.06,0.0,0.0,0.0,0.0,0.99,0.0,0.0,45190.0
0.0,1.0,19.0,9.0,259.0,0.0,0.0,0.0,0.0,0.0,0.0,0.0,0.0,0.0,0.0,0.0,0.0,0.0,0.0,0.0,0.0,0.0,2.0,2.0,0.0,0.0,0.0,0.0,1.0,0.0,0.0,7.0,2.0,0.29,0.29,0.29,0.0,0.0,0.0,0.0,0.0,0.0,43389.0
0.0,1.0,19.0,9.0,192.0,0.0,0.0,0.0,0.0,0.0,0.0,1.0,0.0,0.0,0.0,0.0,0.0,0.0,0.0,0.0,0.0,0.0,2.0,2.0,0.0,0.0,0.0,0.0,1.0,0.0,0.0,255.0,15.0,0.06,0.02,0.06,0.0,0.0,0.0,0.78,0.0,0.0,122145.0
0.0,1.0,19.0,9.0,641.0,0.0,0.0,0.0,0.0,0.0,0.0,1.0,0.0,0.0,0.0,0.0,0.0,0.0,0.0,0.0,0.0,0.0,2.0,2.0,0.0,0.0,0.0,0.0,1.0,0.0,0.0,255.0,117.0,0.46,0.03,0.46,0.0,0.0,0.0,0.0,0.0,0.0,105744.0
1.0,1.0,49.0,9.0,2975.0,327.0,0.0,0.0,0.0,0.0,0.0,1.0,0.0,0.0,0.0,0.0,0.0,0.0,0.0,0.0,0.0,0.0,1.0,4.0,0.0,0.0,0.0,0.0,1.0,0.0,1.0,10.0,196.0,0.8,0.2,0.1,0.01,0.0,0.0,0.0,0.0,0.0,80975.0
0.0,1.0,19.0,9.0,567.0,0.0,0.0,0.0,0.0,0.0,0.0,1.0,0.0,0.0,0.0,6.0,0.0,0.0,0.0,0.0,0.0,0.0,1.0,1.0,0.0,0.0,0.0,0.0,1.0,0.0,0.0,32.0,55.0,0.03,0.12,0.03,0.04,0.0,0.0,0.0,0.0,0.0,7528.0
0.0,1.0,45.0,1.0,0.0,0.0,0.0,0.0,0.0,0.0,0.0,0.0,0.0,0.0,0.0,0.0,0.0,0.0,0.0,0.0,0.0,0.0,1.0,1.0,0.0,0.0,1.0,1.0,1.0,0.0,0.0,240.0,1.0,0.0,0.08,0.05,0.0,0.0,0.0,0.06,1.0,1.0,101406.0
0.0,1.0,19.0,9.0,192.0,0.0,0.0,0.0,0.0,0.0,0.0,0.0,0.0,0.0,0.0,0.0,0.0,0.0,0.0,0.0,0.0,0.0,2.0,2.0,0.0,0.0,0.0,0.0,1.0,0.0,0.0,9.0,71.0,0.44,0.22,0.44,0.03,0.0,0.0,0.0,0.0,0.0,35803.0
0.0,1.0,19.0,9.0,192.0,0.0,0.0,0.0,0.0,0.0,0.0,1.0,0.0,0.0,0.0,0.0,0.0,0.0,0.0,0.0,0.0,0.0,2.0,2.0,0.0,0.0,0.0,0.0,1.0,0.0,0.0,212.0,91.0,0.43,0.01,0.43,0.0,0.0,0.0,0.0,0.0,0.0,53760.0
0.0,1.0,19.0,9.0,748.0,0.0,0.0,0.0,0.0,0.0,0.0,1.0,0.0,0.0,0.0,9.0,0.0,0.0,0.0,0.0,0.0,0.0,1.0,1.0,0.0,0.0,0.0,0.0,1.0,0.0,0.0,97.0,33.0,0.08,0.74,0.07,0.06,0.0,0.0,0.66,0.03,0.0,49545.0
0.0,1.0,19.0,9.0,192.0,0.0,0.0,0.0,0.0,0.0,0.0,0.0,0.0,0.0,0.0,0.0,0.0,0.0,0.0,0.0,0.0,0.0,2.0,2.0,0.0,0.0,0.0,0.0,1.0,0.0,0.0,43.0,100.0,0.79,0.07,0.79,0.02,0.0,0.0,0.0,0.0,0.0,37610.0
0.0,1.0,49.0,9.0,1362.0,482.0,0.0,0.0,0.0,0.0,0.0,1.0,0.0,0.0,0.0,0.0,0.0,0.0,0.0,0.0,0.0,0.0,1.0,1.0,0.0,0.0,0.0,0.0,1.0,0.0,0.0,251.0,32.0,0.13,0.02,0.0,0.0,0.0,0.0,0.82,0.0,0.0,50931.0
2.0,1.0,49.0,9.0,9474.0,329.0,0.0,0.0,0.0,0.0,0.0,1.0,0.0,0.0,0.0,0.0,0.0,0.0,0.0,0.0,0.0,0.0,1.0,1.0,0.0,0.0,0.0,0.0,1.0,0.0,0.0,115.0,145.0,0.57,0.02,0.01,0.01,0.0,0.0,0.0,0.0,0.0,81109.0
0.0,1.0,19.0,9.0,334.0,0.0,0.0,0.0,0.0,0.0,0.0,1.0,0.0,0.0,0.0,0.0,0.0,0.0,0.0,0.0,0.0,0.0,1.0,1.0,0.0,0.0,0.0,0.0,1.0,0.0,0.0,5.0,5.0,1.0,0.0,1.0,0.0,0.0,0.0,0.0,0.0,1.0,71587.0
0.0,2.0,45.0,9.0,207.0,0.0,0.0,0.0,0.0,0.0,0.0,0.0,0.0,0.0,0.0,0.0,0.0,0.0,0.0,0.0,0.0,0.0,2.0,2.0,0.0,0.0,0.0,0.0,1.0,0.0,0.0,12.0,12.0,1.0,0.0,1.0,0.0,0.0,0.0,0.0,0.0,1.0,27035.0
0.0,1.0,19.0,9.0,192.0,0.0,0.0,0.0,0.0,0.0,0.0,1.0,0.0,0.0,0.0,0.0,0.0,0.0,0.0,0.0,0.0,0.0,2.0,2.0,0.0,0.0,0.0,0.0,1.0,0.0,0.0,11.0,74.0,0.91,0.18,0.91,0.04,0.0,0.0,0.0,0.0,0.0,90528.0
0.0,1.0,19.0,9.0,252.0,0.0,0.0,0.0,0.0,0.0,0.0,0.0,0.0,0.0,0.0,0.0,0.0,0.0,0.0,0.0,0.0,0.0,2.0,2.0,0.0,0.0,0.0,0.0,1.0,0.0,0.0,131.0,45.0,0.34,0.05,0.34,0.0,0.0,0.0,0.01,0.0,0.0,35801.0
0.0,1.0,19.0,9.0,637.0,0.0,0.0,0.0,0.0,0.0,0.0,0.0,0.0,0.0,0.0,0.0,0.0,0.0,0.0,0.0,0.0,0.0,8.0,7.0,0.0,0.0,0.0,0.0,0.88,0.25,0.0,45.0,98.0,0.64,0.16,0.69,0.02,0.0,0.0,0.0,0.0,0.0,18489.0
5.0,1.0,19.0,9.0,748.0,0.0,0.0,0.0,0.0,0.0,0.0,1.0,0.0,0.0,0.0,9.0,0.0,0.0,0.0,0.0,0.0,0.0,1.0,1.0,0.0,0.0,0.0,0.0,1.0,0.0,0.0,114.0,35.0,0.1,0.04,0.1,0.06,0.0,0.03,0.0,0.0,0.0,35308.0
0.0,1.0,19.0,9.0,567.0,0.0,0.0,0.0,0.0,0.0,0.0,0.0,0.0,0.0,0.0,0.0,0.0,0.0,0.0,0.0,0.0,0.0,1.0,1.0,0.0,0.0,0.0,0.0,1.0,0.0,0.0,60.0,116.0,0.83,0.05,0.83,0.02,0.0,0.0,0.0,0.0,0.0,113603.0
0.0,0.0,14.0,9.0,1032.0,0.0,0.0,0.0,0.0,0.0,0.0,0.0,0.0,0.0,0.0,0.0,0.0,0.0,0.0,0.0,0.0,0.0,20.0,20.0,0.0,0.0,0.0,0.0,1.0,0.0,0.0,255.0,255.0,1.0,0.0,1.0,0.0,0.0,0.0,0.0,0.0,1.0,47872.0
0.0,1.0,19.0,9.0,334.0,0.0,0.0,0.0,0.0,0.0,0.0,1.0,0.0,0.0,0.0,0.0,0.0,0.0,0.0,0.0,0.0,0.0,1.0,1.0,0.0,0.0,0.0,0.0,1.0,0.0,0.0,223.0,84.0,0.36,0.02,0.36,0.02,0.0,0.0,0.0,0.0,1.0,34087.0
0.0,1.0,19.0,9.0,567.0,0.0,0.0,0.0,0.0,0.0,0.0,1.0,0.0,0.0,0.0,6.0,0.0,0.0,0.0,0.0,0.0,0.0,1.0,1.0,0.0,0.0,0.0,0.0,1.0,0.0,0.0,21.0,85.0,0.86,0.1,0.86,0.04,0.0,0.0,0.0,0.0,0.0,25950.0
1.0,1.0,55.0,9.0,24.0,36.0,0.0,0.0,0.0,0.0,0.0,0.0,0.0,0.0,0.0,0.0,0.0,0.0,0.0,0.0,0.0,0.0,1.0,1.0,0.0,0.0,0.0,0.0,1.0,0.0,0.0,93.0,1.0,0.01,0.04,0.01,0.0,0.0,0.0,0.0,0.0,0.0,117686.0
0.0,1.0,49.0,9.0,13552.0,1431.0,0.0,0.0,0.0,0.0,0.0,1.0,0.0,0.0,0.0,0.0,0.0,0.0,0.0,0.0,0.0,0.0,1.0,1.0,0.0,0.0,0.0,0.0,1.0,0.0,0.0,220.0,136.0,0.48,0.01,0.0,0.01,0.0,0.0,0.0,0.0,0.0,102168.0
0.0,1.0,49.0,7.0,1448.0,0.0,0.0,0.0,0.0,2.0,0.0,1.0,0.0,0.0,0.0,0.0,0.0,0.0,0.0,0.0,0.0,0.0,1.0,2.0,1.0,0.5,0.0,0.0,1.0,0.0,1.0,183.0,195.0,0.74,0.03,0.01,0.01,0.02,0.01,0.0,0.0,0.0,108504.0
0.0,1.0,19.0,9.0,373.0,0.0,0.0,0.0,0.0,0.0,0.0,1.0,0.0,0.0,0.0,0.0,0.0,0.0,0.0,0.0,0.0,0.0,7.0,7.0,0.0,0.0,0.0,0.0,1.0,0.0,0.0,255.0,13.0,0.05,0.02,0.05,0.0,0.0,0.0,0.8,0.0,0.0,43302.0
0.0,1.0,55.0,2.0,0.0,0.0,0.0,0.0,0.0,0.0,0.0,0.0,0.0,0.0,0.0,0.0,0.0,0.0,0.0,0.0,0.0,0.0,1.0,1.0,0.0,0.0,1.0,1.0,1.0,0.0,0.0,150.0,12.0,0.08,0.03,0.01,0.0,0.0,0.0,0.03,0.08,0.0,69284.0
0.0,1.0,19.0,9.0,383.0,0.0,0.0,0.0,0.0,0.0,0.0,1.0,0.0,0.0,0.0,0.0,0.0,0.0,0.0,0.0,0.0,0.0,2.0,4.0,0.0,0.0,0.0,0.0,1.0,0.0,0.5,227.0,129.0,0.46,0.02,0.46,0.02,0.0,0.0,0.0,0.0,0.0,47760.0
0.0,1.0,19.0,9.0,373.0,0.0,0.0,0.0,0.0,0.0,0.0,1.0,0.0,0.0,0.0,0.0,0.0,0.0,0.0,0.0,0.0,0.0,2.0,2.0,0.0,0.0,0.0,0.0,1.0,0.0,0.0,17.0,46.0,0.35,0.18,0.35,0.07,0.24,0.0,0.0,0.0,0.0,74084.0
0.0,1.0,19.0,9.0,245.0,0.0,0.0,0.0,0.0,0.0,0.0,0.0,0.0,0.0,0.0,0.0,0.0,0.0,0.0,0.0,0.0,0.0,2.0,2.0,0.0,0.0,0.0,0.0,1.0,0.0,0.0,246.0,44.0,0.18,0.03,0.15,0.0,0.0,0.0,0.01,0.0,0.0,61488.0
2.0,1.0,49.0,9.0,2908.0,336.0,0.0,0.0,0.0,0.0,0.0,1.0,0.0,0.0,0.0,0.0,0.0,0.0,0.0,0.0,0.0,0.0,1.0,2.0,0.0,0.0,0.0,0.0,1.0,0.0,1.0,165.0,240.0,0.96,0.01,0.01,0.01,0.0,0.0,0.0,0.0,0.0,58385.0
0.0,2.0,45.0,9.0,207.0,0.0,0.0,0.0,0.0,0.0,0.0,0.0,0.0,0.0,0.0,0.0,0.0,0.0,0.0,0.0,0.0,0.0,2.0,2.0,0.0,0.0,0.0,0.0,1.0,0.0,0.0,164.0,140.0,0.85,0.01,0.85,0.0,0.0,0.0,0.0,0.0,1.0,44999.0
0.0,0.0,14.0,9.0,1480.0,0.0,0.0,1.0,0.0,0.0,0.0,0.0,0.0,0.0,0.0,0.0,0.0,0.0,0.0,0.0,0.0,0.0,4.0,4.0,0.0,0.0,0.0,0.0,1.0,0.0,0.0,255.0,6.0,0.02,0.02,0.02,0.0,0.0,0.0,0.0,0.0,1.0,120765.0
0.0,1.0,19.0,9.0,245.0,0.0,0.0,0.0,0.0,0.0,0.0,1.0,0.0,0.0,0.0,1.0,0.0,0.0,0.0,0.0,0.0,0.0,1.0,2.0,0.0,0.0,0.0,0.0,1.0,0.0,1.0,206.0,2.0,0.01,0.53,0.01,0.0,0.0,0.0,0.0,0.0,0.0,74002.0
0.0,1.0,19.0,9.0,334.0,0.0,0.0,0.0,0.0,0.0,0.0,1.0,0.0,0.0,0.0,0.0,0.0,0.0,0.0,0.0,0.0,0.0,2.0,2.0,0.0,0.0,0.0,0.0,0.5,1.0,1.0,6.0,24.0,0.83,0.33,1.0,0.12,0.0,0.0,0.0,0.0,1.0,2826.0
12.0,1.0,0.0,4.0,76.0,18.0,0.0,0.0,0.0,1.0,0.0,1.0,0.0,0.0,0.0,0.0,0.0,0.0,0.0,0.0,0.0,0.0,2.0,2.0,0.0,0.0,1.0,1.0,1.0,0.0,0.0,35.0,10.0,0.29,0.06,0.06,0.0,0.0,0.0,0.23,0.8,0.0,73674.0
0.0,1.0,19.0,9.0,383.0,0.0,0.0,0.0,0.0,0.0,0.0,1.0,0.0,0.0,0.0,0.0,0.0,0.0,0.0,0.0,0.0,0.0,2.0,2.0,0.0,0.0,0.0,0.0,1.0,0.0,0.0,237.0,57.0,0.21,0.02,0.21,0.04,0.0,0.0,0.0,0.0,0.0,100629.0
0.0,1.0,19.0,9.0,567.0,0.0,0.0,0.0,0.0,0.0,0.0,0.0,0.0,0.0,0.0,0.0,0.0,0.0,0.0,0.0,0.0,0.0,2.0,1.0,0.0,0.0,0.0,0.0,0.5,1.0,0.0,80.0,44.0,0.17,0.06,0.17,0.05,0.0,0.0,0.0,0.0,0.0,18424.0
0.0,1.0,19.0,9.0,151.0,0.0,0.0,0.0,0.0,0.0,0.0,1.0,0.0,0.0,0.0,0.0,0.0,0.0,0.0,0.0,0.0,0.0,2.0,3.0,0.0,0.0,0.0,0.0,1.0,0.0,0.67,255.0,28.0,0.11,0.05,0.11,0.0,0.51,0.0,0.02,0.0,0.0,36943.0
0.0,0.0,14.0,9.0,1480.0,0.0,0.0,1.0,0.0,0.0,0.0,0.0,0.0,0.0,0.0,0.0,0.0,0.0,0.0,0.0,0.0,0.0,8.0,8.0,0.0,0.0,0.0,0.0,1.0,0.0,0.0,255.0,10.0,0.04,0.02,0.04,0.0,0.0,0.0,0.0,0.0,1.0,42521.0
4.0,1.0,49.0,9.0,2904.0,328.0,0.0,0.0,0.0,0.0,0.0,1.0,0.0,0.0,0.0,0.0,0.0,0.0,0.0,0.0,0.0,0.0,1.0,1.0,0.0,0.0,0.0,0.0,1.0,0.0,0.0,58.0,114.0,0.79,0.09,0.02,0.03,0.0,0.0,0.0,0.0,0.0,64897.0
0.0,2.0,45.0,9.0,215.0,0.0,0.0,0.0,0.0,0.0,0.0,0.0,0.0,0.0,0.0,0.0,0.0,0.0,0.0,0.0,0.0,0.0,1.0,1.0,0.0,0.0,0.0,0.0,1.0,0.0,0.0,159.0,135.0,0.85,0.01,0.85,0.0,0.0,0.0,0.0,0.0,1.0,56467.0
0.0,1.0,49.0,9.0,6163.0,398.0,0.0,0.0,0.0,0.0,0.0,1.0,0.0,0.0,0.0,0.0,0.0,0.0,0.0,0.0,0.0,0.0,1.0,1.0,0.0,0.0,0.0,0.0,1.0,0.0,0.0,255.0,12.0,0.05,0.02,0.0,0.0,0.95,0.0,0.0,0.0,0.0,26674.0
0.0,0.0,14.0,9.0,1480.0,0.0,0.0,1.0,0.0,0.0,0.0,0.0,0.0,0.0,0.0,0.0,0.0,0.0,0.0,0.0,0.0,0.0,1.0,1.0,0.0,0.0,0.0,0.0,1.0,0.0,0.0,255.0,2.0,0.01,0.08,0.01,0.0,0.61,0.0,0.01,0.0,1.0,33383.0
0.0,1.0,19.0,9.0,192.0,0.0,0.0,0.0,0.0,0.0,0.0,0.0,0.0,0.0,0.0,0.0,0.0,0.0,0.0,0.0,0.0,0.0,2.0,2.0,0.0,0.0,0.0,0.0,1.0,0.0,0.0,68.0,14.0,0.21,0.09,0.21,0.0,0.0,0.0,0.0,0.0,0.0,32464.0
0.0,1.0,19.0,9.0,740.0,0.0,0.0,0.0,0.0,0.0,0.0,1.0,0.0,0.0,0.0,9.0,0.0,0.0,0.0,0.0,0.0,0.0,2.0,2.0,0.0,0.0,0.0,0.0,1.0,0.0,0.0,28.0,54.0,0.07,0.11,0.07,0.06,0.0,0.0,0.0,0.0,0.0,77648.0
0.0,1.0,19.0,9.0,1376.0,0.0,0.0,0.0,0.0,0.0,0.0,0.0,0.0,0.0,0.0,0.0,0.0,0.0,0.0,0.0,0.0,0.0,1.0,1.0,0.0,0.0,0.0,0.0,1.0,0.0,0.0,255.0,5.0,0.02,0.01,0.02,0.0,0.0,0.0,0.0,0.0,0.0,50112.0
0.0,1.0,19.0,9.0,319.0,0.0,0.0,0.0,0.0,0.0,0.0,1.0,0.0,0.0,0.0,1.0,0.0,0.0,0.0,0.0,0.0,0.0,2.0,2.0,0.0,0.0,0.0,0.0,1.0,0.0,0.0,200.0,4.0,0.01,0.47,0.01,0.5,0.0,0.0,0.0,0.0,0.0,89919.0
0.0,1.0,19.0,9.0,334.0,0.0,0.0,0.0,0.0,0.0,0.0,1.0,0.0,0.0,0.0,0.0,0.0,0.0,0.0,0.0,0.0,0.0,2.0,2.0,0.0,0.0,0.0,0.0,1.0,0.0,0.0,2.0,5.0,1.0,0.0,1.0,0.4,0.0,0.0,0.0,0.0,1.0,106378.0
0.0,1.0,49.0,9.0,833.0,384.0,0.0,0.0,0.0,0.0,0.0,1.0,0.0,0.0,0.0,0.0,1.0,0.0,0.0,0.0,0.0,0.0,1.0,1.0,0.0,0.0,0.0,0.0,1.0,0.0,0.0,255.0,40.0,0.16,0.02,0.0,0.0,0.76,0.0,0.0,0.0,0.0,48381.0
0.0,1.0,19.0,9.0,334.0,0.0,0.0,0.0,0.0,0.0,0.0,1.0,0.0,0.0,0.0,0.0,0.0,0.0,0.0,0.0,0.0,0.0,2.0,2.0,0.0,0.0,0.0,0.0,1.0,0.0,0.0,253.0,103.0,0.41,0.02,0.41,0.0,0.0,0.0,0.0,0.0,1.0,101928.0
0.0,1.0,19.0,9.0,245.0,0.0,0.0,0.0,0.0,0.0,0.0,0.0,0.0,0.0,0.0,0.0,0.0,0.0,0.0,0.0,0.0,0.0,2.0,2.0,0.0,0.0,0.0,0.0,1.0,0.0,0.0,14.0,8.0,0.57,0.21,0.57,0.0,0.07,0.12,0.0,0.0,0.0,7385.0
0.0,1.0,19.0,9.0,748.0,0.0,0.0,0.0,0.0,0.0,0.0,1.0,0.0,0.0,0.0,9.0,0.0,0.0,0.0,0.0,0.0,0.0,1.0,1.0,0.0,0.0,0.0,0.0,1.0,0.0,0.0,69.0,50.0,0.01,0.06,0.01,0.04,0.0,0.02,0.0,0.0,0.0,65573.0
0.0,1.0,49.0,9.0,2632.0,333.0,0.0,0.0,0.0,0.0,0.0,1.0,0.0,0.0,0.0,0.0,0.0,0.0,0.0,0.0,0.0,0.0,1.0,1.0,0.0,0.0,0.0,0.0,1.0,0.0,0.0,149.0,200.0,0.76,0.03,0.01,0.01,0.0,0.0,0.0,0.0,0.0,37387.0
0.0,0.0,14.0,9.0,1032.0,0.0,0.0,0.0,0.0,0.0,0.0,0.0,0.0,0.0,0.0,0.0,0.0,0.0,0.0,0.0,0.0,0.0,1.0,1.0,0.0,0.0,0.0,0.0,1.0,0.0,0.0,146.0,1.0,0.01,0.02,0.01,0.0,0.0,0.0,0.0,0.0,1.0,30693.0
0.0,1.0,19.0,9.0,192.0,0.0,0.0,0.0,0.0,0.0,0.0,0.0,0.0,0.0,0.0,0.0,0.0,0.0,0.0,0.0,0.0,0.0,2.0,2.0,0.0,0.0,0.0,0.0,1.0,0.0,0.0,165.0,83.0,0.36,0.04,0.36,0.02,0.01,0.0,0.01,0.0,0.0,95736.0
0.0,1.0,19.0,9.0,1153.0,0.0,0.0,0.0,0.0,0.0,0.0,1.0,0.0,0.0,0.0,0.0,0.0,0.0,0.0,0.0,0.0,0.0,3.0,3.0,0.0,0.0,0.0,0.0,1.0,0.0,0.0,255.0,110.0,0.43,0.02,0.44,0.0,0.0,0.01,0.0,0.0,0.0,98580.0
0.0,1.0,19.0,9.0,641.0,0.0,0.0,0.0,0.0,0.0,0.0,0.0,0.0,0.0,0.0,0.0,0.0,0.0,0.0,0.0,0.0,0.0,2.0,2.0,0.0,0.0,0.0,0.0,1.0,0.0,0.0,69.0,24.0,0.07,0.07,0.07,0.08,0.0,0.0,0.0,0.0,0.0,103360.0
0.0,1.0,19.0,9.0,567.0,0.0,0.0,0.0,0.0,0.0,0.0,0.0,0.0,0.0,0.0,0.0,0.0,0.0,0.0,0.0,0.0,0.0,1.0,1.0,0.0,0.0,0.0,0.0,1.0,0.0,0.0,110.0,105.0,0.34,0.05,0.34,0.02,0.0,0.0,0.0,0.0,0.0,22118.0
0.0,1.0,19.0,9.0,334.0,0.0,0.0,0.0,0.0,0.0,0.0,1.0,0.0,0.0,0.0,0.0,0.0,0.0,0.0,0.0,0.0,0.0,2.0,2.0,0.0,0.0,0.0,0.0,1.0,0.0,0.0,7.0,7.0,1.0,0.0,1.0,0.0,0.0,0.0,0.0,0.0,1.0,76663.0
0.0,1.0,19.0,9.0,252.0,0.0,0.0,0.0,0.0,0.0,0.0,1.0,0.0,0.0,0.0,0.0,0.0,0.0,0.0,0.0,0.0,0.0,2.0,2.0,0.0,0.0,0.0,0.0,1.0,0.0,0.0,255.0,141.0,0.55,0.02,0.55,0.0,0.0,0.0,0.0,0.0,0.0,46361.0
14.0,1.0,49.0,9.0,11712.0,332.0,0.0,0.0,0.0,0.0,0.0,1.0,0.0,0.0,0.0,0.0,0.0,0.0,0.0,0.0,0.0,0.0,1.0,2.0,0.0,0.0,0.0,0.0,1.0,0.0,1.0,108.0,205.0,0.91,0.04,0.01,0.01,0.0,0.0,0.0,0.0,0.0,55115.0
0.0,1.0,22.0,4.0,40636.0,2920.0,0.0,0.0,0.0,1.0,0.0,1.0,0.0,0.0,0.0,0.0,0.0,0.0,0.0,0.0,0.0,0.0,4.0,5.0,0.0,0.0,0.25,0.4,1.0,0.0,0.4,255.0,255.0,1.0,0.0,0.0,0.0,0.0,0.0,0.04,0.04,1.0,50176.0
0.0,1.0,19.0,9.0,641.0,0.0,0.0,0.0,0.0,0.0,0.0,0.0,0.0,0.0,0.0,0.0,0.0,0.0,0.0,0.0,0.0,0.0,1.0,1.0,0.0,0.0,0.0,0.0,1.0,0.0,0.0,64.0,75.0,0.3,0.08,0.3,0.03,0.0,0.0,0.0,0.0,0.0,35106.0
0.0,1.0,19.0,9.0,192.0,0.0,0.0,0.0,0.0,0.0,0.0,0.0,0.0,0.0,0.0,0.0,0.0,0.0,0.0,0.0,0.0,0.0,2.0,2.0,0.0,0.0,0.0,0.0,1.0,0.0,0.0,75.0,32.0,0.19,0.05,0.19,0.06,0.0,0.0,0.0,0.0,0.0,1480.0
0.0,1.0,17.0,9.0,11.0,175.0,0.0,0.0,0.0,0.0,0.0,0.0,0.0,0.0,0.0,0.0,0.0,0.0,0.0,0.0,0.0,0.0,1.0,1.0,0.0,0.0,0.0,0.0,1.0,0.0,0.0,158.0,12.0,0.04,0.03,0.01,0.17,0.0,0.0,0.0,0.0,0.0,71114.0
0.0,1.0,19.0,9.0,740.0,0.0,0.0,0.0,0.0,0.0,0.0,1.0,0.0,0.0,0.0,9.0,0.0,0.0,0.0,0.0,0.0,0.0,2.0,3.0,0.0,0.0,0.0,0.0,1.0,0.0,0.67,46.0,82.0,0.59,0.04,0.59,0.02,0.0,0.0,0.0,0.0,0.0,84301.0
0.0,1.0,19.0,9.0,192.0,0.0,0.0,0.0,0.0,0.0,0.0,1.0,0.0,0.0,0.0,0.0,0.0,0.0,0.0,0.0,0.0,0.0,2.0,2.0,0.0,0.0,0.0,0.0,1.0,0.0,0.0,5.0,4.0,0.8,0.4,0.8,0.0,0.0,0.0,0.0,0.0,0.0,39061.0
0.0,1.0,49.0,9.0,852.0,393.0,0.0,0.0,0.0,0.0,0.0,1.0,0.0,0.0,0.0,0.0,0.0,0.0,0.0,0.0,0.0,0.0,1.0,1.0,0.0,0.0,0.0,0.0,1.0,0.0,0.0,255.0,19.0,0.07,0.07,0.0,0.0,0.0,0.0,0.9,0.0,0.0,107983.0
0.0,1.0,19.0,9.0,641.0,0.0,0.0,0.0,0.0,0.0,0.0,1.0,0.0,0.0,0.0,0.0,0.0,0.0,0.0,0.0,0.0,0.0,2.0,2.0,0.0,0.0,0.0,0.0,1.0,0.0,0.0,67.0,78.0,0.15,0.07,0.15,0.03,0.0,0.0,0.0,0.0,0.0,98522.0
0.0,1.0,19.0,9.0,12.0,0.0,0.0,0.0,0.0,0.0,0.0,0.0,0.0,0.0,0.0,0.0,0.0,0.0,0.0,0.0,0.0,0.0,1.0,1.0,0.0,0.0,0.0,0.0,1.0,0.0,0.0,255.0,5.0,0.02,0.01,0.02,0.0,0.0,0.0,0.01,0.0,0.0,78630.0
0.0,0.0,59.0,9.0,78.0,0.0,0.0,0.0,0.0,0.0,0.0,0.0,0.0,0.0,0.0,0.0,0.0,0.0,0.0,0.0,0.0,0.0,10.0,10.0,0.0,0.0,0.0,0.0,0.3,0.2,0.3,255.0,3.0,0.01,0.01,0.01,0.0,0.0,0.0,0.0,0.0,0.0,116219.0
0.0,1.0,17.0,9.0,7.0,136.0,0.0,0.0,0.0,0.0,0.0,0.0,0.0,0.0,0.0,0.0,0.0,0.0,0.0,0.0,0.0,0.0,1.0,1.0,0.0,0.0,0.0,0.0,1.0,0.0,0.0,123.0,9.0,0.03,0.03,0.01,0.22,0.0,0.0,0.0,0.0,0.0,75063.0
0.0,0.0,14.0,9.0,1480.0,0.0,0.0,1.0,0.0,0.0,0.0,0.0,0.0,0.0,0.0,0.0,0.0,0.0,0.0,0.0,0.0,0.0,1.0,3.0,0.0,0.0,0.0,0.0,1.0,0.0,0.67,3.0,151.0,1.0,0.0,1.0,0.14,0.0,0.0,0.0,0.0,1.0,36346.0
0.0,1.0,19.0,9.0,852.0,0.0,0.0,0.0,0.0,0.0,0.0,1.0,0.0,0.0,0.0,0.0,0.0,0.0,0.0,0.0,0.0,0.0,17.0,17.0,0.0,0.0,0.0,0.0,1.0,0.0,0.0,255.0,111.0,0.44,0.02,0.44,0.0,0.0,0.0,0.0,0.0,0.0,18815.0
0.0,1.0,49.0,9.0,731.0,388.0,0.0,0.0,0.0,0.0,0.0,1.0,0.0,0.0,0.0,0.0,0.0,0.0,0.0,0.0,0.0,0.0,1.0,1.0,0.0,0.0,0.0,0.0,1.0,0.0,0.0,255.0,4.0,0.02,0.07,0.0,0.0,0.98,0.0,0.0,0.0,0.0,49379.0
0.0,1.0,19.0,9.0,641.0,0.0,0.0,0.0,0.0,0.0,0.0,0.0,0.0,0.0,0.0,0.0,0.0,0.0,0.0,0.0,0.0,0.0,1.0,1.0,0.0,0.0,0.0,0.0,1.0,0.0,0.0,115.0,105.0,0.44,0.03,0.44,0.02,0.0,0.0,0.0,0.0,0.0,44524.0
0.0,0.0,14.0,9.0,1032.0,0.0,0.0,0.0,0.0,0.0,0.0,0.0,0.0,0.0,0.0,0.0,0.0,0.0,0.0,0.0,0.0,0.0,39.0,39.0,0.0,0.0,0.0,0.0,1.0,0.0,0.0,255.0,255.0,1.0,0.0,1.0,0.0,0.0,0.0,0.0,0.0,1.0,56747.0
0.0,1.0,19.0,9.0,1699.0,0.0,0.0,0.0,0.0,0.0,0.0,1.0,0.0,0.0,0.0,0.0,0.0,0.0,0.0,0.0,0.0,0.0,3.0,3.0,0.0,0.0,0.0,0.0,1.0,0.0,0.0,133.0,84.0,0.49,0.04,0.49,0.02,0.0,0.0,0.0,0.0,0.0,51311.0
0.0,1.0,17.0,9.0,8.0,140.0,0.0,0.0,0.0,0.0,0.0,0.0,0.0,0.0,0.0,0.0,0.0,0.0,0.0,0.0,0.0,0.0,1.0,1.0,0.0,0.0,0.0,0.0,1.0,0.0,0.0,152.0,9.0,0.03,0.03,0.01,0.22,0.0,0.0,0.0,0.0,0.0,122339.0
0.0,0.0,13.0,9.0,30.0,0.0,0.0,0.0,0.0,0.0,0.0,0.0,0.0,0.0,0.0,0.0,0.0,0.0,0.0,0.0,0.0,0.0,1.0,1.0,0.0,0.0,0.0,0.0,1.0,0.0,0.0,253.0,253.0,1.0,0.0,1.0,0.0,0.0,0.0,0.0,0.0,0.0,15445.0
0.0,1.0,19.0,9.0,567.0,0.0,0.0,0.0,0.0,0.0,0.0,0.0,0.0,0.0,0.0,0.0,0.0,0.0,0.0,0.0,0.0,0.0,2.0,1.0,0.0,0.0,0.0,0.0,0.5,1.0,0.0,255.0,48.0,0.19,0.03,0.19,0.0,0.0,0.0,0.0,0.0,0.0,15129.0
0.0,1.0,17.0,9.0,6.0,269.0,0.0,0.0,0.0,0.0,0.0,0.0,0.0,0.0,0.0,0.0,0.0,0.0,0.0,0.0,0.0,0.0,1.0,1.0,0.0,0.0,0.0,0.0,1.0,0.0,0.0,230.0,2.0,0.01,0.02,0.0,0.0,0.0,0.0,0.83,0.0,0.0,3439.0
0.0,1.0,19.0,9.0,641.0,0.0,0.0,0.0,0.0,0.0,0.0,0.0,0.0,0.0,0.0,0.0,0.0,0.0,0.0,0.0,0.0,0.0,1.0,1.0,0.0,0.0,0.0,0.0,1.0,0.0,0.0,6.0,50.0,0.83,0.33,0.83,0.06,0.0,0.0,0.0,0.0,0.0,81387.0
1.0,1.0,49.0,9.0,11737.0,878.0,0.0,0.0,0.0,0.0,0.0,1.0,0.0,0.0,0.0,0.0,0.0,0.0,0.0,0.0,0.0,0.0,1.0,1.0,0.0,0.0,0.0,0.0,1.0,0.0,0.0,11.0,153.0,0.82,0.18,0.09,0.02,0.36,0.01,0.0,0.0,0.0,38321.0
0.0,1.0,19.0,9.0,641.0,0.0,0.0,0.0,0.0,0.0,0.0,0.0,0.0,0.0,0.0,0.0,0.0,0.0,0.0,0.0,0.0,0.0,2.0,2.0,0.0,0.0,0.0,0.0,1.0,0.0,0.0,37.0,5.0,0.14,0.08,0.14,0.0,0.0,0.0,0.0,0.0,0.0,5120.0
0.0,0.0,13.0,9.0,30.0,0.0,0.0,0.0,0.0,0.0,0.0,0.0,0.0,0.0,0.0,0.0,0.0,0.0,0.0,0.0,0.0,0.0,2.0,2.0,0.0,0.0,0.0,0.0,1.0,0.0,0.0,221.0,221.0,1.0,0.0,1.0,0.0,0.0,0.0,0.0,0.0,0.0,123852.0
0.0,1.0,22.0,7.0,170.0,0.0,0.0,0.0,0.0,1.0,0.0,1.0,0.0,0.0,0.0,0.0,0.0,0.0,0.0,0.0,0.0,0.0,1.0,5.0,1.0,0.4,0.0,0.0,1.0,0.0,0.8,12.0,254.0,1.0,0.0,0.08,0.07,0.08,0.01,0.0,0.0,0.0,42695.0
0.0,1.0,19.0,9.0,1470.0,0.0,0.0,0.0,0.0,0.0,0.0,0.0,0.0,0.0,0.0,0.0,0.0,0.0,0.0,0.0,0.0,0.0,7.0,7.0,0.0,0.0,0.0,0.0,1.0,0.0,0.0,255.0,72.0,0.28,0.03,0.28,0.0,0.01,0.0,0.0,0.0,0.0,33902.0
0.0,0.0,14.0,9.0,1032.0,0.0,0.0,0.0,0.0,0.0,0.0,0.0,0.0,0.0,0.0,0.0,0.0,0.0,0.0,0.0,0.0,0.0,38.0,38.0,0.0,0.0,0.0,0.0,1.0,0.0,0.0,255.0,38.0,0.15,0.02,0.15,0.0,0.0,0.0,0.0,0.0,1.0,106342.0
0.0,1.0,49.0,9.0,3082.0,331.0,0.0,0.0,0.0,0.0,0.0,1.0,0.0,0.0,0.0,0.0,0.0,0.0,0.0,0.0,0.0,0.0,1.0,4.0,0.0,0.0,0.0,0.0,1.0,0.0,1.0,63.0,154.0,0.49,0.08,0.02,0.01,0.0,0.0,0.02,0.01,0.0,95466.0
0.0,1.0,3.0,1.0,0.0,0.0,0.0,0.0,0.0,0.0,0.0,0.0,0.0,0.0,0.0,0.0,0.0,0.0,0.0,0.0,0.0,0.0,1.0,1.0,0.0,0.0,1.0,1.0,1.0,0.0,0.0,255.0,2.0,0.01,0.06,0.0,0.0,0.68,0.0,0.03,1.0,0.0,117643.0
0.0,1.0,19.0,9.0,192.0,0.0,0.0,0.0,0.0,0.0,0.0,0.0,0.0,0.0,0.0,0.0,0.0,0.0,0.0,0.0,0.0,0.0,1.0,1.0,0.0,0.0,0.0,0.0,1.0,0.0,0.0,74.0,34.0,0.11,0.05,0.11,0.06,0.0,0.0,0.0,0.0,0.0,28567.0
0.0,1.0,19.0,9.0,334.0,0.0,0.0,0.0,0.0,0.0,0.0,1.0,0.0,0.0,0.0,0.0,0.0,0.0,0.0,0.0,0.0,0.0,1.0,1.0,0.0,0.0,0.0,0.0,1.0,0.0,0.0,7.0,7.0,1.0,0.0,1.0,0.0,0.0,0.0,0.0,0.0,1.0,26845.0
0.0,1.0,19.0,9.0,1470.0,0.0,0.0,0.0,0.0,0.0,0.0,1.0,0.0,0.0,0.0,0.0,0.0,0.0,0.0,0.0,0.0,0.0,3.0,3.0,0.0,0.0,0.0,0.0,1.0,0.0,0.0,200.0,81.0,0.28,0.04,0.28,0.02,0.01,0.0,0.0,0.0,0.0,90553.0
7510.0,1.0,1.0,9.0,7847476.0,474404.0,0.0,0.0,0.0,0.0,0.0,0.0,0.0,0.0,0.0,0.0,0.0,0.0,0.0,0.0,0.0,0.0,1.0,1.0,0.0,0.0,0.0,0.0,1.0,0.0,0.0,16.0,3.0,0.19,0.25,0.06,0.0,0.0,0.0,0.0,0.0,0.0,108348.0
0.0,1.0,19.0,9.0,879.0,0.0,0.0,0.0,0.0,0.0,0.0,0.0,0.0,0.0,0.0,0.0,0.0,0.0,0.0,0.0,0.0,0.0,18.0,18.0,0.0,0.0,0.0,0.0,1.0,0.0,0.0,246.0,122.0,0.5,0.02,0.5,0.0,0.0,0.0,0.0,0.0,0.0,20634.0
0.0,1.0,48.0,9.0,82.0,1.0,0.0,0.0,0.0,0.0,0.0,0.0,0.0,0.0,0.0,0.0,0.0,0.0,0.0,0.0,0.0,0.0,1.0,1.0,0.0,0.0,0.0,0.0,1.0,0.0,0.0,1.0,1.0,1.0,0.0,1.0,0.0,0.0,0.0,0.0,0.0,0.0,707.0
0.0,1.0,19.0,9.0,194.0,0.0,0.0,0.0,0.0,0.0,0.0,1.0,0.0,0.0,0.0,0.0,0.0,0.0,0.0,0.0,0.0,0.0,2.0,4.0,0.0,0.0,0.0,0.0,1.0,0.0,0.5,4.0,24.0,1.0,0.0,1.0,0.08,0.0,0.0,0.0,0.0,0.0,30707.0
0.0,1.0,19.0,9.0,334.0,0.0,0.0,0.0,0.0,0.0,0.0,1.0,0.0,0.0,0.0,0.0,0.0,0.0,0.0,0.0,0.0,0.0,1.0,1.0,0.0,0.0,0.0,0.0,1.0,0.0,0.0,5.0,9.0,1.0,0.0,1.0,0.33,0.0,0.0,0.0,0.0,1.0,45528.0
0.0,1.0,19.0,9.0,259.0,0.0,0.0,0.0,0.0,0.0,0.0,1.0,0.0,0.0,0.0,1.0,0.0,0.0,0.0,0.0,0.0,0.0,2.0,2.0,0.0,0.0,0.0,0.0,1.0,0.0,0.0,132.0,72.0,0.55,0.04,0.55,0.0,0.0,0.0,0.0,0.0,0.0,125182.0
0.0,1.0,19.0,9.0,245.0,0.0,0.0,0.0,0.0,0.0,0.0,1.0,0.0,0.0,0.0,1.0,0.0,0.0,0.0,0.0,0.0,0.0,2.0,2.0,0.0,0.0,0.0,0.0,1.0,0.0,0.0,108.0,42.0,0.16,0.67,0.15,0.05,0.0,0.0,0.59,0.02,0.0,15167.0
0.0,1.0,19.0,9.0,491.0,0.0,0.0,0.0,0.0,0.0,0.0,1.0,0.0,0.0,0.0,5.0,0.0,0.0,0.0,0.0,0.0,0.0,1.0,1.0,0.0,0.0,0.0,0.0,1.0,0.0,0.0,255.0,76.0,0.3,0.02,0.3,0.0,0.0,0.0,0.03,0.0,0.0,119859.0
0.0,1.0,3.0,9.0,14.0,39.0,0.0,0.0,0.0,0.0,0.0,1.0,0.0,0.0,0.0,0.0,0.0,0.0,0.0,0.0,0.0,0.0,1.0,1.0,0.0,0.0,0.0,0.0,1.0,0.0,0.0,35.0,2.0,0.03,0.11,0.03,1.0,0.0,0.0,0.0,0.0,0.0,47009.0
0.0,1.0,19.0,9.0,748.0,0.0,0.0,0.0,0.0,0.0,0.0,1.0,0.0,0.0,0.0,9.0,0.0,0.0,0.0,0.0,0.0,0.0,1.0,1.0,0.0,0.0,0.0,0.0,1.0,0.0,0.0,75.0,51.0,0.01,0.04,0.01,0.06,0.0,0.0,0.0,0.0,0.0,49462.0
0.0,1.0,19.0,9.0,637.0,0.0,0.0,0.0,0.0,0.0,0.0,0.0,0.0,0.0,0.0,0.0,0.0,0.0,0.0,0.0,0.0,0.0,6.0,6.0,0.0,0.0,0.0,0.0,1.0,0.0,0.0,255.0,12.0,0.05,0.07,0.05,0.0,0.89,0.0,0.0,0.0,0.0,35122.0
1.0,1.0,49.0,9.0,1031.0,391.0,0.0,0.0,0.0,0.0,0.0,1.0,0.0,0.0,0.0,0.0,0.0,0.0,0.0,0.0,0.0,0.0,1.0,2.0,0.0,0.0,0.0,0.0,1.0,0.0,1.0,255.0,26.0,0.1,0.06,0.0,0.0,0.0,0.0,0.87,0.0,0.0,21662.0
0.0,1.0,19.0,9.0,172.0,0.0,0.0,0.0,0.0,0.0,0.0,0.0,0.0,0.0,0.0,0.0,0.0,0.0,0.0,0.0,0.0,0.0,9.0,9.0,0.0,0.0,0.0,0.0,1.0,0.0,0.0,9.0,93.0,1.0,0.0,1.0,0.02,0.0,0.0,0.0,0.0,0.0,98337.0
0.0,0.0,14.0,9.0,1480.0,0.0,0.0,1.0,0.0,0.0,0.0,0.0,0.0,0.0,0.0,0.0,0.0,0.0,0.0,0.0,0.0,0.0,2.0,4.0,0.0,0.0,0.0,0.0,1.0,0.0,0.5,3.0,153.0,0.67,0.67,0.67,0.03,0.33,0.0,0.0,0.0,1.0,84552.0
0.0,1.0,19.0,9.0,190.0,0.0,0.0,0.0,0.0,0.0,0.0,1.0,0.0,0.0,0.0,1.0,0.0,0.0,0.0,0.0,0.0,0.0,2.0,3.0,0.0,0.0,0.0,0.0,1.0,0.0,0.67,255.0,71.0,0.28,0.02,0.28,0.0,0.0,0.0,0.04,0.0,0.0,103543.0
0.0,0.0,13.0,9.0,30.0,0.0,0.0,0.0,0.0,0.0,0.0,0.0,0.0,0.0,0.0,0.0,0.0,0.0,0.0,0.0,0.0,0.0,1.0,1.0,0.0,0.0,0.0,0.0,1.0,0.0,0.0,249.0,249.0,1.0,0.0,1.0,0.0,0.0,0.0,0.0,0.0,0.0,125935.0
0.0,1.0,19.0,9.0,252.0,0.0,0.0,0.0,0.0,0.0,0.0,1.0,0.0,0.0,0.0,0.0,0.0,0.0,0.0,0.0,0.0,0.0,2.0,2.0,0.0,0.0,0.0,0.0,1.0,0.0,0.0,255.0,111.0,0.44,0.03,0.44,0.0,0.0,0.01,0.0,0.0,0.0,111423.0
0.0,1.0,19.0,9.0,383.0,0.0,0.0,0.0,0.0,0.0,0.0,0.0,0.0,0.0,0.0,0.0,0.0,0.0,0.0,0.0,0.0,0.0,2.0,2.0,0.0,0.0,0.0,0.0,1.0,0.0,0.0,204.0,64.0,0.31,0.02,0.31,0.0,0.0,0.0,0.05,0.0,0.0,66327.0
0.0,0.0,14.0,9.0,1032.0,0.0,0.0,0.0,0.0,0.0,0.0,0.0,0.0,0.0,0.0,0.0,0.0,0.0,0.0,0.0,0.0,0.0,31.0,31.0,0.0,0.0,0.0,0.0,1.0,0.0,0.0,255.0,255.0,1.0,0.0,1.0,0.0,0.0,0.0,0.0,0.0,1.0,107577.0
0.0,1.0,19.0,9.0,383.0,0.0,0.0,0.0,0.0,0.0,0.0,0.0,0.0,0.0,0.0,0.0,0.0,0.0,0.0,0.0,0.0,0.0,2.0,2.0,0.0,0.0,0.0,0.0,1.0,0.0,0.0,194.0,39.0,0.2,0.02,0.2,0.0,0.0,0.0,0.0,0.0,0.0,89117.0
0.0,1.0,19.0,9.0,567.0,0.0,0.0,0.0,0.0,0.0,0.0,0.0,0.0,0.0,0.0,0.0,0.0,0.0,0.0,0.0,0.0,0.0,3.0,1.0,0.0,0.0,0.0,0.0,0.33,1.0,0.0,254.0,77.0,0.3,0.03,0.3,0.0,0.0,0.0,0.0,0.0,0.0,104732.0
0.0,1.0,19.0,9.0,748.0,0.0,0.0,0.0,0.0,0.0,0.0,1.0,0.0,0.0,0.0,9.0,0.0,0.0,0.0,0.0,0.0,0.0,1.0,1.0,0.0,0.0,0.0,0.0,1.0,0.0,0.0,2.0,97.0,0.5,1.0,0.5,0.02,0.0,0.0,0.0,0.0,0.0,20662.0
0.0,1.0,19.0,9.0,192.0,0.0,0.0,0.0,0.0,0.0,0.0,0.0,0.0,0.0,0.0,0.0,0.0,0.0,0.0,0.0,0.0,0.0,2.0,2.0,0.0,0.0,0.0,0.0,1.0,0.0,0.0,77.0,85.0,0.23,0.04,0.23,0.02,0.0,0.0,0.01,0.0,0.0,93173.0
0.0,1.0,19.0,9.0,245.0,0.0,0.0,0.0,0.0,0.0,0.0,1.0,0.0,0.0,0.0,1.0,0.0,0.0,0.0,0.0,0.0,0.0,2.0,2.0,0.0,0.0,0.0,0.0,1.0,0.0,0.0,255.0,82.0,0.32,0.02,0.32,0.0,0.0,0.0,0.0,0.0,0.0,113517.0
0.0,1.0,19.0,9.0,748.0,0.0,0.0,0.0,0.0,0.0,0.0,1.0,0.0,0.0,0.0,9.0,0.0,0.0,0.0,0.0,0.0,0.0,1.0,1.0,0.0,0.0,0.0,0.0,1.0,0.0,0.0,115.0,86.0,0.51,0.03,0.51,0.03,0.0,0.0,0.0,0.0,0.0,71453.0
0.0,0.0,14.0,9.0,1032.0,0.0,0.0,0.0,0.0,0.0,0.0,0.0,0.0,0.0,0.0,0.0,0.0,0.0,0.0,0.0,0.0,0.0,4.0,4.0,0.0,0.0,0.0,0.0,1.0,0.0,0.0,255.0,217.0,0.85,0.01,0.85,0.0,0.0,0.0,0.0,0.0,1.0,25016.0
0.0,1.0,19.0,9.0,334.0,0.0,0.0,0.0,0.0,0.0,0.0,1.0,0.0,0.0,0.0,0.0,0.0,0.0,0.0,0.0,0.0,0.0,1.0,1.0,0.0,0.0,0.0,0.0,1.0,0.0,0.0,3.0,9.0,1.0,0.0,1.0,0.22,0.0,0.0,0.0,0.0,1.0,1832.0
0.0,1.0,19.0,9.0,373.0,0.0,0.0,0.0,0.0,0.0,0.0,1.0,0.0,0.0,0.0,0.0,0.0,0.0,0.0,0.0,0.0,0.0,2.0,2.0,0.0,0.0,0.0,0.0,1.0,0.0,0.0,255.0,65.0,0.25,0.02,0.07,0.0,0.71,0.74,0.0,0.0,0.0,44753.0
0.0,1.0,19.0,9.0,383.0,0.0,0.0,0.0,0.0,0.0,0.0,0.0,0.0,0.0,0.0,0.0,0.0,0.0,0.0,0.0,0.0,0.0,2.0,2.0,0.0,0.0,0.0,0.0,1.0,0.0,0.0,220.0,65.0,0.3,0.02,0.3,0.0,0.0,0.0,0.04,0.0,0.0,118268.0
0.0,1.0,19.0,9.0,637.0,0.0,0.0,0.0,0.0,0.0,0.0,1.0,0.0,0.0,0.0,0.0,0.0,0.0,0.0,0.0,0.0,0.0,4.0,4.0,0.0,0.0,0.0,0.0,1.0,0.0,0.0,255.0,81.0,0.32,0.02,0.32,0.0,0.0,0.0,0.03,0.0,0.0,95111.0
0.0,1.0,49.0,9.0,1064.0,483.0,0.0,0.0,0.0,0.0,0.0,1.0,0.0,0.0,0.0,0.0,0.0,0.0,0.0,0.0,0.0,0.0,1.0,1.0,0.0,0.0,0.0,0.0,1.0,0.0,0.0,255.0,11.0,0.04,0.02,0.0,0.0,0.0,0.0,0.04,0.0,0.0,41713.0
0.0,1.0,49.0,9.0,1183.0,480.0,0.0,0.0,0.0,0.0,0.0,1.0,0.0,0.0,0.0,0.0,0.0,0.0,0.0,0.0,0.0,0.0,10.0,2.0,0.0,0.0,0.0,0.0,0.1,0.2,1.0,255.0,4.0,0.02,0.01,0.0,0.0,0.0,0.0,0.0,0.0,0.0,59990.0
0.0,1.0,19.0,9.0,637.0,0.0,0.0,0.0,0.0,0.0,0.0,0.0,0.0,0.0,0.0,0.0,0.0,0.0,0.0,0.0,0.0,0.0,7.0,7.0,0.0,0.0,0.0,0.0,1.0,0.0,0.0,38.0,17.0,0.45,0.11,0.45,0.0,0.0,0.0,0.0,0.0,0.0,116846.0
0.0,1.0,22.0,1.0,0.0,0.0,0.0,0.0,0.0,0.0,0.0,0.0,0.0,0.0,0.0,0.0,0.0,0.0,0.0,0.0,0.0,0.0,1.0,1.0,0.0,0.0,1.0,1.0,1.0,0.0,0.0,1.0,242.0,1.0,0.0,1.0,0.01,0.0,0.0,1.0,0.0,0.0,34135.0
0.0,1.0,19.0,9.0,567.0,0.0,0.0,0.0,0.0,0.0,0.0,0.0,0.0,0.0,0.0,0.0,0.0,0.0,0.0,0.0,0.0,0.0,1.0,1.0,0.0,0.0,0.0,0.0,1.0,0.0,0.0,47.0,38.0,0.15,0.11,0.15,0.05,0.0,0.0,0.0,0.0,0.0,24141.0
0.0,1.0,19.0,9.0,641.0,0.0,0.0,0.0,0.0,0.0,0.0,1.0,0.0,0.0,0.0,0.0,0.0,0.0,0.0,0.0,0.0,0.0,1.0,1.0,0.0,0.0,0.0,0.0,1.0,0.0,0.0,152.0,25.0,0.16,0.02,0.16,0.0,0.0,0.0,0.0,0.0,0.0,23837.0
0.0,1.0,19.0,9.0,16.0,0.0,0.0,0.0,0.0,0.0,0.0,0.0,0.0,0.0,0.0,0.0,0.0,0.0,0.0,0.0,0.0,0.0,2.0,2.0,0.0,0.0,0.0,0.0,1.0,0.0,0.0,255.0,26.0,0.1,0.74,0.1,0.0,0.73,0.0,0.0,0.0,0.0,37222.0
0.0,1.0,19.0,9.0,334.0,0.0,0.0,0.0,0.0,0.0,0.0,1.0,0.0,0.0,0.0,0.0,0.0,0.0,0.0,0.0,0.0,0.0,1.0,1.0,0.0,0.0,0.0,0.0,1.0,0.0,0.0,1.0,7.0,1.0,0.0,1.0,0.57,0.0,0.0,0.0,0.0,1.0,83924.0
2.0,1.0,55.0,2.0,0.0,15.0,0.0,0.0,0.0,0.0,0.0,0.0,0.0,0.0,0.0,0.0,0.0,0.0,0.0,0.0,0.0,0.0,1.0,1.0,0.0,0.0,1.0,1.0,1.0,0.0,0.0,4.0,7.0,0.25,1.0,0.25,0.43,0.0,0.0,1.0,0.29,1.0,119301.0
0.0,1.0,19.0,9.0,607.0,0.0,0.0,0.0,0.0,0.0,0.0,1.0,0.0,0.0,0.0,0.0,0.0,0.0,0.0,0.0,0.0,0.0,2.0,2.0,0.0,0.0,0.0,0.0,1.0,0.0,0.0,6.0,93.0,1.0,0.0,1.0,0.02,0.0,0.01,0.0,0.0,0.0,111476.0
0.0,0.0,14.0,9.0,1032.0,0.0,0.0,0.0,0.0,0.0,0.0,0.0,0.0,0.0,0.0,0.0,0.0,0.0,0.0,0.0,0.0,0.0,27.0,27.0,0.0,0.0,0.0,0.0,1.0,0.0,0.0,255.0,27.0,0.11,0.02,0.11,0.0,0.0,0.0,0.0,0.0,1.0,51464.0
0.0,2.0,45.0,9.0,207.0,0.0,0.0,0.0,0.0,0.0,0.0,0.0,0.0,0.0,0.0,0.0,0.0,0.0,0.0,0.0,0.0,0.0,2.0,2.0,0.0,0.0,0.0,0.0,1.0,0.0,0.0,74.0,66.0,0.89,0.03,0.89,0.0,0.0,0.0,0.0,0.0,1.0,7004.0
0.0,1.0,55.0,6.0,0.0,0.0,0.0,0.0,0.0,1.0,0.0,0.0,0.0,0.0,0.0,0.0,0.0,0.0,0.0,0.0,0.0,0.0,1.0,1.0,1.0,1.0,0.0,0.0,1.0,0.0,0.0,255.0,1.0,0.0,0.05,0.0,0.0,0.01,1.0,0.0,0.0,0.0,122964.0
0.0,1.0,49.0,9.0,955.0,436.0,0.0,0.0,0.0,0.0,0.0,1.0,0.0,0.0,0.0,0.0,0.0,0.0,0.0,0.0,0.0,0.0,1.0,1.0,0.0,0.0,0.0,0.0,1.0,0.0,0.0,255.0,16.0,0.06,0.09,0.0,0.0,0.84,0.0,0.01,0.0,0.0,78275.0
0.0,1.0,49.0,9.0,748.0,389.0,0.0,0.0,0.0,0.0,0.0,1.0,0.0,0.0,0.0,0.0,0.0,0.0,0.0,0.0,0.0,0.0,1.0,1.0,0.0,0.0,0.0,0.0,1.0,0.0,0.0,255.0,7.0,0.03,0.06,0.0,0.0,0.95,0.0,0.0,0.0,0.0,62938.0
0.0,1.0,19.0,9.0,1363.0,0.0,0.0,0.0,0.0,0.0,0.0,1.0,0.0,0.0,0.0,0.0,0.0,0.0,0.0,0.0,0.0,0.0,15.0,15.0,0.0,0.0,0.0,0.0,1.0,0.0,0.0,255.0,129.0,0.51,0.02,0.51,0.0,0.0,0.0,0.0,0.0,0.0,94859.0
0.0,1.0,19.0,9.0,491.0,0.0,0.0,0.0,0.0,0.0,0.0,0.0,0.0,0.0,0.0,0.0,0.0,0.0,0.0,0.0,0.0,0.0,2.0,2.0,0.0,0.0,0.0,0.0,1.0,0.0,0.0,190.0,68.0,0.26,0.02,0.26,0.03,0.0,0.0,0.04,0.0,0.0,64086.0
0.0,1.0,3.0,9.0,9.0,38.0,0.0,0.0,0.0,0.0,0.0,1.0,0.0,0.0,0.0,0.0,0.0,0.0,0.0,0.0,0.0,0.0,2.0,1.0,0.0,0.0,0.0,0.0,0.5,1.0,0.0,1.0,3.0,1.0,0.0,1.0,0.67,0.0,0.0,0.0,0.0,0.0,62913.0
0.0,1.0,19.0,9.0,252.0,0.0,0.0,0.0,0.0,0.0,0.0,1.0,0.0,0.0,0.0,0.0,0.0,0.0,0.0,0.0,0.0,0.0,2.0,2.0,0.0,0.0,0.0,0.0,1.0,0.0,0.0,255.0,112.0,0.44,0.02,0.44,0.0,0.0,0.0,0.0,0.0,0.0,34799.0
0.0,0.0,13.0,9.0,30.0,0.0,0.0,0.0,0.0,0.0,0.0,0.0,0.0,0.0,0.0,0.0,0.0,0.0,0.0,0.0,0.0,0.0,1.0,1.0,0.0,0.0,0.0,0.0,1.0,0.0,0.0,254.0,254.0,1.0,0.0,1.0,0.0,0.0,0.0,0.0,0.0,0.0,84402.0
0.0,1.0,19.0,9.0,439.0,0.0,0.0,0.0,0.0,0.0,0.0,1.0,0.0,0.0,0.0,4.0,0.0,0.0,0.0,0.0,0.0,0.0,2.0,2.0,0.0,0.0,0.0,0.0,1.0,0.0,0.0,29.0,44.0,0.07,0.14,0.07,0.05,0.0,0.0,0.0,0.0,0.0,28618.0
0.0,1.0,19.0,9.0,748.0,0.0,0.0,0.0,0.0,0.0,0.0,1.0,0.0,0.0,0.0,9.0,0.0,0.0,0.0,0.0,0.0,0.0,1.0,2.0,0.0,0.0,0.0,0.0,1.0,0.0,1.0,35.0,84.0,0.89,0.06,0.89,0.04,0.0,0.0,0.0,0.0,0.0,36641.0
0.0,1.0,49.0,9.0,1178.0,478.0,0.0,0.0,0.0,0.0,0.0,1.0,0.0,0.0,0.0,0.0,0.0,0.0,0.0,0.0,0.0,0.0,1.0,1.0,0.0,0.0,0.0,0.0,1.0,0.0,0.0,255.0,27.0,0.11,0.02,0.0,0.0,0.0,0.0,0.75,0.0,0.0,59205.0
0.0,1.0,19.0,9.0,383.0,0.0,0.0,0.0,0.0,0.0,0.0,0.0,0.0,0.0,0.0,0.0,0.0,0.0,0.0,0.0,0.0,0.0,2.0,3.0,0.0,0.0,0.0,0.0,1.0,0.0,0.67,236.0,102.0,0.39,0.02,0.39,0.02,0.0,0.0,0.0,0.0,0.0,40332.0
0.0,1.0,19.0,9.0,1153.0,0.0,0.0,0.0,0.0,0.0,0.0,1.0,0.0,0.0,0.0,0.0,0.0,0.0,0.0,0.0,0.0,0.0,2.0,2.0,0.0,0.0,0.0,0.0,1.0,0.0,0.0,236.0,90.0,0.36,0.02,0.36,0.02,0.0,0.0,0.0,0.0,0.0,93949.0
0.0,1.0,19.0,9.0,192.0,0.0,0.0,0.0,0.0,0.0,0.0,1.0,0.0,0.0,0.0,0.0,0.0,0.0,0.0,0.0,0.0,0.0,2.0,2.0,0.0,0.0,0.0,0.0,1.0,0.0,0.0,178.0,47.0,0.1,0.02,0.1,0.04,0.0,0.0,0.0,0.0,0.0,85732.0
0.0,1.0,49.0,9.0,3242.0,365.0,0.0,0.0,0.0,0.0,0.0,1.0,0.0,0.0,0.0,0.0,0.0,0.0,0.0,0.0,0.0,0.0,1.0,1.0,0.0,0.0,0.0,0.0,1.0,0.0,0.0,46.0,152.0,0.89,0.11,0.02,0.01,0.0,0.0,0.0,0.0,0.0,11104.0
5.0,1.0,49.0,9.0,1636.0,580.0,0.0,0.0,0.0,0.0,0.0,1.0,0.0,0.0,0.0,0.0,0.0,0.0,0.0,0.0,0.0,0.0,1.0,1.0,0.0,0.0,0.0,0.0,1.0,0.0,0.0,255.0,8.0,0.03,0.01,0.0,0.0,0.0,0.0,0.02,0.0,0.0,28874.0
0.0,1.0,19.0,9.0,1199.0,0.0,0.0,0.0,0.0,0.0,0.0,1.0,0.0,0.0,0.0,0.0,0.0,0.0,0.0,0.0,0.0,0.0,5.0,5.0,0.0,0.0,0.0,0.0,1.0,0.0,0.0,255.0,58.0,0.23,0.02,0.23,0.0,0.0,0.0,0.0,0.0,0.0,40029.0
23.0,1.0,41.0,9.0,1470.0,0.0,0.0,0.0,0.0,0.0,0.0,1.0,0.0,0.0,0.0,0.0,0.0,0.0,0.0,0.0,0.0,0.0,2.0,1.0,0.0,0.0,0.0,0.0,0.5,1.0,0.0,79.0,1.0,0.01,0.1,0.41,0.0,0.0,0.0,0.0,0.0,0.0,110341.0
0.0,1.0,19.0,9.0,373.0,0.0,0.0,0.0,0.0,0.0,0.0,1.0,0.0,0.0,0.0,0.0,0.0,0.0,0.0,0.0,0.0,0.0,21.0,21.0,0.05,0.05,0.0,0.0,1.0,0.0,0.0,255.0,107.0,0.42,0.02,0.42,0.0,0.0,0.01,0.0,0.0,0.0,9134.0
0.0,0.0,14.0,9.0,1032.0,0.0,0.0,0.0,0.0,0.0,0.0,0.0,0.0,0.0,0.0,0.0,0.0,0.0,0.0,0.0,0.0,0.0,43.0,43.0,0.0,0.0,0.0,0.0,1.0,0.0,0.0,255.0,43.0,0.17,0.02,0.17,0.0,0.0,0.0,0.0,0.0,1.0,12393.0
0.0,1.0,19.0,9.0,567.0,0.0,0.0,0.0,0.0,0.0,0.0,0.0,0.0,0.0,0.0,0.0,0.0,0.0,0.0,0.0,0.0,0.0,1.0,1.0,0.0,0.0,0.0,0.0,1.0,0.0,0.0,255.0,121.0,0.47,0.02,0.47,0.0,0.0,0.0,0.0,0.0,0.0,77483.0
0.0,1.0,19.0,9.0,383.0,0.0,0.0,0.0,0.0,0.0,0.0,1.0,0.0,0.0,0.0,0.0,0.0,0.0,0.0,0.0,0.0,0.0,2.0,2.0,0.0,0.0,0.0,0.0,1.0,0.0,0.0,19.0,54.0,0.16,0.21,0.16,0.04,0.0,0.02,0.0,0.0,0.0,27992.0
0.0,1.0,22.0,4.0,271.0,1.0,0.0,0.0,0.0,2.0,0.0,1.0,0.0,0.0,0.0,0.0,0.0,0.0,0.0,0.0,0.0,0.0,2.0,6.0,0.0,0.0,1.0,0.83,1.0,0.0,0.5,39.0,255.0,1.0,0.0,0.05,0.1,0.0,0.0,0.23,0.5,0.0,70808.0
0.0,1.0,19.0,9.0,748.0,0.0,0.0,0.0,0.0,0.0,0.0,0.0,0.0,0.0,0.0,0.0,0.0,0.0,0.0,0.0,0.0,0.0,1.0,1.0,0.0,0.0,0.0,0.0,1.0,0.0,0.0,162.0,39.0,0.14,0.02,0.14,0.05,0.0,0.03,0.0,0.0,0.0,109453.0
1.0,1.0,49.0,9.0,2641.0,328.0,0.0,0.0,0.0,0.0,0.0,1.0,0.0,0.0,0.0,0.0,0.0,0.0,0.0,0.0,0.0,0.0,1.0,3.0,0.0,0.0,0.0,0.0,1.0,0.0,1.0,3.0,186.0,1.0,0.0,0.33,0.02,0.0,0.01,0.0,0.0,0.0,106769.0
0.0,1.0,19.0,9.0,748.0,0.0,0.0,0.0,0.0,0.0,0.0,0.0,0.0,0.0,0.0,0.0,0.0,0.0,0.0,0.0,0.0,0.0,1.0,1.0,0.0,0.0,0.0,0.0,1.0,0.0,0.0,72.0,29.0,0.15,0.06,0.15,0.07,0.0,0.0,0.0,0.0,0.0,18245.0
3.0,1.0,49.0,9.0,3036.0,337.0,0.0,0.0,0.0,0.0,0.0,1.0,0.0,0.0,0.0,0.0,0.0,0.0,0.0,0.0,0.0,0.0,1.0,1.0,0.0,0.0,0.0,0.0,1.0,0.0,0.0,178.0,243.0,0.96,0.01,0.01,0.01,0.0,0.0,0.0,0.0,0.0,28651.0
0.0,1.0,17.0,9.0,8.0,138.0,0.0,0.0,0.0,0.0,0.0,0.0,0.0,0.0,0.0,0.0,0.0,0.0,0.0,0.0,0.0,0.0,1.0,1.0,0.0,0.0,0.0,0.0,1.0,0.0,0.0,145.0,10.0,0.04,0.04,0.01,0.2,0.01,0.1,0.0,0.0,0.0,97766.0
0.0,1.0,49.0,5.0,0.0,0.0,0.0,0.0,0.0,0.0,0.0,0.0,0.0,0.0,0.0,0.0,0.0,0.0,0.0,0.0,0.0,0.0,2.0,2.0,0.5,0.5,0.0,0.0,1.0,0.0,0.0,255.0,23.0,0.09,0.62,0.01,0.0,0.0,0.04,0.0,0.0,0.0,21399.0
0.0,1.0,49.0,9.0,2840.0,328.0,0.0,0.0,0.0,0.0,0.0,1.0,0.0,0.0,0.0,0.0,0.0,0.0,0.0,0.0,0.0,0.0,1.0,1.0,0.0,0.0,0.0,0.0,1.0,0.0,0.0,199.0,245.0,0.96,0.01,0.01,0.01,0.0,0.0,0.0,0.0,0.0,115528.0
0.0,1.0,19.0,9.0,567.0,0.0,0.0,0.0,0.0,0.0,0.0,0.0,0.0,0.0,0.0,0.0,0.0,0.0,0.0,0.0,0.0,0.0,1.0,1.0,0.0,0.0,0.0,0.0,1.0,0.0,0.0,28.0,43.0,0.89,0.07,0.89,0.05,0.0,0.0,0.0,0.0,0.0,8896.0
0.0,1.0,19.0,9.0,740.0,0.0,0.0,0.0,0.0,0.0,0.0,1.0,0.0,0.0,0.0,9.0,0.0,0.0,0.0,0.0,0.0,0.0,2.0,2.0,0.0,0.0,0.0,0.0,1.0,0.0,0.0,108.0,109.0,0.78,0.03,0.78,0.02,0.0,0.0,0.0,0.0,0.0,97302.0
0.0,2.0,45.0,9.0,215.0,0.0,0.0,0.0,0.0,0.0,0.0,0.0,0.0,0.0,0.0,0.0,0.0,0.0,0.0,0.0,0.0,0.0,1.0,1.0,0.0,0.0,0.0,0.0,1.0,0.0,0.0,67.0,59.0,0.88,0.03,0.88,0.0,0.0,0.0,0.0,0.0,1.0,47049.0
0.0,1.0,19.0,9.0,245.0,0.0,0.0,0.0,0.0,0.0,0.0,1.0,0.0,0.0,0.0,1.0,0.0,0.0,0.0,0.0,0.0,0.0,2.0,2.0,0.0,0.0,0.0,0.0,1.0,0.0,0.0,148.0,109.0,0.36,0.04,0.36,0.02,0.0,0.0,0.0,0.0,0.0,98278.0
0.0,1.0,19.0,1.0,0.0,0.0,0.0,0.0,0.0,0.0,0.0,0.0,0.0,0.0,0.0,0.0,0.0,0.0,0.0,0.0,0.0,0.0,1.0,1.0,0.0,0.0,1.0,1.0,1.0,0.0,0.0,1.0,7.0,1.0,0.0,1.0,0.29,0.0,0.0,1.0,0.29,1.0,27878.0
0.0,2.0,45.0,9.0,207.0,0.0,0.0,0.0,0.0,0.0,0.0,0.0,0.0,0.0,0.0,0.0,0.0,0.0,0.0,0.0,0.0,0.0,2.0,2.0,0.0,0.0,0.0,0.0,1.0,0.0,0.0,198.0,166.0,0.84,0.01,0.84,0.0,0.0,0.0,0.0,0.0,1.0,18734.0
0.0,1.0,19.0,9.0,383.0,0.0,0.0,0.0,0.0,0.0,0.0,1.0,0.0,0.0,0.0,0.0,0.0,0.0,0.0,0.0,0.0,0.0,2.0,2.0,0.0,0.0,0.0,0.0,1.0,0.0,0.0,156.0,90.0,0.37,0.03,0.37,0.02,0.01,0.0,0.0,0.0,0.0,97366.0
0.0,1.0,19.0,9.0,194.0,0.0,0.0,0.0,0.0,0.0,0.0,1.0,0.0,0.0,0.0,0.0,0.0,0.0,0.0,0.0,0.0,0.0,2.0,2.0,0.0,0.0,0.0,0.0,1.0,0.0,0.0,114.0,19.0,0.09,0.04,0.09,0.11,0.0,0.0,0.0,0.0,0.0,67621.0
0.0,1.0,19.0,9.0,1556.0,0.0,0.0,0.0,0.0,0.0,0.0,0.0,0.0,0.0,0.0,0.0,0.0,0.0,0.0,0.0,0.0,0.0,5.0,5.0,0.0,0.0,0.0,0.0,1.0,0.0,0.0,255.0,112.0,0.44,0.03,0.44,0.0,0.0,0.0,0.0,0.0,0.0,99885.0
0.0,1.0,22.0,1.0,0.0,0.0,0.0,0.0,0.0,0.0,0.0,0.0,0.0,0.0,0.0,0.0,0.0,0.0,0.0,0.0,0.0,0.0,1.0,1.0,0.0,0.0,1.0,1.0,1.0,0.0,0.0,1.0,255.0,1.0,0.0,1.0,0.05,0.0,0.0,1.0,0.05,0.0,120191.0
0.0,2.0,45.0,9.0,207.0,0.0,0.0,0.0,0.0,0.0,0.0,0.0,0.0,0.0,0.0,0.0,0.0,0.0,0.0,0.0,0.0,0.0,2.0,2.0,0.0,0.0,0.0,0.0,1.0,0.0,0.0,72.0,64.0,0.89,0.03,0.89,0.0,0.0,0.0,0.0,0.0,1.0,75698.0
6.0,1.0,1.0,9.0,299160.0,16764.0,0.0,0.0,0.0,0.0,0.0,1.0,0.0,0.0,0.0,0.0,0.0,0.0,0.0,0.0,0.0,0.0,1.0,1.0,0.0,0.0,0.0,0.0,1.0,0.0,0.0,255.0,17.0,0.07,0.03,0.0,0.0,0.0,0.0,0.0,0.0,0.0,47020.0
0.0,1.0,19.0,9.0,59.0,0.0,0.0,0.0,0.0,0.0,0.0,1.0,0.0,0.0,0.0,0.0,0.0,0.0,0.0,0.0,0.0,0.0,158.0,8.0,0.95,0.0,0.0,0.0,0.05,0.06,0.0,255.0,14.0,0.05,0.06,0.05,0.0,0.95,0.0,0.0,0.0,0.0,123483.0
0.0,1.0,19.0,9.0,11.0,0.0,0.0,0.0,0.0,0.0,0.0,0.0,0.0,0.0,0.0,0.0,0.0,0.0,0.0,0.0,0.0,0.0,1.0,1.0,0.0,0.0,0.0,0.0,1.0,0.0,0.0,255.0,25.0,0.1,0.01,0.1,0.0,0.69,0.0,0.0,0.0,0.0,10860.0
0.0,1.0,19.0,9.0,192.0,0.0,0.0,0.0,0.0,0.0,0.0,1.0,0.0,0.0,0.0,0.0,0.0,0.0,0.0,0.0,0.0,0.0,2.0,2.0,0.0,0.0,0.0,0.0,1.0,0.0,0.0,127.0,39.0,0.03,0.02,0.03,0.05,0.0,0.0,0.0,0.0,0.0,15386.0
0.0,1.0,19.0,9.0,1109.0,0.0,0.0,0.0,0.0,0.0,0.0,1.0,0.0,0.0,0.0,0.0,0.0,0.0,0.0,0.0,0.0,0.0,1.0,1.0,0.0,0.0,0.0,0.0,1.0,0.0,0.0,160.0,58.0,0.19,0.03,0.19,0.03,0.0,0.0,0.0,0.0,0.0,83300.0
0.0,1.0,41.0,9.0,1556.0,0.0,0.0,0.0,0.0,0.0,0.0,1.0,0.0,0.0,0.0,0.0,0.0,0.0,0.0,0.0,0.0,0.0,5.0,1.0,0.0,0.0,0.0,0.0,0.2,1.0,0.0,216.0,1.0,0.0,0.06,0.39,0.0,0.0,0.0,0.0,0.0,0.0,113764.0
0.0,1.0,19.0,9.0,167.0,0.0,0.0,0.0,0.0,0.0,0.0,0.0,0.0,0.0,0.0,0.0,0.0,0.0,0.0,0.0,0.0,0.0,2.0,2.0,0.0,0.0,0.0,0.0,1.0,0.0,0.0,255.0,33.0,0.13,0.07,0.13,0.0,0.79,0.0,0.0,0.0,0.0,94416.0
0.0,1.0,49.0,9.0,2212.0,283.0,0.0,0.0,0.0,0.0,0.0,1.0,0.0,0.0,0.0,0.0,0.0,0.0,0.0,0.0,0.0,0.0,1.0,2.0,0.0,0.0,0.0,0.0,1.0,0.0,1.0,69.0,160.0,0.62,0.07,0.01,0.02,0.0,0.0,0.0,0.0,0.0,35739.0
0.0,1.0,22.0,9.0,335.0,20.0,0.0,0.0,0.0,0.0,0.0,1.0,0.0,0.0,0.0,0.0,0.0,0.0,0.0,0.0,0.0,0.0,42.0,42.0,0.0,0.0,0.0,0.0,1.0,0.0,0.0,255.0,255.0,1.0,0.0,0.0,0.0,0.01,0.01,0.0,0.0,0.0,123802.0
0.0,1.0,49.0,9.0,840.0,386.0,0.0,0.0,0.0,0.0,0.0,1.0,0.0,0.0,0.0,0.0,0.0,0.0,0.0,0.0,0.0,0.0,1.0,1.0,0.0,0.0,0.0,0.0,1.0,0.0,0.0,255.0,3.0,0.01,0.06,0.0,0.0,0.97,0.0,0.0,0.0,0.0,75725.0
0.0,1.0,19.0,9.0,852.0,0.0,0.0,0.0,0.0,0.0,0.0,0.0,0.0,0.0,0.0,0.0,0.0,0.0,0.0,0.0,0.0,0.0,1.0,1.0,0.0,0.0,0.0,0.0,1.0,0.0,0.0,109.0,15.0,0.14,0.04,0.14,0.0,0.0,0.0,0.0,0.0,0.0,90941.0
0.0,1.0,49.0,9.0,3121.0,335.0,0.0,0.0,0.0,0.0,0.0,1.0,0.0,0.0,0.0,0.0,0.0,0.0,0.0,0.0,0.0,0.0,1.0,1.0,0.0,0.0,0.0,0.0,1.0,0.0,0.0,102.0,161.0,0.42,0.03,0.01,0.02,0.0,0.0,0.0,0.0,0.0,19594.0
4.0,1.0,19.0,9.0,832.0,0.0,0.0,0.0,0.0,0.0,0.0,1.0,0.0,0.0,0.0,0.0,0.0,0.0,0.0,0.0,0.0,0.0,1.0,1.0,0.0,0.0,0.0,0.0,1.0,0.0,0.0,8.0,33.0,1.0,0.0,1.0,0.15,0.0,0.03,0.0,0.0,1.0,25673.0
0.0,1.0,19.0,9.0,748.0,0.0,0.0,0.0,0.0,0.0,0.0,0.0,0.0,0.0,0.0,0.0,0.0,0.0,0.0,0.0,0.0,0.0,1.0,1.0,0.0,0.0,0.0,0.0,1.0,0.0,0.0,55.0,37.0,0.67,0.05,0.67,0.0,0.0,0.0,0.0,0.0,0.0,107399.0
0.0,2.0,45.0,9.0,207.0,0.0,0.0,0.0,0.0,0.0,0.0,0.0,0.0,0.0,0.0,0.0,0.0,0.0,0.0,0.0,0.0,0.0,2.0,2.0,0.0,0.0,0.0,0.0,1.0,0.0,0.0,192.0,160.0,0.83,0.01,0.83,0.0,0.0,0.0,0.0,0.0,1.0,35249.0
0.0,0.0,14.0,9.0,1480.0,0.0,0.0,1.0,0.0,0.0,0.0,0.0,0.0,0.0,0.0,0.0,0.0,0.0,0.0,0.0,0.0,0.0,1.0,3.0,0.0,0.0,0.0,0.0,1.0,0.0,0.67,3.0,151.0,1.0,0.0,1.0,0.07,0.0,0.0,0.0,0.0,1.0,73972.0
0.0,1.0,17.0,5.0,0.0,0.0,1.0,0.0,0.0,0.0,0.0,0.0,0.0,0.0,0.0,0.0,0.0,0.0,0.0,0.0,0.0,0.0,1.0,2.0,1.0,1.0,0.0,0.0,1.0,0.0,1.0,1.0,5.0,1.0,0.0,1.0,1.0,1.0,1.0,0.0,0.0,1.0,121116.0
0.0,1.0,19.0,9.0,334.0,0.0,0.0,0.0,0.0,0.0,0.0,1.0,0.0,0.0,0.0,0.0,0.0,0.0,0.0,0.0,0.0,0.0,2.0,2.0,0.0,0.0,0.0,0.0,1.0,0.0,0.0,17.0,49.0,0.94,0.12,1.0,0.1,0.0,0.0,0.0,0.0,1.0,6436.0
0.0,1.0,19.0,9.0,960.0,0.0,0.0,0.0,0.0,0.0,0.0,1.0,0.0,0.0,0.0,0.0,0.0,0.0,0.0,0.0,0.0,0.0,2.0,2.0,0.0,0.0,0.0,0.0,1.0,0.0,0.0,142.0,122.0,0.35,0.02,0.35,0.02,0.0,0.0,0.0,0.0,0.0,60704.0
0.0,2.0,45.0,9.0,215.0,0.0,0.0,0.0,0.0,0.0,0.0,0.0,0.0,0.0,0.0,0.0,0.0,0.0,0.0,0.0,0.0,0.0,1.0,1.0,0.0,0.0,0.0,0.0,1.0,0.0,0.0,254.0,213.0,0.84,0.01,0.84,0.0,0.0,0.0,0.0,0.0,0.0,36302.0
