duration,protocol_type,service,flag,src_bytes,dst_bytes,wrong_fragment,hot,logged_in,num_compromised,su_attempted,num_root,num_access_files,count,serror_rate,srv_serror_rate,rerror_rate,srv_rerror_rate,same_srv_rate,diff_srv_rate,srv_diff_host_rate,dst_host_count,dst_host_srv_count,dst_host_same_srv_rate,dst_host_diff_srv_rate,dst_host_same_src_port_rate,dst_host_srv_diff_host_rate,dst_host_serror_rate,dst_host_srv_serror_rate,dst_host_srv_rerror_rate,classe,posicaoOriginal
458.0,2.0,40.0,9.0,147.0,105.0,0.0,0.0,0.0,0.0,0.0,0.0,0.0,4.0,0.0,0.0,0.0,0.0,0.5,0.5,0.0,255.0,2.0,0.01,0.65,0.94,0.0,0.0,0.0,0.0,0.0,114172.0
0.0,1.0,19.0,9.0,749.0,0.0,0.0,0.0,0.0,0.0,0.0,0.0,0.0,2.0,0.0,0.0,0.0,0.0,1.0,0.0,0.0,255.0,29.0,0.11,0.01,0.11,0.0,0.67,0.0,0.0,0.0,97220.0
0.0,1.0,22.0,1.0,0.0,0.0,0.0,0.0,0.0,0.0,0.0,0.0,0.0,1.0,0.0,0.0,1.0,1.0,1.0,0.0,0.8,23.0,255.0,1.0,0.0,0.04,0.2,0.0,0.0,1.0,0.0,26950.0
0.0,1.0,22.0,1.0,0.0,0.0,0.0,0.0,0.0,0.0,0.0,0.0,0.0,1.0,0.0,0.0,1.0,1.0,1.0,0.0,0.0,15.0,253.0,1.0,0.0,0.07,0.17,0.0,0.0,0.98,0.0,70861.0
0.0,0.0,57.0,9.0,36.0,0.0,0.0,0.0,0.0,0.0,0.0,0.0,0.0,3.0,0.0,0.0,0.0,0.0,0.33,1.0,0.0,177.0,80.0,0.19,0.04,0.19,0.03,0.0,0.0,0.0,0.0,58234.0
0.0,1.0,19.0,9.0,1376.0,0.0,0.0,0.0,1.0,0.0,0.0,0.0,0.0,1.0,0.0,0.0,0.0,0.0,1.0,0.0,0.0,255.0,103.0,0.4,0.02,0.4,0.0,0.0,0.0,0.0,0.0,124475.0
0.0,1.0,22.0,1.0,0.0,0.0,0.0,0.0,0.0,0.0,0.0,0.0,0.0,1.0,0.0,0.0,1.0,1.0,1.0,0.0,1.0,6.0,255.0,1.0,0.0,0.17,0.18,0.0,0.0,1.0,0.0,17850.0
0.0,1.0,22.0,1.0,0.0,0.0,0.0,0.0,0.0,0.0,0.0,0.0,0.0,1.0,0.0,0.0,1.0,1.0,1.0,0.0,0.0,1.0,140.0,1.0,0.0,1.0,0.06,0.0,0.0,0.04,0.0,108075.0
0.0,1.0,54.0,2.0,0.0,0.0,0.0,0.0,0.0,0.0,0.0,0.0,0.0,1.0,0.0,0.0,1.0,1.0,1.0,0.0,0.0,255.0,31.0,0.12,0.07,0.0,0.0,0.7,0.45,0.13,0.0,118849.0
2713.0,2.0,40.0,9.0,147.0,105.0,0.0,0.0,0.0,0.0,0.0,0.0,0.0,4.0,0.0,0.0,0.0,0.0,0.5,0.5,0.0,255.0,2.0,0.01,0.86,1.0,0.0,0.0,0.0,0.0,0.0,15446.0
12132.0,2.0,40.0,9.0,147.0,105.0,0.0,0.0,0.0,0.0,0.0,0.0,0.0,1.0,0.0,0.0,0.0,0.0,1.0,0.0,0.0,255.0,2.0,0.01,0.76,0.98,0.0,0.0,0.0,0.0,0.0,44276.0
2594.0,2.0,40.0,9.0,146.0,105.0,0.0,0.0,0.0,0.0,0.0,0.0,0.0,1.0,0.0,0.0,0.0,0.0,1.0,0.0,0.0,255.0,1.0,0.0,0.82,0.99,0.0,0.0,0.0,0.0,0.0,81598.0
0.0,1.0,19.0,9.0,854.0,0.0,0.0,0.0,1.0,0.0,0.0,0.0,0.0,3.0,0.0,0.0,0.0,0.0,1.0,0.0,0.0,157.0,111.0,0.34,0.04,0.34,0.02,0.0,0.0,0.0,0.0,119294.0
0.0,1.0,19.0,9.0,194.0,0.0,0.0,0.0,0.0,0.0,0.0,0.0,0.0,2.0,0.0,0.0,0.0,0.0,1.0,0.0,0.0,95.0,4.0,0.04,0.05,0.04,0.0,0.0,0.0,0.0,0.0,101617.0
0.0,1.0,19.0,9.0,567.0,0.0,0.0,0.0,1.0,0.0,0.0,6.0,0.0,1.0,0.0,0.0,0.0,0.0,1.0,0.0,0.0,55.0,48.0,0.09,0.13,0.09,0.04,0.0,0.02,0.0,0.0,56619.0
0.0,1.0,22.0,1.0,0.0,0.0,0.0,0.0,0.0,0.0,0.0,0.0,0.0,1.0,0.0,0.0,1.0,1.0,1.0,0.0,0.0,1.0,91.0,1.0,0.0,1.0,0.27,0.0,0.0,1.0,0.0,40607.0
0.0,1.0,22.0,1.0,0.0,0.0,0.0,0.0,0.0,0.0,0.0,0.0,0.0,1.0,0.0,0.0,1.0,1.0,1.0,0.0,1.0,26.0,26.0,1.0,0.0,0.04,0.0,0.04,0.04,0.96,0.0,78307.0
0.0,0.0,13.0,9.0,30.0,0.0,0.0,0.0,0.0,0.0,0.0,0.0,0.0,2.0,0.0,0.0,0.0,0.0,0.5,1.0,0.0,255.0,35.0,0.14,0.01,0.63,0.0,0.0,0.0,0.0,0.0,111341.0
0.0,0.0,13.0,9.0,30.0,0.0,0.0,0.0,0.0,0.0,0.0,0.0,0.0,5.0,0.0,0.0,0.0,0.0,0.2,0.6,0.0,255.0,29.0,0.11,0.01,0.54,0.0,0.0,0.0,0.0,0.0,80839.0
12689.0,2.0,40.0,9.0,146.0,105.0,0.0,0.0,0.0,0.0,0.0,0.0,0.0,4.0,0.0,0.0,0.0,0.0,0.5,0.5,0.0,218.0,2.0,0.01,0.62,0.95,0.0,0.0,0.0,0.0,0.0,75173.0
6795.0,2.0,40.0,9.0,147.0,105.0,0.0,0.0,0.0,0.0,0.0,0.0,0.0,5.0,0.0,0.0,0.0,0.0,0.2,0.6,0.0,255.0,1.0,0.0,0.52,0.96,0.0,0.0,0.0,0.0,0.0,82596.0
0.0,1.0,22.0,1.0,0.0,0.0,0.0,0.0,0.0,0.0,0.0,0.0,0.0,1.0,0.0,0.95,1.0,0.05,1.0,0.0,0.1,2.0,224.0,1.0,0.0,0.5,0.08,0.0,0.0,1.0,0.0,17166.0
0.0,1.0,19.0,9.0,334.0,0.0,0.0,0.0,1.0,0.0,0.0,0.0,0.0,1.0,0.0,0.0,0.0,0.0,1.0,0.0,0.0,6.0,6.0,1.0,0.0,1.0,0.0,0.0,0.0,0.0,1.0,87494.0
0.0,1.0,19.0,9.0,334.0,0.0,0.0,0.0,1.0,0.0,0.0,0.0,0.0,1.0,0.0,0.0,0.0,0.0,1.0,0.0,0.0,5.0,23.0,1.0,0.0,1.0,0.17,0.0,0.0,0.0,1.0,73513.0
0.0,1.0,19.0,9.0,567.0,0.0,0.0,0.0,1.0,0.0,0.0,6.0,0.0,1.0,0.0,0.0,0.0,0.0,1.0,0.0,0.67,194.0,63.0,0.3,0.04,0.3,0.03,0.0,0.0,0.0,0.0,95552.0
0.0,2.0,40.0,9.0,4.0,4.0,0.0,0.0,0.0,0.0,0.0,0.0,0.0,1.0,0.0,0.0,0.0,0.0,1.0,0.0,0.0,1.0,1.0,1.0,0.0,1.0,0.0,0.0,0.0,0.0,1.0,73906.0
0.0,1.0,22.0,1.0,0.0,0.0,0.0,0.0,0.0,0.0,0.0,0.0,0.0,1.0,0.0,0.0,1.0,1.0,1.0,0.0,1.0,12.0,247.0,1.0,0.0,0.08,0.06,0.0,0.0,0.51,0.0,86084.0
0.0,1.0,22.0,1.0,0.0,0.0,0.0,0.0,0.0,0.0,0.0,0.0,0.0,1.0,0.0,0.0,1.0,1.0,1.0,0.0,1.0,6.0,253.0,1.0,0.0,0.17,0.2,0.0,0.0,1.0,0.0,4311.0
0.0,2.0,44.0,9.0,1.0,0.0,0.0,0.0,0.0,0.0,0.0,0.0,0.0,5.0,0.0,0.0,0.0,0.0,1.0,0.0,0.0,255.0,208.0,0.82,0.03,1.0,0.0,0.0,0.0,0.0,1.0,74037.0
0.0,1.0,19.0,9.0,641.0,0.0,0.0,0.0,1.0,0.0,0.0,0.0,0.0,2.0,0.0,0.0,0.0,0.0,1.0,0.0,0.0,255.0,103.0,0.4,0.02,0.4,0.0,0.0,0.0,0.0,0.0,31790.0
0.0,1.0,22.0,1.0,0.0,0.0,0.0,0.0,0.0,0.0,0.0,0.0,0.0,1.0,0.0,0.0,1.0,1.0,1.0,0.0,0.0,9.0,227.0,1.0,0.0,0.11,0.11,0.0,0.0,1.0,0.0,62116.0
4545.0,2.0,40.0,9.0,146.0,105.0,0.0,0.0,0.0,0.0,0.0,0.0,0.0,2.0,0.0,0.0,0.0,0.0,1.0,0.0,0.0,255.0,2.0,0.01,0.86,1.0,0.0,0.0,0.0,0.0,0.0,110023.0
5245.0,2.0,40.0,9.0,147.0,105.0,0.0,0.0,0.0,0.0,0.0,0.0,0.0,1.0,0.0,0.0,0.0,0.0,1.0,0.0,0.0,255.0,1.0,0.0,0.59,0.85,0.0,0.0,0.0,0.0,0.0,58641.0
0.0,1.0,22.0,1.0,0.0,0.0,0.0,0.0,0.0,0.0,0.0,0.0,0.0,1.0,0.0,0.0,1.0,1.0,1.0,0.0,1.0,12.0,255.0,1.0,0.0,0.08,0.13,0.0,0.0,0.79,0.0,19915.0
6915.0,2.0,40.0,9.0,147.0,105.0,0.0,0.0,0.0,0.0,0.0,0.0,0.0,5.0,0.0,0.0,0.0,0.0,0.2,0.6,0.0,255.0,1.0,0.0,0.49,0.92,0.0,0.0,0.0,0.0,0.0,31716.0
1464.0,2.0,40.0,9.0,147.0,105.0,0.0,0.0,0.0,0.0,0.0,0.0,0.0,7.0,0.0,0.0,0.0,0.0,0.14,0.57,0.0,255.0,3.0,0.01,0.5,0.82,0.0,0.0,0.0,0.0,0.0,20370.0
1.0,1.0,48.0,9.0,4200.0,326.0,0.0,0.0,1.0,0.0,0.0,0.0,0.0,1.0,0.0,0.0,0.0,0.0,1.0,0.0,1.0,102.0,122.0,0.5,0.05,0.01,0.02,0.0,0.0,0.0,0.0,106606.0
2625.0,2.0,40.0,9.0,147.0,105.0,0.0,0.0,0.0,0.0,0.0,0.0,0.0,4.0,0.0,0.0,0.0,0.0,0.5,0.5,0.0,255.0,2.0,0.01,0.75,1.0,0.0,0.0,0.0,0.0,0.0,117814.0
0.0,1.0,22.0,1.0,0.0,0.0,0.0,0.0,0.0,0.0,0.0,0.0,0.0,1.0,0.0,0.0,1.0,1.0,1.0,0.0,0.0,2.0,235.0,1.0,0.0,0.5,0.21,0.0,0.0,1.0,0.0,52709.0
0.0,1.0,22.0,5.0,0.0,0.0,0.0,0.0,0.0,0.0,0.0,0.0,0.0,2.0,0.5,0.5,0.0,0.0,1.0,0.0,0.0,2.0,255.0,1.0,0.0,1.0,0.01,0.5,0.0,0.0,0.0,17133.0
10326.0,2.0,40.0,9.0,146.0,105.0,0.0,0.0,0.0,0.0,0.0,0.0,0.0,5.0,0.0,0.0,0.0,0.0,0.4,0.6,0.0,255.0,2.0,0.01,0.85,1.0,0.0,0.0,0.0,0.0,0.0,533.0
2140.0,2.0,40.0,9.0,147.0,105.0,0.0,0.0,0.0,0.0,0.0,0.0,0.0,5.0,0.0,0.0,0.0,0.0,0.2,0.6,0.0,21.0,1.0,0.05,0.76,1.0,0.0,0.0,0.0,0.0,0.0,21992.0
0.0,1.0,22.0,1.0,0.0,0.0,0.0,0.0,0.0,0.0,0.0,0.0,0.0,1.0,0.0,0.0,1.0,1.0,1.0,0.0,0.0,7.0,255.0,1.0,0.0,0.14,0.11,0.0,0.0,0.81,0.0,52409.0
12913.0,1.0,54.0,9.0,97.0,2487.0,0.0,0.0,1.0,0.0,0.0,0.0,0.0,1.0,0.0,0.0,0.0,0.0,1.0,0.0,0.0,9.0,1.0,0.11,0.44,0.11,0.0,0.11,0.0,0.0,0.0,32699.0
0.0,1.0,22.0,1.0,0.0,0.0,0.0,0.0,0.0,0.0,0.0,0.0,0.0,1.0,0.0,0.0,1.0,1.0,1.0,0.0,0.0,5.0,255.0,1.0,0.0,0.2,0.14,0.0,0.0,0.82,0.0,109919.0
0.0,1.0,19.0,9.0,334.0,0.0,0.0,0.0,1.0,0.0,0.0,0.0,0.0,1.0,0.0,0.0,0.0,0.0,1.0,0.0,0.0,3.0,13.0,1.0,0.0,1.0,0.31,0.0,0.0,0.0,1.0,72426.0
0.0,1.0,17.0,6.0,7.0,0.0,0.0,0.0,0.0,0.0,0.0,0.0,0.0,1.0,1.0,1.0,0.0,0.0,1.0,0.0,0.0,85.0,8.0,0.07,0.04,0.01,0.25,0.04,0.25,0.0,0.0,79391.0
0.0,1.0,22.0,1.0,0.0,0.0,0.0,0.0,0.0,0.0,0.0,0.0,0.0,2.0,0.0,0.0,1.0,1.0,1.0,0.0,0.67,2.0,10.0,1.0,0.0,0.5,0.3,0.0,0.0,1.0,0.0,5334.0
0.0,1.0,19.0,9.0,334.0,0.0,0.0,0.0,1.0,0.0,0.0,0.0,0.0,2.0,0.0,0.0,0.0,0.0,1.0,0.0,0.0,14.0,43.0,0.86,0.14,0.86,0.12,0.0,0.0,0.0,1.0,61250.0
0.0,2.0,44.0,9.0,1.0,26.0,0.0,0.0,0.0,0.0,0.0,0.0,0.0,26.0,0.0,0.0,0.0,0.0,0.5,0.12,0.0,255.0,13.0,0.05,0.82,0.2,0.0,0.16,0.0,0.0,1.0,114431.0
0.0,1.0,19.0,9.0,259.0,0.0,0.0,0.0,1.0,0.0,0.0,1.0,0.0,2.0,0.0,0.0,0.0,0.0,1.0,0.0,0.0,53.0,21.0,0.4,0.08,0.4,0.0,0.0,0.0,0.0,0.0,74188.0
0.0,1.0,22.0,1.0,0.0,0.0,0.0,0.0,0.0,0.0,0.0,0.0,0.0,1.0,0.0,0.0,1.0,1.0,1.0,0.0,1.0,4.0,229.0,1.0,0.0,0.25,0.1,0.0,0.0,0.69,0.0,29837.0
2476.0,2.0,40.0,9.0,147.0,105.0,0.0,0.0,0.0,0.0,0.0,0.0,0.0,1.0,0.0,0.0,0.0,0.0,1.0,0.0,0.0,255.0,1.0,0.0,0.87,0.98,0.0,0.0,0.0,0.0,0.0,71253.0
0.0,0.0,14.0,9.0,1480.0,0.0,1.0,0.0,0.0,0.0,0.0,0.0,0.0,1.0,0.0,0.0,0.0,0.0,1.0,0.0,0.67,1.0,151.0,1.0,0.0,1.0,0.05,0.0,0.0,0.0,1.0,111283.0
3106.0,2.0,40.0,9.0,146.0,105.0,0.0,0.0,0.0,0.0,0.0,0.0,0.0,1.0,0.0,0.0,0.0,0.0,1.0,0.0,0.0,255.0,1.0,0.0,0.53,0.74,0.0,0.0,0.0,0.0,0.0,13406.0
0.0,1.0,19.0,9.0,259.0,0.0,0.0,0.0,0.0,0.0,0.0,0.0,0.0,2.0,0.0,0.0,0.0,0.0,1.0,0.0,0.0,6.0,2.0,0.33,0.33,0.33,0.0,0.0,0.0,0.0,0.0,81377.0
12.0,1.0,19.0,9.0,7045.0,0.0,0.0,0.0,1.0,0.0,0.0,0.0,0.0,2.0,0.0,0.0,0.0,0.0,1.0,0.0,0.0,2.0,39.0,1.0,0.0,1.0,0.13,0.0,0.0,0.0,1.0,114641.0
5193.0,2.0,40.0,9.0,146.0,105.0,0.0,0.0,0.0,0.0,0.0,0.0,0.0,1.0,0.0,0.0,0.0,0.0,1.0,0.0,0.0,255.0,1.0,0.0,0.76,0.98,0.0,0.0,0.0,0.0,0.0,102905.0
0.0,1.0,19.0,9.0,334.0,0.0,0.0,0.0,1.0,0.0,0.0,0.0,0.0,1.0,0.0,0.0,0.0,0.0,1.0,0.0,0.0,9.0,49.0,1.0,0.0,1.0,0.14,0.0,0.0,0.0,1.0,16946.0
0.0,1.0,22.0,1.0,0.0,0.0,0.0,0.0,0.0,0.0,0.0,0.0,0.0,1.0,0.0,0.0,1.0,1.0,1.0,0.0,0.0,8.0,213.0,1.0,0.0,0.12,0.2,0.0,0.0,0.85,0.0,47948.0
0.0,1.0,19.0,9.0,567.0,0.0,0.0,0.0,1.0,0.0,0.0,6.0,0.0,1.0,0.0,0.0,0.0,0.0,1.0,0.0,0.0,6.0,56.0,0.17,0.5,0.17,0.04,0.0,0.0,0.0,0.0,99891.0
0.0,1.0,22.0,1.0,0.0,0.0,0.0,0.0,0.0,0.0,0.0,0.0,0.0,1.0,0.0,0.0,1.0,1.0,1.0,0.0,0.0,1.0,245.0,1.0,0.0,1.0,0.25,0.0,0.0,1.0,0.0,114287.0
0.0,1.0,19.0,9.0,201.0,0.0,0.0,0.0,1.0,0.0,0.0,0.0,0.0,1.0,0.0,0.0,0.0,0.0,1.0,0.0,0.0,7.0,7.0,1.0,0.0,1.0,0.0,0.0,0.0,0.0,0.0,123331.0
2574.0,2.0,40.0,9.0,146.0,105.0,0.0,0.0,0.0,0.0,0.0,0.0,0.0,1.0,0.0,0.0,0.0,0.0,1.0,0.0,0.0,255.0,1.0,0.0,0.64,0.95,0.0,0.0,0.0,0.0,0.0,48847.0
0.0,0.0,13.0,9.0,18.0,0.0,0.0,0.0,0.0,0.0,0.0,0.0,0.0,1.0,0.0,0.0,0.0,0.0,1.0,0.0,0.0,2.0,254.0,1.0,0.0,1.0,0.25,0.0,0.0,0.0,1.0,72215.0
0.0,2.0,44.0,9.0,1.0,0.0,0.0,0.0,0.0,0.0,0.0,0.0,0.0,1.0,0.0,0.0,0.0,0.0,1.0,0.0,0.0,255.0,1.0,0.0,0.07,0.11,0.0,0.0,0.0,0.0,1.0,34121.0
0.0,1.0,44.0,1.0,0.0,0.0,0.0,0.0,0.0,0.0,0.0,0.0,0.0,12.0,0.0,0.0,1.0,1.0,0.25,0.17,0.0,255.0,23.0,0.09,0.06,0.0,0.0,0.0,0.0,1.0,1.0,23517.0
0.0,1.0,22.0,1.0,0.0,0.0,0.0,0.0,0.0,0.0,0.0,0.0,0.0,1.0,0.0,0.0,1.0,1.0,1.0,0.0,0.0,1.0,16.0,1.0,0.0,1.0,0.31,0.0,0.0,1.0,0.0,33988.0
0.0,1.0,22.0,1.0,0.0,0.0,0.0,0.0,0.0,0.0,0.0,0.0,0.0,1.0,0.0,0.0,1.0,1.0,1.0,0.0,0.0,5.0,251.0,1.0,0.0,0.2,0.2,0.0,0.0,0.97,0.0,14660.0
1470.0,2.0,40.0,9.0,145.0,105.0,0.0,0.0,0.0,0.0,0.0,0.0,0.0,4.0,0.0,0.0,0.0,0.0,0.5,0.5,0.0,255.0,4.0,0.02,0.62,0.92,0.0,0.0,0.0,0.0,0.0,109875.0
0.0,0.0,14.0,9.0,1480.0,0.0,1.0,0.0,0.0,0.0,0.0,0.0,0.0,2.0,0.0,0.0,0.0,0.0,1.0,0.0,0.0,5.0,155.0,0.8,0.4,0.8,0.01,0.2,0.0,0.0,1.0,3423.0
2583.0,2.0,40.0,9.0,146.0,105.0,0.0,0.0,0.0,0.0,0.0,0.0,0.0,1.0,0.0,0.0,0.0,0.0,1.0,0.0,0.0,255.0,1.0,0.0,0.85,0.98,0.0,0.0,0.0,0.0,0.0,67641.0
0.0,0.0,14.0,9.0,1480.0,0.0,1.0,0.0,0.0,0.0,0.0,0.0,0.0,1.0,0.0,0.0,0.0,0.0,1.0,0.0,0.67,3.0,151.0,1.0,0.0,1.0,0.11,0.0,0.0,0.0,1.0,93499.0
990.0,2.0,40.0,9.0,145.0,105.0,0.0,0.0,0.0,0.0,0.0,0.0,0.0,1.0,0.0,0.0,0.0,0.0,1.0,0.0,0.0,255.0,1.0,0.0,0.64,0.94,0.0,0.0,0.0,0.0,0.0,68479.0
0.0,1.0,22.0,1.0,0.0,0.0,0.0,0.0,0.0,0.0,0.0,0.0,0.0,1.0,0.0,0.0,1.0,1.0,1.0,0.0,0.0,1.0,238.0,1.0,0.0,1.0,0.15,0.0,0.0,1.0,0.0,120311.0
0.0,1.0,22.0,1.0,0.0,0.0,0.0,0.0,0.0,0.0,0.0,0.0,0.0,1.0,0.0,0.0,1.0,1.0,1.0,0.0,0.0,81.0,69.0,0.85,0.05,0.01,0.0,0.0,0.0,1.0,0.0,77878.0
0.0,1.0,22.0,1.0,0.0,0.0,0.0,0.0,0.0,0.0,0.0,0.0,0.0,1.0,0.0,0.0,1.0,1.0,1.0,0.0,1.0,17.0,255.0,1.0,0.0,0.06,0.13,0.0,0.0,0.86,0.0,39430.0
0.0,1.0,19.0,9.0,383.0,0.0,0.0,0.0,1.0,0.0,0.0,0.0,0.0,1.0,0.0,0.0,0.0,0.0,1.0,0.0,0.0,34.0,51.0,0.21,0.15,0.21,0.04,0.0,0.0,0.0,0.0,110829.0
0.0,1.0,22.0,1.0,0.0,0.0,0.0,0.0,0.0,0.0,0.0,0.0,0.0,1.0,0.0,0.0,1.0,1.0,1.0,0.0,0.0,8.0,231.0,1.0,0.0,0.12,0.09,0.0,0.0,0.67,0.0,8112.0
0.0,1.0,19.0,9.0,334.0,0.0,0.0,0.0,1.0,0.0,0.0,0.0,0.0,2.0,0.0,0.0,0.0,0.0,1.0,0.0,0.0,251.0,101.0,0.4,0.02,0.4,0.0,0.0,0.0,0.0,1.0,39711.0
0.0,1.0,3.0,1.0,0.0,0.0,0.0,0.0,0.0,0.0,0.0,0.0,0.0,1.0,0.0,0.0,1.0,1.0,1.0,0.0,0.0,255.0,3.0,0.01,0.06,0.01,0.0,0.63,0.0,1.0,0.0,7161.0
0.0,1.0,19.0,9.0,334.0,0.0,0.0,0.0,1.0,0.0,0.0,0.0,0.0,1.0,0.0,0.0,0.0,0.0,1.0,0.0,0.0,16.0,48.0,0.94,0.12,1.0,0.1,0.0,0.0,0.0,1.0,24704.0
0.0,1.0,22.0,1.0,0.0,0.0,0.0,0.0,0.0,0.0,0.0,0.0,0.0,1.0,0.0,0.0,1.0,1.0,1.0,0.0,0.0,3.0,253.0,1.0,0.0,0.33,0.34,0.0,0.0,1.0,0.0,93878.0
0.0,1.0,22.0,1.0,0.0,0.0,0.0,0.0,0.0,0.0,0.0,0.0,0.0,1.0,0.0,0.0,1.0,1.0,1.0,0.0,0.0,3.0,59.0,1.0,0.0,0.33,0.2,0.0,0.0,1.0,0.0,110018.0
0.0,1.0,19.0,9.0,383.0,0.0,0.0,0.0,1.0,0.0,0.0,0.0,0.0,3.0,0.0,0.0,0.0,0.0,1.0,0.0,0.0,255.0,110.0,0.43,0.02,0.44,0.0,0.0,0.01,0.0,0.0,34319.0
0.0,1.0,17.0,5.0,0.0,0.0,0.0,0.0,0.0,0.0,0.0,0.0,0.0,1.0,1.0,1.0,0.0,0.0,1.0,0.0,1.0,1.0,6.0,1.0,0.0,1.0,0.33,1.0,0.17,0.0,1.0,38774.0
958.0,2.0,40.0,9.0,147.0,105.0,0.0,0.0,0.0,0.0,0.0,0.0,0.0,1.0,0.0,0.0,0.0,0.0,1.0,0.0,0.0,255.0,3.0,0.01,0.57,0.87,0.0,0.0,0.0,0.0,0.0,117494.0
0.0,1.0,22.0,1.0,0.0,0.0,0.0,0.0,0.0,0.0,0.0,0.0,0.0,1.0,0.0,0.0,1.0,1.0,1.0,0.0,1.0,4.0,255.0,1.0,0.0,0.25,0.21,0.0,0.01,0.97,0.0,27449.0
1721.0,2.0,40.0,9.0,147.0,105.0,0.0,0.0,0.0,0.0,0.0,0.0,0.0,1.0,0.0,0.0,0.0,0.0,1.0,0.0,0.0,255.0,1.0,0.0,0.64,0.89,0.0,0.0,0.0,0.0,0.0,23338.0
0.0,2.0,44.0,9.0,28.0,0.0,1.0,0.0,0.0,0.0,0.0,0.0,0.0,1.0,0.0,0.0,0.0,0.0,1.0,0.0,0.0,255.0,1.0,0.0,0.01,0.0,0.0,0.0,0.0,0.0,1.0,8850.0
0.0,1.0,40.0,9.0,965.0,0.0,0.0,0.0,1.0,0.0,0.0,0.0,0.0,12.0,0.08,0.0,0.0,0.0,0.08,0.42,0.0,121.0,1.0,0.01,0.17,0.28,0.0,0.03,0.0,0.0,0.0,46710.0
0.0,1.0,22.0,1.0,0.0,0.0,0.0,0.0,0.0,0.0,0.0,0.0,0.0,1.0,0.0,0.0,1.0,1.0,1.0,0.0,0.0,1.0,104.0,1.0,0.0,1.0,0.18,0.0,0.0,1.0,0.0,11572.0
0.0,1.0,19.0,9.0,641.0,0.0,0.0,0.0,1.0,0.0,0.0,0.0,0.0,2.0,0.0,0.0,0.0,0.0,1.0,0.0,0.6,57.0,128.0,0.61,0.04,0.61,0.02,0.0,0.0,0.0,0.0,48424.0
12954.0,2.0,40.0,9.0,145.0,105.0,0.0,0.0,0.0,0.0,0.0,0.0,0.0,1.0,0.0,0.0,0.0,0.0,1.0,0.0,0.0,255.0,2.0,0.01,0.5,0.85,0.0,0.0,0.0,0.0,0.0,112288.0
0.0,0.0,13.0,9.0,30.0,0.0,0.0,0.0,0.0,0.0,0.0,0.0,0.0,7.0,0.0,0.0,0.0,0.0,0.14,0.29,0.0,255.0,4.0,0.02,0.01,0.11,0.0,0.0,0.0,0.0,0.0,41193.0
0.0,2.0,44.0,9.0,207.0,0.0,0.0,0.0,0.0,0.0,0.0,0.0,0.0,2.0,0.0,0.0,0.0,0.0,1.0,0.0,0.0,2.0,2.0,1.0,0.0,1.0,0.0,0.0,0.0,0.0,1.0,30375.0
0.0,1.0,19.0,9.0,383.0,0.0,0.0,0.0,0.0,0.0,0.0,0.0,0.0,1.0,0.0,0.0,0.0,0.0,1.0,0.0,0.0,62.0,118.0,0.84,0.05,0.84,0.02,0.0,0.0,0.0,0.0,65298.0
0.0,1.0,19.0,9.0,567.0,0.0,0.0,0.0,0.0,0.0,0.0,0.0,0.0,1.0,0.0,0.0,0.0,0.0,1.0,0.0,0.0,19.0,118.0,0.79,0.16,0.79,0.02,0.0,0.0,0.0,0.0,62842.0
0.0,1.0,19.0,9.0,383.0,0.0,0.0,0.0,0.0,0.0,0.0,0.0,0.0,2.0,0.0,0.0,0.0,0.0,1.0,0.0,0.67,236.0,102.0,0.39,0.02,0.39,0.02,0.0,0.0,0.0,0.0,40332.0
0.0,0.0,14.0,9.0,1480.0,0.0,1.0,0.0,0.0,0.0,0.0,0.0,0.0,1.0,0.0,0.0,0.0,0.0,1.0,0.0,0.67,3.0,151.0,1.0,0.0,1.0,0.1,0.0,0.0,0.0,1.0,23537.0
0.0,1.0,19.0,9.0,1692.0,0.0,0.0,0.0,1.0,0.0,0.0,0.0,0.0,1.0,0.0,0.0,0.0,0.0,1.0,0.0,0.0,255.0,68.0,0.27,0.02,0.03,0.0,0.93,0.88,0.0,0.0,27166.0
0.0,1.0,19.0,9.0,383.0,0.0,0.0,0.0,0.0,0.0,0.0,0.0,0.0,2.0,0.0,0.0,0.0,0.0,1.0,0.0,0.0,255.0,117.0,0.46,0.01,0.46,0.0,0.0,0.01,0.0,0.0,19977.0
0.0,2.0,11.0,9.0,17.0,0.0,0.0,0.0,0.0,0.0,0.0,0.0,0.0,1.0,0.0,0.0,0.0,0.0,1.0,0.0,1.0,1.0,20.0,1.0,0.0,1.0,0.15,0.0,0.0,0.0,0.0,43688.0
0.0,1.0,19.0,9.0,641.0,0.0,0.0,0.0,1.0,0.0,0.0,0.0,0.0,1.0,0.0,0.0,0.0,0.0,1.0,0.0,0.0,152.0,25.0,0.16,0.02,0.16,0.0,0.0,0.0,0.0,0.0,23837.0
0.0,1.0,22.0,1.0,0.0,0.0,0.0,0.0,0.0,0.0,0.0,0.0,0.0,1.0,0.0,0.0,1.0,1.0,1.0,0.0,0.0,15.0,255.0,1.0,0.0,0.07,0.09,0.0,0.0,0.97,0.0,39340.0
0.0,1.0,19.0,9.0,383.0,0.0,0.0,0.0,1.0,0.0,0.0,0.0,0.0,2.0,0.0,0.0,0.0,0.0,1.0,0.0,0.0,255.0,103.0,0.4,0.03,0.4,0.0,0.01,0.01,0.0,0.0,57820.0
8610.0,2.0,40.0,9.0,146.0,105.0,0.0,0.0,0.0,0.0,0.0,0.0,0.0,1.0,0.0,0.0,0.0,0.0,1.0,0.0,0.0,255.0,1.0,0.0,0.52,0.89,0.0,0.0,0.0,0.0,0.0,20001.0
0.0,1.0,22.0,1.0,0.0,0.0,0.0,0.0,0.0,0.0,0.0,0.0,0.0,1.0,0.0,0.0,1.0,1.0,1.0,0.0,1.0,1.0,255.0,1.0,0.0,1.0,0.18,0.0,0.0,0.9,0.0,111761.0
0.0,1.0,22.0,5.0,0.0,0.0,0.0,0.0,0.0,0.0,0.0,0.0,0.0,2.0,1.0,0.67,0.0,0.0,1.0,0.0,0.67,2.0,255.0,1.0,0.0,0.5,0.04,1.0,0.01,0.0,0.0,75712.0
2630.0,2.0,40.0,9.0,147.0,105.0,0.0,0.0,0.0,0.0,0.0,0.0,0.0,1.0,0.0,0.0,0.0,0.0,1.0,0.0,0.0,255.0,1.0,0.0,0.86,0.98,0.0,0.0,0.0,0.0,0.0,124148.0
0.0,0.0,13.0,9.0,30.0,0.0,0.0,0.0,0.0,0.0,0.0,0.0,0.0,7.0,0.0,0.0,0.0,0.0,0.14,0.29,0.0,255.0,3.0,0.01,0.01,0.06,0.0,0.0,0.0,0.0,0.0,116415.0
0.0,1.0,19.0,9.0,334.0,0.0,0.0,0.0,1.0,0.0,0.0,0.0,0.0,2.0,0.0,0.0,0.0,0.0,1.0,0.0,0.0,13.0,40.0,1.0,0.0,1.0,0.08,0.0,0.0,0.0,1.0,75509.0
0.0,1.0,19.0,9.0,1342.0,0.0,0.0,0.0,1.0,0.0,0.0,0.0,0.0,5.0,0.0,0.0,0.0,0.0,1.0,0.0,0.0,255.0,57.0,0.22,0.02,0.22,0.0,0.0,0.0,0.0,0.0,84963.0
0.0,1.0,19.0,9.0,334.0,0.0,0.0,0.0,1.0,0.0,0.0,0.0,0.0,1.0,0.0,0.0,0.0,0.0,1.0,0.0,0.0,6.0,46.0,1.0,0.0,1.0,0.04,0.0,0.02,0.0,1.0,101248.0
1910.0,2.0,40.0,9.0,146.0,105.0,0.0,0.0,0.0,0.0,0.0,0.0,0.0,1.0,0.0,0.0,0.0,0.0,1.0,0.0,0.0,255.0,3.0,0.01,0.56,0.96,0.0,0.0,0.0,0.0,0.0,121245.0
0.0,1.0,22.0,1.0,0.0,0.0,0.0,0.0,0.0,0.0,0.0,0.0,0.0,1.0,0.0,0.0,1.0,1.0,1.0,0.0,1.0,1.0,94.0,1.0,0.0,1.0,0.35,0.0,0.0,1.0,0.0,92266.0
0.0,1.0,19.0,9.0,334.0,0.0,0.0,0.0,1.0,0.0,0.0,0.0,0.0,1.0,0.0,0.0,0.0,0.0,1.0,0.0,0.0,13.0,40.0,1.0,0.0,1.0,0.1,0.0,0.0,0.0,1.0,13108.0
0.0,2.0,44.0,9.0,1.0,74.0,0.0,0.0,0.0,0.0,0.0,0.0,0.0,25.0,0.0,0.0,0.0,0.0,0.16,0.16,0.0,255.0,4.0,0.02,0.79,0.23,0.0,0.16,0.0,0.0,1.0,16345.0
0.0,2.0,44.0,9.0,1.0,0.0,0.0,0.0,0.0,0.0,0.0,0.0,0.0,11.0,0.0,0.0,0.0,0.0,1.0,0.0,0.0,255.0,208.0,0.82,0.03,1.0,0.0,0.0,0.0,0.0,1.0,21843.0
3918.0,2.0,40.0,9.0,146.0,105.0,0.0,0.0,0.0,0.0,0.0,0.0,0.0,1.0,0.0,0.0,0.0,0.0,1.0,0.0,0.0,255.0,1.0,0.0,0.57,0.82,0.0,0.0,0.0,0.0,0.0,30037.0
12985.0,2.0,40.0,9.0,145.0,105.0,0.0,0.0,0.0,0.0,0.0,0.0,0.0,5.0,0.0,0.0,0.0,0.0,0.4,0.6,0.0,255.0,2.0,0.01,0.85,1.0,0.0,0.0,0.0,0.0,0.0,124163.0
0.0,1.0,22.0,1.0,0.0,0.0,0.0,0.0,0.0,0.0,0.0,0.0,0.0,1.0,0.0,0.0,1.0,0.5,1.0,0.0,1.0,2.0,226.0,1.0,0.0,0.5,0.14,0.0,0.0,1.0,0.0,45107.0
4645.0,2.0,40.0,9.0,146.0,105.0,0.0,0.0,0.0,0.0,0.0,0.0,0.0,1.0,0.0,0.0,0.0,0.0,1.0,0.0,0.0,255.0,2.0,0.01,0.56,0.88,0.0,0.0,0.0,0.0,0.0,74672.0
0.0,1.0,22.0,1.0,0.0,0.0,0.0,0.0,0.0,0.0,0.0,0.0,0.0,1.0,0.0,0.0,1.0,1.0,1.0,0.0,0.0,2.0,254.0,1.0,0.0,0.5,0.16,0.0,0.0,1.0,0.0,17665.0
3935.0,2.0,40.0,9.0,147.0,105.0,0.0,0.0,0.0,0.0,0.0,0.0,0.0,5.0,0.0,0.0,0.0,0.0,0.2,0.6,0.0,90.0,1.0,0.01,0.69,0.94,0.0,0.0,0.0,0.0,0.0,112918.0
910.0,2.0,40.0,9.0,147.0,105.0,0.0,0.0,0.0,0.0,0.0,0.0,0.0,1.0,0.0,0.0,0.0,0.0,1.0,0.0,0.0,255.0,3.0,0.01,0.73,0.97,0.0,0.0,0.0,0.0,0.0,120968.0
1350.0,2.0,40.0,9.0,147.0,105.0,0.0,0.0,0.0,0.0,0.0,0.0,0.0,1.0,0.0,0.0,0.0,0.0,1.0,0.0,0.0,63.0,1.0,0.02,0.73,0.97,0.0,0.0,0.0,0.0,0.0,114360.0
0.0,1.0,22.0,1.0,0.0,0.0,0.0,0.0,0.0,0.0,0.0,0.0,0.0,1.0,0.0,0.0,1.0,1.0,1.0,0.0,1.0,9.0,19.0,1.0,0.0,0.11,0.26,0.0,0.0,1.0,0.0,8910.0
22466.0,2.0,40.0,9.0,146.0,105.0,0.0,0.0,0.0,0.0,0.0,0.0,0.0,1.0,0.0,0.0,0.0,0.0,1.0,0.0,0.0,255.0,1.0,0.0,0.85,0.99,0.0,0.0,0.0,0.0,0.0,38815.0
0.0,0.0,14.0,9.0,1480.0,0.0,1.0,0.0,0.0,0.0,0.0,0.0,0.0,2.0,0.0,0.0,0.0,0.0,1.0,0.0,0.5,4.0,151.0,1.0,0.0,1.0,0.11,0.0,0.0,0.0,1.0,81157.0
0.0,1.0,19.0,9.0,383.0,0.0,0.0,0.0,0.0,0.0,0.0,0.0,0.0,2.0,0.0,0.0,0.0,0.0,1.0,0.0,0.0,125.0,23.0,0.18,0.04,0.18,0.0,0.0,0.0,0.0,0.0,115637.0
0.0,1.0,22.0,1.0,0.0,0.0,0.0,0.0,0.0,0.0,0.0,0.0,0.0,1.0,0.0,0.0,1.0,1.0,1.0,0.0,0.0,12.0,251.0,1.0,0.0,0.08,0.06,0.0,0.0,1.0,0.0,12331.0
0.0,2.0,44.0,9.0,1.0,26.0,0.0,0.0,0.0,0.0,0.0,0.0,0.0,19.0,0.0,0.0,0.0,0.0,0.05,0.21,0.0,255.0,1.0,0.0,0.88,0.13,0.0,0.16,0.0,0.0,1.0,111920.0
24120.0,2.0,11.0,9.0,88.0,42.0,0.0,0.0,0.0,0.0,0.0,0.0,0.0,2.0,0.0,0.0,0.0,0.0,1.0,0.0,0.5,26.0,18.0,0.69,0.08,0.31,0.0,0.0,0.0,0.0,0.0,104310.0
0.0,1.0,22.0,1.0,0.0,0.0,0.0,0.0,0.0,0.0,0.0,0.0,0.0,1.0,0.0,0.0,1.0,1.0,1.0,0.0,0.0,9.0,255.0,1.0,0.0,0.11,0.13,0.0,0.0,0.84,0.0,53011.0
0.0,1.0,22.0,1.0,0.0,0.0,0.0,0.0,0.0,0.0,0.0,0.0,0.0,1.0,0.0,0.0,1.0,1.0,1.0,0.0,0.0,9.0,2.0,0.22,0.22,0.11,0.0,0.0,0.0,1.0,0.0,25999.0
0.0,1.0,19.0,9.0,641.0,0.0,0.0,0.0,1.0,0.0,0.0,0.0,0.0,2.0,0.0,0.0,0.0,0.0,1.0,0.0,0.1,110.0,57.0,0.17,0.05,0.17,0.04,0.0,0.0,0.0,0.0,107266.0
0.0,1.0,19.0,9.0,334.0,0.0,0.0,0.0,1.0,0.0,0.0,0.0,0.0,1.0,0.0,0.0,0.0,0.0,1.0,0.0,0.0,3.0,21.0,1.0,0.0,1.0,0.19,0.0,0.0,0.0,1.0,63225.0
0.0,1.0,22.0,1.0,0.0,0.0,0.0,0.0,0.0,0.0,0.0,0.0,0.0,1.0,0.0,0.0,1.0,1.0,1.0,0.0,1.0,2.0,255.0,1.0,0.0,0.5,0.14,0.0,0.0,0.78,0.0,16464.0
2560.0,2.0,40.0,9.0,147.0,105.0,0.0,0.0,0.0,0.0,0.0,0.0,0.0,1.0,0.0,0.0,0.0,0.0,1.0,0.0,0.0,255.0,2.0,0.01,0.65,0.96,0.0,0.0,0.0,0.0,0.0,77175.0
2931.0,2.0,40.0,9.0,146.0,105.0,0.0,0.0,0.0,0.0,0.0,0.0,0.0,2.0,0.0,0.0,0.0,0.0,1.0,0.0,0.0,255.0,5.0,0.02,0.52,0.9,0.0,0.0,0.0,0.0,0.0,43390.0
0.0,1.0,19.0,9.0,334.0,0.0,0.0,0.0,1.0,0.0,0.0,0.0,0.0,2.0,0.0,0.0,0.0,0.0,1.0,0.0,0.0,7.0,39.0,1.0,0.0,1.0,0.13,0.0,0.0,0.0,1.0,117458.0
0.0,1.0,22.0,1.0,0.0,0.0,0.0,0.0,0.0,0.0,0.0,0.0,0.0,1.0,0.0,0.0,1.0,1.0,1.0,0.0,0.0,25.0,253.0,1.0,0.0,0.04,0.12,0.0,0.0,0.98,0.0,71748.0
0.0,1.0,19.0,9.0,319.0,0.0,0.0,0.0,1.0,0.0,0.0,1.0,0.0,2.0,0.0,0.0,0.0,0.0,1.0,0.0,0.0,5.0,2.0,0.4,0.6,0.4,0.0,0.0,0.0,0.0,0.0,82319.0
3305.0,2.0,40.0,9.0,146.0,105.0,0.0,0.0,0.0,0.0,0.0,0.0,0.0,1.0,0.0,0.0,0.0,0.0,1.0,0.0,0.0,255.0,2.0,0.01,0.69,0.96,0.0,0.0,0.0,0.0,0.0,100932.0
0.0,1.0,19.0,9.0,201.0,0.0,0.0,0.0,1.0,0.0,0.0,0.0,0.0,1.0,0.0,0.0,0.0,0.0,1.0,0.0,0.0,104.0,112.0,0.33,0.05,0.33,0.02,0.0,0.0,0.0,0.0,60366.0
0.0,1.0,22.0,5.0,0.0,0.0,0.0,0.0,0.0,0.0,0.0,0.0,0.0,29.0,0.03,0.03,0.0,0.0,1.0,0.0,0.0,29.0,255.0,1.0,0.0,0.07,0.03,0.03,0.0,0.0,0.0,33318.0
0.0,1.0,22.0,1.0,0.0,0.0,0.0,0.0,0.0,0.0,0.0,0.0,0.0,1.0,0.0,0.0,1.0,1.0,1.0,0.0,0.0,14.0,187.0,1.0,0.0,0.07,0.2,0.0,0.0,1.0,0.0,43875.0
0.0,1.0,22.0,1.0,0.0,0.0,0.0,0.0,0.0,0.0,0.0,0.0,0.0,1.0,0.0,0.0,1.0,1.0,1.0,0.0,0.0,3.0,203.0,1.0,0.0,0.33,0.15,0.0,0.0,0.97,0.0,76996.0
0.0,1.0,22.0,1.0,0.0,0.0,0.0,0.0,0.0,0.0,0.0,0.0,0.0,1.0,0.0,0.0,1.0,1.0,1.0,0.0,0.0,11.0,30.0,1.0,0.0,0.09,0.07,0.0,0.0,1.0,0.0,122949.0
0.0,1.0,22.0,1.0,0.0,0.0,0.0,0.0,0.0,0.0,0.0,0.0,0.0,1.0,0.0,0.0,1.0,1.0,1.0,0.0,0.0,1.0,201.0,1.0,0.0,1.0,0.03,0.0,0.0,0.68,0.0,50590.0
2630.0,2.0,40.0,9.0,147.0,105.0,0.0,0.0,0.0,0.0,0.0,0.0,0.0,1.0,0.0,0.0,0.0,0.0,1.0,0.0,0.0,255.0,1.0,0.0,0.85,0.98,0.0,0.0,0.0,0.0,0.0,42226.0
12.0,1.0,19.0,9.0,7045.0,0.0,0.0,0.0,1.0,0.0,0.0,0.0,0.0,2.0,0.0,0.0,0.0,0.0,1.0,0.0,0.0,2.0,27.0,1.0,0.0,1.0,0.19,0.0,0.0,0.0,1.0,21300.0
0.0,1.0,19.0,9.0,495.0,0.0,0.0,0.0,1.0,0.0,0.0,5.0,0.0,1.0,0.0,0.0,0.0,0.0,1.0,0.0,0.0,86.0,65.0,0.27,0.03,0.27,0.03,0.0,0.02,0.0,0.0,54236.0
0.0,1.0,19.0,9.0,209.0,0.0,0.0,0.0,0.0,0.0,0.0,0.0,0.0,2.0,0.0,0.0,0.0,0.0,1.0,0.0,0.0,6.0,13.0,0.67,0.33,0.67,0.15,0.0,0.08,0.0,0.0,8665.0
0.0,1.0,19.0,9.0,567.0,0.0,0.0,0.0,1.0,0.0,0.0,6.0,0.0,1.0,0.0,0.0,0.0,0.0,1.0,0.0,0.0,9.0,20.0,0.11,0.33,0.11,0.15,0.0,0.0,0.0,0.0,90402.0
4.0,1.0,22.0,1.0,0.0,0.0,0.0,0.0,0.0,0.0,0.0,0.0,0.0,511.0,0.0,0.0,0.0,1.0,0.0,0.0,0.0,86.0,64.0,0.74,0.02,0.01,0.0,0.0,0.0,1.0,0.0,45428.0
0.0,1.0,19.0,9.0,854.0,0.0,0.0,0.0,1.0,0.0,0.0,0.0,0.0,2.0,0.0,0.0,0.0,0.0,1.0,0.0,0.0,13.0,95.0,0.92,0.15,0.92,0.03,0.0,0.0,0.0,0.0,63897.0
0.0,1.0,19.0,9.0,151.0,0.0,0.0,0.0,0.0,0.0,0.0,0.0,0.0,1.0,0.0,0.0,0.0,0.0,1.0,0.0,0.0,57.0,37.0,0.33,0.07,0.33,0.05,0.0,0.0,0.0,0.0,21871.0
6297.0,2.0,40.0,9.0,147.0,105.0,0.0,0.0,0.0,0.0,0.0,0.0,0.0,1.0,0.0,0.0,0.0,0.0,1.0,0.0,0.0,255.0,1.0,0.0,0.6,0.93,0.0,0.0,0.0,0.0,0.0,64570.0
0.0,1.0,22.0,1.0,0.0,0.0,0.0,0.0,0.0,0.0,0.0,0.0,0.0,1.0,0.0,0.0,1.0,1.0,1.0,0.0,0.0,5.0,213.0,1.0,0.0,0.2,0.2,0.0,0.0,0.84,0.0,75340.0
0.0,1.0,17.0,5.0,0.0,0.0,0.0,0.0,0.0,0.0,0.0,0.0,0.0,2.0,0.5,0.5,0.0,0.0,1.0,0.0,0.0,191.0,10.0,0.04,0.03,0.01,0.2,0.01,0.1,0.0,0.0,59682.0
0.0,1.0,22.0,1.0,0.0,0.0,0.0,0.0,0.0,0.0,0.0,0.0,0.0,1.0,0.0,0.0,1.0,1.0,1.0,0.0,0.0,1.0,227.0,1.0,0.0,1.0,0.14,0.0,0.0,0.72,0.0,48759.0
0.0,1.0,22.0,1.0,0.0,0.0,0.0,0.0,0.0,0.0,0.0,0.0,0.0,1.0,0.0,0.0,1.0,1.0,1.0,0.0,1.0,3.0,237.0,1.0,0.0,0.33,0.22,0.0,0.0,1.0,0.0,55027.0
3750.0,2.0,40.0,9.0,146.0,105.0,0.0,0.0,0.0,0.0,0.0,0.0,0.0,1.0,0.0,0.0,0.0,0.0,1.0,0.0,0.0,255.0,3.0,0.01,0.5,0.92,0.0,0.0,0.0,0.0,0.0,40465.0
0.0,0.0,14.0,9.0,1480.0,0.0,1.0,0.0,0.0,0.0,0.0,0.0,0.0,1.0,0.0,0.0,0.0,0.0,1.0,0.0,0.67,1.0,151.0,1.0,0.0,1.0,0.12,0.0,0.0,0.0,1.0,88088.0
0.0,1.0,22.0,1.0,0.0,0.0,0.0,0.0,0.0,0.0,0.0,0.0,0.0,1.0,0.0,0.0,1.0,1.0,1.0,0.0,0.0,3.0,58.0,1.0,0.0,0.33,0.14,0.0,0.0,1.0,0.0,3052.0
0.0,1.0,22.0,1.0,0.0,0.0,0.0,0.0,0.0,0.0,0.0,0.0,0.0,1.0,0.0,0.0,1.0,1.0,1.0,0.0,1.0,1.0,207.0,1.0,0.0,1.0,0.19,0.0,0.0,1.0,0.0,53252.0
0.0,1.0,22.0,1.0,0.0,0.0,0.0,0.0,0.0,0.0,0.0,0.0,0.0,1.0,0.0,0.0,1.0,1.0,1.0,0.0,0.0,3.0,223.0,1.0,0.0,0.33,0.14,0.0,0.0,0.97,0.0,94628.0
0.0,1.0,19.0,9.0,567.0,0.0,0.0,0.0,1.0,0.0,0.0,6.0,0.0,1.0,0.0,0.0,0.0,0.0,1.0,0.0,0.0,82.0,49.0,0.11,0.07,0.11,0.04,0.0,0.0,0.0,0.0,44154.0
0.0,1.0,22.0,1.0,0.0,0.0,0.0,0.0,0.0,0.0,0.0,0.0,0.0,1.0,0.0,0.0,1.0,1.0,1.0,0.0,1.0,1.0,255.0,1.0,0.0,1.0,0.09,0.0,0.0,0.99,0.0,86709.0
0.0,2.0,44.0,9.0,100.0,0.0,0.0,0.0,0.0,0.0,0.0,0.0,0.0,2.0,0.0,0.0,0.0,0.0,1.0,0.0,0.0,225.0,35.0,0.16,0.01,0.16,0.0,0.0,0.0,0.0,1.0,114672.0
0.0,1.0,22.0,1.0,0.0,0.0,0.0,0.0,0.0,0.0,0.0,0.0,0.0,1.0,0.0,0.0,1.0,1.0,1.0,0.0,1.0,2.0,255.0,1.0,0.0,0.5,0.15,0.0,0.0,0.8,0.0,55680.0
0.0,1.0,54.0,5.0,0.0,0.0,0.0,0.0,0.0,0.0,0.0,0.0,0.0,3.0,1.0,1.0,0.0,0.0,1.0,0.0,0.0,5.0,5.0,1.0,0.0,0.2,0.0,0.6,0.6,0.0,1.0,42576.0
7335.0,2.0,40.0,9.0,147.0,105.0,0.0,0.0,0.0,0.0,0.0,0.0,0.0,1.0,0.0,0.0,0.0,0.0,1.0,0.0,0.0,255.0,1.0,0.0,0.65,0.92,0.0,0.0,0.0,0.0,0.0,81938.0
0.0,1.0,19.0,9.0,334.0,0.0,0.0,0.0,1.0,0.0,0.0,0.0,0.0,2.0,0.0,0.0,0.0,0.0,1.0,0.0,0.0,255.0,83.0,0.33,0.07,0.35,0.0,0.02,0.05,0.0,1.0,121934.0
0.0,2.0,44.0,9.0,215.0,0.0,0.0,0.0,0.0,0.0,0.0,0.0,0.0,1.0,0.0,0.0,0.0,0.0,1.0,0.0,0.0,11.0,11.0,1.0,0.0,1.0,0.0,0.0,0.0,0.0,1.0,39450.0
0.0,1.0,19.0,9.0,334.0,0.0,0.0,0.0,1.0,0.0,0.0,0.0,0.0,2.0,0.0,0.0,0.0,0.0,1.0,0.0,0.0,4.0,14.0,1.0,0.0,1.0,0.29,0.0,0.0,0.0,1.0,49287.0
0.0,2.0,44.0,9.0,207.0,0.0,0.0,0.0,0.0,0.0,0.0,0.0,0.0,2.0,0.0,0.0,0.0,0.0,1.0,0.0,0.0,90.0,74.0,0.82,0.02,0.82,0.0,0.0,0.0,0.0,1.0,112239.0
4.0,1.0,19.0,9.0,832.0,0.0,0.0,0.0,1.0,0.0,0.0,0.0,0.0,1.0,0.0,0.0,0.0,0.0,1.0,0.0,0.0,3.0,38.0,1.0,0.0,1.0,0.16,0.0,0.03,0.0,1.0,110542.0
0.0,1.0,22.0,1.0,0.0,0.0,0.0,0.0,0.0,0.0,0.0,0.0,0.0,1.0,0.0,0.0,1.0,1.0,1.0,0.0,0.0,4.0,157.0,1.0,0.0,0.25,0.14,0.0,0.0,1.0,0.0,85459.0
0.0,1.0,19.0,9.0,641.0,0.0,0.0,0.0,1.0,0.0,0.0,0.0,0.0,2.0,0.0,0.0,0.0,0.0,1.0,0.0,0.0,5.0,5.0,1.0,0.0,1.0,0.0,0.0,0.0,0.0,0.0,124588.0
0.0,1.0,19.0,9.0,245.0,0.0,0.0,0.0,0.0,0.0,0.0,0.0,0.0,2.0,0.0,0.0,0.0,0.0,1.0,0.0,0.0,41.0,98.0,0.78,0.07,0.78,0.02,0.0,0.0,0.0,0.0,101153.0
0.0,1.0,22.0,1.0,0.0,0.0,0.0,0.0,0.0,0.0,0.0,0.0,0.0,1.0,0.0,0.0,1.0,1.0,1.0,0.0,0.0,8.0,255.0,1.0,0.0,0.12,0.06,0.0,0.0,0.53,0.0,69675.0
0.0,1.0,22.0,1.0,0.0,0.0,0.0,0.0,0.0,0.0,0.0,0.0,0.0,1.0,0.0,0.0,1.0,1.0,1.0,0.0,0.0,3.0,250.0,1.0,0.0,0.33,0.08,0.0,0.0,0.38,0.0,98505.0
0.0,1.0,19.0,9.0,192.0,0.0,0.0,0.0,1.0,0.0,0.0,0.0,0.0,2.0,0.0,0.0,0.0,0.0,1.0,0.0,0.0,7.0,45.0,0.57,0.43,0.57,0.07,0.0,0.02,0.0,0.0,99340.0
0.0,1.0,22.0,1.0,0.0,0.0,0.0,0.0,0.0,0.0,0.0,0.0,0.0,1.0,0.0,0.0,1.0,1.0,1.0,0.0,0.0,5.0,32.0,1.0,0.0,0.2,0.19,0.0,0.0,1.0,0.0,106762.0
1190.0,2.0,40.0,9.0,147.0,105.0,0.0,0.0,0.0,0.0,0.0,0.0,0.0,4.0,0.0,0.0,0.0,0.0,0.5,0.5,0.0,49.0,2.0,0.04,0.73,1.0,0.0,0.0,0.0,0.0,0.0,105682.0
15161.0,1.0,18.0,9.0,370.0,1208.0,0.0,6.0,1.0,0.0,0.0,0.0,0.0,1.0,0.0,0.0,0.0,0.0,1.0,0.0,0.0,255.0,1.0,0.0,0.02,0.0,0.0,0.22,0.0,0.0,1.0,47467.0
0.0,1.0,22.0,1.0,0.0,0.0,0.0,0.0,0.0,0.0,0.0,0.0,0.0,1.0,0.0,0.0,1.0,1.0,1.0,0.0,0.0,253.0,183.0,0.72,0.02,0.0,0.0,0.0,0.0,1.0,0.0,44538.0
0.0,1.0,22.0,1.0,0.0,0.0,0.0,0.0,0.0,0.0,0.0,0.0,0.0,1.0,0.0,0.0,1.0,0.5,1.0,0.0,1.0,5.0,127.0,1.0,0.0,0.2,0.14,0.0,0.0,1.0,0.0,31538.0
0.0,1.0,22.0,1.0,0.0,0.0,0.0,0.0,0.0,0.0,0.0,0.0,0.0,1.0,0.0,0.0,1.0,1.0,1.0,0.0,1.0,1.0,255.0,1.0,0.0,1.0,0.19,0.0,0.01,0.99,0.0,20346.0
0.0,1.0,19.0,9.0,334.0,0.0,0.0,0.0,1.0,0.0,0.0,0.0,0.0,2.0,0.0,0.0,0.0,0.0,1.0,0.0,0.0,6.0,40.0,1.0,0.0,1.0,0.15,0.0,0.0,0.0,1.0,58204.0
0.0,0.0,14.0,9.0,1480.0,0.0,1.0,0.0,0.0,0.0,0.0,0.0,0.0,2.0,0.0,0.0,0.0,0.0,1.0,0.0,0.5,4.0,151.0,1.0,0.0,1.0,0.1,0.0,0.0,0.0,1.0,98247.0
581.0,2.0,40.0,9.0,145.0,105.0,0.0,0.0,0.0,0.0,0.0,0.0,0.0,1.0,0.0,0.0,0.0,0.0,1.0,0.0,0.0,80.0,1.0,0.01,0.66,0.85,0.0,0.0,0.0,0.0,0.0,72466.0
0.0,0.0,14.0,9.0,1032.0,0.0,0.0,0.0,0.0,0.0,0.0,0.0,0.0,4.0,0.0,0.0,0.0,0.0,1.0,0.0,0.0,255.0,224.0,0.88,0.01,0.88,0.0,0.0,0.0,0.0,1.0,71998.0
0.0,0.0,14.0,9.0,1480.0,0.0,1.0,0.0,0.0,0.0,0.0,0.0,0.0,2.0,0.0,0.0,0.0,0.0,1.0,0.0,0.5,2.0,38.0,1.0,0.0,1.0,0.5,0.0,0.0,0.0,1.0,211.0
3294.0,2.0,40.0,9.0,145.0,105.0,0.0,0.0,0.0,0.0,0.0,0.0,0.0,1.0,0.0,0.0,0.0,0.0,1.0,0.0,0.0,255.0,1.0,0.0,0.62,0.96,0.0,0.0,0.0,0.0,0.0,41152.0
0.0,1.0,22.0,1.0,0.0,0.0,0.0,0.0,0.0,0.0,0.0,0.0,0.0,1.0,0.0,0.0,1.0,1.0,1.0,0.0,0.0,3.0,158.0,1.0,0.0,0.33,0.12,0.0,0.0,0.99,0.0,34604.0
0.0,1.0,19.0,9.0,740.0,0.0,0.0,0.0,1.0,0.0,0.0,9.0,0.0,1.0,0.0,0.0,0.0,0.0,1.0,0.0,0.0,226.0,122.0,0.52,0.01,0.52,0.02,0.0,0.0,0.0,0.0,113581.0
4729.0,2.0,40.0,9.0,147.0,105.0,0.0,0.0,0.0,0.0,0.0,0.0,0.0,1.0,0.0,0.0,0.0,0.0,1.0,0.0,0.0,255.0,1.0,0.0,0.85,1.0,0.0,0.0,0.0,0.0,0.0,86150.0
0.0,0.0,55.0,9.0,564.0,0.0,0.0,0.0,0.0,0.0,0.0,0.0,0.0,1.0,0.0,0.0,0.0,0.0,1.0,0.0,0.0,1.0,1.0,1.0,0.0,1.0,0.0,0.0,0.0,0.0,0.0,30680.0
0.0,1.0,19.0,9.0,1339.0,0.0,0.0,0.0,1.0,0.0,0.0,0.0,0.0,2.0,0.0,0.0,0.0,0.0,1.0,0.0,0.0,188.0,66.0,0.35,0.04,0.35,0.03,0.0,0.0,0.0,0.0,30757.0
0.0,1.0,19.0,9.0,960.0,0.0,0.0,0.0,1.0,0.0,0.0,0.0,0.0,2.0,0.0,0.0,0.0,0.0,1.0,0.0,0.0,255.0,119.0,0.47,0.03,0.47,0.0,0.0,0.01,0.0,0.0,22925.0
3181.0,2.0,40.0,9.0,147.0,105.0,0.0,0.0,0.0,0.0,0.0,0.0,0.0,1.0,0.0,0.0,0.0,0.0,1.0,0.0,0.0,255.0,3.0,0.01,0.5,0.89,0.0,0.0,0.0,0.0,0.0,98850.0
2969.0,2.0,40.0,9.0,147.0,105.0,0.0,0.0,0.0,0.0,0.0,0.0,0.0,4.0,0.0,0.0,0.0,0.0,0.5,0.5,0.0,255.0,2.0,0.01,0.85,1.0,0.0,0.0,0.0,0.0,0.0,1807.0
0.0,1.0,22.0,1.0,0.0,0.0,0.0,0.0,0.0,0.0,0.0,0.0,0.0,1.0,0.0,0.0,1.0,0.25,1.0,0.0,0.5,4.0,255.0,1.0,0.0,0.25,0.08,0.0,0.0,0.82,0.0,66659.0
1298.0,2.0,40.0,9.0,147.0,105.0,0.0,0.0,0.0,0.0,0.0,0.0,0.0,2.0,0.0,0.0,0.0,0.0,1.0,0.0,0.0,255.0,2.0,0.01,0.63,0.93,0.0,0.0,0.0,0.0,0.0,51275.0
7070.0,2.0,40.0,9.0,146.0,105.0,0.0,0.0,0.0,0.0,0.0,0.0,0.0,5.0,0.0,0.0,0.0,0.0,0.2,0.6,0.0,255.0,1.0,0.0,0.81,1.0,0.0,0.0,0.0,0.0,0.0,5387.0
0.0,1.0,19.0,9.0,884.0,0.0,0.0,0.0,1.0,0.0,0.0,0.0,0.0,2.0,0.0,0.0,0.0,0.0,1.0,0.0,0.0,185.0,98.0,0.4,0.03,0.4,0.02,0.0,0.0,0.0,0.0,56977.0
0.0,1.0,19.0,9.0,259.0,0.0,0.0,0.0,0.0,0.0,0.0,0.0,0.0,2.0,0.0,0.0,0.0,0.0,1.0,0.0,0.0,67.0,93.0,0.22,0.07,0.22,0.02,0.0,0.0,0.0,0.0,72922.0
0.0,1.0,19.0,9.0,748.0,0.0,0.0,0.0,0.0,0.0,0.0,0.0,0.0,1.0,0.0,0.0,0.0,0.0,1.0,0.0,0.0,110.0,15.0,0.14,0.04,0.14,0.0,0.0,0.0,0.0,0.0,84451.0
0.0,1.0,19.0,9.0,641.0,0.0,0.0,0.0,1.0,0.0,0.0,0.0,0.0,2.0,0.0,0.0,0.0,0.0,1.0,0.0,0.67,198.0,88.0,0.33,0.05,0.33,0.02,0.0,0.0,0.0,0.0,36922.0
0.0,1.0,19.0,9.0,879.0,0.0,0.0,0.0,0.0,0.0,0.0,0.0,0.0,10.0,0.0,0.0,0.0,0.0,1.0,0.0,0.0,255.0,112.0,0.44,0.03,0.44,0.0,0.0,0.0,0.0,0.0,5073.0
0.0,1.0,22.0,1.0,0.0,0.0,0.0,0.0,0.0,0.0,0.0,0.0,0.0,22.0,0.0,0.0,0.82,0.82,1.0,0.0,0.0,175.0,186.0,1.0,0.0,0.01,0.03,0.01,0.01,0.35,0.0,35126.0
2630.0,2.0,40.0,9.0,146.0,105.0,0.0,0.0,0.0,0.0,0.0,0.0,0.0,4.0,0.0,0.0,0.0,0.0,0.25,0.75,0.0,255.0,1.0,0.0,0.84,1.0,0.0,0.0,0.0,0.0,0.0,74942.0
12.0,1.0,19.0,9.0,7045.0,0.0,0.0,0.0,1.0,0.0,0.0,0.0,0.0,1.0,0.0,0.0,0.0,0.0,1.0,0.0,0.0,2.0,29.0,1.0,0.0,1.0,0.1,0.0,0.0,0.0,1.0,61384.0
0.0,1.0,19.0,9.0,334.0,0.0,0.0,0.0,1.0,0.0,0.0,0.0,0.0,1.0,0.0,0.0,0.0,0.0,1.0,0.0,0.0,5.0,39.0,1.0,0.0,1.0,0.15,0.0,0.0,0.0,1.0,34062.0
0.0,1.0,22.0,1.0,0.0,0.0,0.0,0.0,0.0,0.0,0.0,0.0,0.0,1.0,0.0,0.0,1.0,1.0,1.0,0.0,0.0,1.0,229.0,1.0,0.0,1.0,0.09,0.0,0.0,1.0,0.0,49696.0
0.0,1.0,19.0,9.0,641.0,0.0,0.0,0.0,1.0,0.0,0.0,0.0,0.0,2.0,0.0,0.0,0.0,0.0,1.0,0.0,0.0,74.0,65.0,0.14,0.05,0.14,0.03,0.0,0.0,0.0,0.0,123554.0
0.0,1.0,19.0,9.0,567.0,0.0,0.0,0.0,0.0,0.0,0.0,0.0,0.0,1.0,0.0,0.0,0.0,0.0,1.0,0.0,0.0,1.0,66.0,1.0,0.0,1.0,0.03,0.0,0.0,0.0,0.0,34845.0
0.0,1.0,19.0,9.0,11.0,0.0,0.0,0.0,1.0,0.0,0.0,0.0,0.0,2.0,0.0,0.0,0.0,0.0,1.0,0.0,0.0,255.0,62.0,0.24,0.02,0.05,0.0,0.73,0.79,0.0,0.0,70346.0
0.0,1.0,40.0,9.0,1363.0,0.0,0.0,0.0,1.0,0.0,0.0,0.0,0.0,17.0,0.06,0.0,0.0,0.0,0.06,0.18,0.0,199.0,1.0,0.01,0.09,0.39,0.0,0.02,0.0,0.0,0.0,117843.0
2450.0,2.0,40.0,9.0,147.0,105.0,0.0,0.0,0.0,0.0,0.0,0.0,0.0,7.0,0.0,0.0,0.0,0.0,0.14,0.57,0.0,255.0,1.0,0.0,0.6,0.98,0.0,0.0,0.0,0.0,0.0,73401.0
7264.0,2.0,40.0,9.0,146.0,105.0,0.0,0.0,0.0,0.0,0.0,0.0,0.0,1.0,0.0,0.0,0.0,0.0,1.0,0.0,0.0,255.0,2.0,0.01,0.62,0.96,0.0,0.0,0.0,0.0,0.0,108796.0
3661.0,2.0,11.0,9.0,88.0,17.0,0.0,0.0,0.0,0.0,0.0,0.0,0.0,0.0,0.0,0.0,0.0,0.0,0.0,0.0,0.0,255.0,225.0,0.88,0.01,0.13,0.0,0.0,0.0,0.0,0.0,31813.0
0.0,1.0,19.0,9.0,641.0,0.0,0.0,0.0,1.0,0.0,0.0,0.0,0.0,1.0,0.0,0.0,0.0,0.0,1.0,0.0,0.0,165.0,79.0,0.48,0.04,0.48,0.0,0.0,0.0,0.0,0.0,60388.0
0.0,1.0,19.0,9.0,259.0,0.0,0.0,0.0,1.0,0.0,0.0,1.0,0.0,2.0,0.0,0.0,0.0,0.0,1.0,0.0,0.0,16.0,2.0,0.12,0.31,0.12,0.0,0.0,0.0,0.0,0.0,118681.0
0.0,1.0,22.0,1.0,0.0,0.0,0.0,0.0,0.0,0.0,0.0,0.0,0.0,1.0,0.0,0.0,1.0,1.0,1.0,0.0,0.0,1.0,255.0,1.0,0.0,1.0,0.09,0.0,0.0,0.5,0.0,77891.0
0.0,1.0,19.0,9.0,852.0,0.0,0.0,0.0,1.0,0.0,0.0,0.0,0.0,2.0,0.0,0.0,0.0,0.0,1.0,0.0,0.0,255.0,51.0,0.2,0.02,0.1,0.0,0.33,0.43,0.0,0.0,57063.0
10127.0,1.0,18.0,9.0,1038.0,2206.0,0.0,5.0,1.0,0.0,0.0,0.0,0.0,1.0,0.0,0.0,0.0,0.0,1.0,0.0,0.0,255.0,12.0,0.05,0.02,0.0,0.0,0.17,0.0,0.0,1.0,103613.0
0.0,1.0,48.0,5.0,0.0,0.0,0.0,0.0,0.0,0.0,0.0,0.0,0.0,5.0,0.2,0.5,0.0,0.0,0.4,0.4,0.0,224.0,122.0,0.5,0.03,0.01,0.02,0.01,0.02,0.01,0.0,104103.0
10339.0,2.0,40.0,9.0,146.0,105.0,0.0,0.0,0.0,0.0,0.0,0.0,0.0,1.0,0.0,0.0,0.0,0.0,1.0,0.0,0.0,255.0,1.0,0.0,0.69,1.0,0.0,0.0,0.0,0.0,0.0,41730.0
17633.0,2.0,40.0,9.0,146.0,105.0,0.0,0.0,0.0,0.0,0.0,0.0,0.0,4.0,0.0,0.0,0.0,0.0,0.5,0.5,0.0,255.0,2.0,0.01,0.86,1.0,0.0,0.0,0.0,0.0,0.0,105353.0
1.0,1.0,48.0,9.0,10608.0,918.0,0.0,0.0,1.0,0.0,0.0,0.0,0.0,1.0,0.0,0.0,0.0,0.0,1.0,0.0,0.0,40.0,176.0,0.8,0.1,0.03,0.01,0.0,0.0,0.0,0.0,122501.0
6.0,1.0,1.0,9.0,299160.0,16764.0,0.0,0.0,1.0,0.0,0.0,0.0,0.0,1.0,0.0,0.0,0.0,0.0,1.0,0.0,0.0,255.0,17.0,0.07,0.03,0.0,0.0,0.0,0.0,0.0,0.0,47020.0
3355.0,2.0,40.0,9.0,145.0,105.0,0.0,0.0,0.0,0.0,0.0,0.0,0.0,2.0,0.0,0.0,0.0,0.0,1.0,0.0,0.0,255.0,2.0,0.01,0.4,0.75,0.0,0.0,0.0,0.0,0.0,17870.0
0.0,1.0,19.0,9.0,383.0,0.0,0.0,0.0,1.0,0.0,0.0,0.0,0.0,2.0,0.0,0.0,0.0,0.0,1.0,0.0,0.0,44.0,28.0,0.07,0.11,0.07,0.07,0.0,0.0,0.0,0.0,52602.0
770.0,2.0,40.0,9.0,147.0,105.0,0.0,0.0,0.0,0.0,0.0,0.0,0.0,1.0,0.0,0.0,0.0,0.0,1.0,0.0,0.0,231.0,1.0,0.0,0.58,0.9,0.0,0.0,0.0,0.0,0.0,20823.0
3880.0,2.0,40.0,9.0,145.0,105.0,0.0,0.0,0.0,0.0,0.0,0.0,0.0,1.0,0.0,0.0,0.0,0.0,1.0,0.0,0.0,255.0,2.0,0.01,0.62,0.88,0.0,0.0,0.0,0.0,0.0,55244.0
0.0,1.0,17.0,2.0,0.0,0.0,0.0,0.0,0.0,0.0,0.0,0.0,0.0,1.0,0.0,0.0,1.0,1.0,1.0,0.0,0.0,214.0,14.0,0.05,0.02,0.0,0.14,0.0,0.0,0.14,0.0,12102.0
4550.0,2.0,40.0,9.0,147.0,105.0,0.0,0.0,0.0,0.0,0.0,0.0,0.0,1.0,0.0,0.0,0.0,0.0,1.0,0.0,0.0,255.0,1.0,0.0,0.56,0.85,0.0,0.0,0.0,0.0,0.0,7483.0
0.0,1.0,22.0,1.0,0.0,0.0,0.0,0.0,0.0,0.0,0.0,0.0,0.0,1.0,0.0,0.0,1.0,1.0,1.0,0.0,0.0,4.0,208.0,1.0,0.0,0.25,0.17,0.0,0.0,0.58,0.0,54578.0
0.0,1.0,19.0,9.0,1342.0,0.0,0.0,0.0,1.0,0.0,0.0,0.0,0.0,9.0,0.0,0.0,0.0,0.0,1.0,0.0,0.0,255.0,62.0,0.24,0.02,0.24,0.0,0.0,0.0,0.0,0.0,29303.0
0.0,1.0,19.0,9.0,252.0,0.0,0.0,0.0,1.0,0.0,0.0,0.0,0.0,2.0,0.0,0.0,0.0,0.0,1.0,0.0,0.0,8.0,7.0,0.38,0.25,0.38,0.29,0.0,0.0,0.0,0.0,101488.0
0.0,1.0,19.0,9.0,246.0,0.0,0.0,0.0,1.0,0.0,0.0,0.0,0.0,1.0,0.0,0.0,0.0,0.0,1.0,0.0,0.0,1.0,31.0,1.0,0.0,1.0,0.16,0.0,0.0,0.0,1.0,28261.0
1326.0,2.0,40.0,9.0,147.0,105.0,0.0,0.0,0.0,0.0,0.0,0.0,0.0,2.0,0.0,0.0,0.0,0.0,1.0,0.0,0.0,255.0,3.0,0.01,0.42,0.81,0.0,0.0,0.0,0.0,0.0,87984.0
0.0,1.0,19.0,9.0,1363.0,0.0,0.0,0.0,0.0,0.0,0.0,0.0,0.0,17.0,0.0,0.0,0.0,0.0,1.0,0.0,0.0,209.0,71.0,0.34,0.03,0.34,0.0,0.0,0.0,0.0,0.0,11997.0
0.0,1.0,22.0,1.0,0.0,0.0,0.0,0.0,0.0,0.0,0.0,0.0,0.0,1.0,0.0,0.0,1.0,1.0,1.0,0.0,0.0,15.0,251.0,1.0,0.0,0.07,0.05,0.0,0.0,1.0,0.0,3399.0
0.0,1.0,1.0,1.0,0.0,0.0,0.0,0.0,0.0,0.0,0.0,0.0,0.0,4.0,0.0,0.0,0.75,1.0,0.75,0.5,0.0,255.0,3.0,0.01,0.03,0.0,0.0,0.0,0.0,1.0,0.0,72859.0
0.0,1.0,23.0,1.0,0.0,0.0,0.0,0.0,0.0,0.0,0.0,0.0,0.0,1.0,0.0,0.0,1.0,1.0,1.0,0.0,0.0,255.0,19.0,0.07,0.19,0.12,0.0,0.4,0.95,0.05,1.0,120844.0
0.0,1.0,22.0,1.0,0.0,0.0,0.0,0.0,0.0,0.0,0.0,0.0,0.0,1.0,0.0,0.0,1.0,1.0,1.0,0.0,0.0,3.0,158.0,1.0,0.0,0.33,0.13,0.0,0.0,1.0,0.0,752.0
0.0,1.0,3.0,1.0,0.0,0.0,0.0,0.0,0.0,0.0,0.0,0.0,0.0,1.0,0.0,0.0,1.0,1.0,1.0,0.0,0.0,255.0,5.0,0.02,0.06,0.0,0.0,0.53,0.0,1.0,0.0,14052.0
0.0,1.0,19.0,9.0,334.0,0.0,0.0,0.0,1.0,0.0,0.0,0.0,0.0,1.0,0.0,0.0,0.0,0.0,1.0,0.0,0.0,3.0,15.0,1.0,0.0,1.0,0.27,0.0,0.0,0.0,1.0,35081.0
3924.0,2.0,40.0,9.0,146.0,105.0,0.0,0.0,0.0,0.0,0.0,0.0,0.0,1.0,0.0,0.0,0.0,0.0,1.0,0.0,0.0,255.0,2.0,0.01,0.74,0.98,0.0,0.0,0.0,0.0,0.0,54215.0
0.0,0.0,13.0,9.0,30.0,0.0,0.0,0.0,0.0,0.0,0.0,0.0,0.0,7.0,0.0,0.0,0.0,0.0,0.14,0.29,0.0,255.0,4.0,0.02,0.01,0.15,0.0,0.0,0.0,0.0,0.0,46631.0
0.0,1.0,19.0,9.0,749.0,0.0,0.0,0.0,0.0,0.0,0.0,0.0,0.0,7.0,0.0,0.0,0.0,0.0,1.0,0.0,0.0,255.0,72.0,0.28,0.03,0.28,0.0,0.0,0.0,0.0,0.0,14262.0
0.0,1.0,22.0,1.0,0.0,0.0,0.0,0.0,0.0,0.0,0.0,0.0,0.0,1.0,0.0,0.0,1.0,1.0,1.0,0.0,1.0,8.0,255.0,1.0,0.0,0.12,0.15,0.0,0.0,0.78,0.0,91482.0
0.0,1.0,22.0,5.0,0.0,0.0,0.0,0.0,0.0,0.0,0.0,0.0,0.0,2.0,0.5,0.2,0.0,0.0,1.0,0.0,0.4,2.0,255.0,1.0,0.0,1.0,0.04,0.5,0.0,0.0,0.0,3911.0
0.0,1.0,22.0,1.0,0.0,0.0,0.0,0.0,0.0,0.0,0.0,0.0,0.0,1.0,0.0,0.0,1.0,1.0,1.0,0.0,0.0,3.0,162.0,1.0,0.0,0.33,0.07,0.0,0.0,1.0,0.0,78443.0
0.0,1.0,19.0,9.0,334.0,0.0,0.0,0.0,1.0,0.0,0.0,0.0,0.0,2.0,0.0,0.0,0.0,0.0,1.0,0.0,0.0,12.0,23.0,1.0,0.0,1.0,0.09,0.0,0.0,0.0,1.0,113079.0
0.0,1.0,22.0,1.0,0.0,0.0,0.0,0.0,0.0,0.0,0.0,0.0,0.0,1.0,0.0,0.0,1.0,1.0,1.0,0.0,1.0,8.0,250.0,0.38,0.25,0.12,0.14,0.0,0.0,0.53,0.0,53879.0
8952.0,1.0,54.0,9.0,85.0,1736.0,0.0,0.0,1.0,0.0,0.0,0.0,0.0,1.0,0.0,0.0,0.0,0.0,1.0,0.0,0.0,255.0,51.0,0.2,0.02,0.0,0.0,0.55,0.69,0.0,0.0,4751.0
0.0,2.0,44.0,9.0,215.0,0.0,0.0,0.0,0.0,0.0,0.0,0.0,0.0,1.0,0.0,0.0,0.0,0.0,1.0,0.0,0.0,67.0,59.0,0.88,0.03,0.88,0.0,0.0,0.0,0.0,1.0,47049.0
4011.0,2.0,40.0,9.0,147.0,105.0,0.0,0.0,0.0,0.0,0.0,0.0,0.0,1.0,0.0,0.0,0.0,0.0,1.0,0.0,0.0,255.0,3.0,0.01,0.53,0.95,0.0,0.0,0.0,0.0,0.0,113035.0
0.0,1.0,19.0,9.0,1214.0,0.0,0.0,0.0,1.0,0.0,0.0,0.0,0.0,12.0,0.0,0.0,0.0,0.0,1.0,0.0,0.0,255.0,106.0,0.42,0.02,0.42,0.0,0.0,0.0,0.0,0.0,58338.0
0.0,1.0,22.0,1.0,0.0,0.0,0.0,0.0,0.0,0.0,0.0,0.0,0.0,1.0,0.0,0.0,1.0,1.0,1.0,0.0,0.0,5.0,238.0,1.0,0.0,0.2,0.25,0.0,0.0,1.0,0.0,88828.0
0.0,1.0,44.0,1.0,0.0,0.0,0.0,0.0,0.0,0.0,0.0,0.0,0.0,11.0,0.0,0.0,1.0,1.0,0.18,0.18,0.0,255.0,19.0,0.07,0.06,0.0,0.0,0.0,0.0,1.0,1.0,33828.0
0.0,1.0,19.0,9.0,373.0,0.0,0.0,0.0,1.0,0.0,0.0,0.0,0.0,2.0,0.0,0.0,0.0,0.0,1.0,0.0,0.25,124.0,43.0,0.22,0.03,0.22,0.05,0.0,0.0,0.0,0.0,64689.0
9319.0,2.0,40.0,9.0,147.0,105.0,0.0,0.0,0.0,0.0,0.0,0.0,0.0,1.0,0.0,0.0,0.0,0.0,1.0,0.0,0.0,255.0,1.0,0.0,0.85,0.99,0.0,0.0,0.0,0.0,0.0,75357.0
2703.0,2.0,40.0,9.0,147.0,105.0,0.0,0.0,0.0,0.0,0.0,0.0,0.0,4.0,0.0,0.0,0.0,0.0,0.5,0.5,0.0,255.0,2.0,0.01,0.85,1.0,0.0,0.0,0.0,0.0,0.0,78516.0
2.0,1.0,48.0,9.0,5634.0,329.0,0.0,0.0,1.0,0.0,0.0,0.0,0.0,1.0,0.0,0.0,0.0,0.0,1.0,0.0,0.0,76.0,130.0,0.34,0.05,0.01,0.02,0.0,0.0,0.0,0.0,34897.0
0.0,1.0,19.0,9.0,1109.0,0.0,0.0,0.0,0.0,0.0,0.0,0.0,0.0,1.0,0.0,0.0,0.0,0.0,1.0,0.0,0.0,255.0,134.0,0.53,0.01,0.53,0.0,0.0,0.01,0.0,0.0,124423.0
0.0,0.0,14.0,9.0,1480.0,0.0,1.0,0.0,0.0,0.0,0.0,0.0,0.0,2.0,0.0,0.0,0.0,0.0,1.0,0.0,0.5,2.0,10.0,1.0,0.0,1.0,0.5,0.0,0.0,0.0,1.0,61746.0
0.0,1.0,19.0,9.0,334.0,0.0,0.0,0.0,1.0,0.0,0.0,0.0,0.0,2.0,0.0,0.0,0.0,0.0,1.0,0.0,0.0,255.0,71.0,0.28,0.13,0.38,0.0,0.02,0.01,0.0,1.0,62490.0
0.0,1.0,19.0,9.0,749.0,0.0,0.0,0.0,1.0,0.0,0.0,0.0,0.0,3.0,0.0,0.0,0.0,0.0,1.0,0.0,0.0,255.0,9.0,0.04,0.07,0.04,0.0,0.9,0.0,0.0,0.0,115538.0
0.0,1.0,22.0,1.0,0.0,0.0,0.0,0.0,0.0,0.0,0.0,0.0,0.0,1.0,0.0,0.0,1.0,1.0,1.0,0.0,0.0,3.0,226.0,1.0,0.0,0.33,0.16,0.0,0.0,1.0,0.0,85495.0
11.0,1.0,54.0,9.0,0.0,15.0,0.0,0.0,0.0,0.0,0.0,0.0,0.0,1.0,0.0,0.0,0.0,0.0,1.0,0.0,0.0,225.0,1.0,0.0,0.02,0.0,0.0,0.0,0.0,0.0,0.0,95040.0
2705.0,2.0,40.0,9.0,147.0,105.0,0.0,0.0,0.0,0.0,0.0,0.0,0.0,1.0,0.0,0.0,0.0,0.0,1.0,0.0,0.0,255.0,1.0,0.0,0.83,1.0,0.0,0.0,0.0,0.0,0.0,48971.0
0.0,1.0,19.0,9.0,641.0,0.0,0.0,0.0,1.0,0.0,0.0,0.0,0.0,2.0,0.0,0.0,0.0,0.0,1.0,0.0,0.0,199.0,30.0,0.1,0.06,0.14,0.07,0.02,0.07,0.0,0.0,104454.0
2.0,1.0,48.0,9.0,5214.0,330.0,0.0,0.0,1.0,0.0,0.0,0.0,0.0,1.0,0.0,0.0,0.0,0.0,1.0,0.0,1.0,183.0,152.0,0.68,0.02,0.01,0.01,0.0,0.0,0.0,0.0,69210.0
15435.0,2.0,40.0,9.0,145.0,105.0,0.0,0.0,0.0,0.0,0.0,0.0,0.0,4.0,0.0,0.0,0.0,0.0,0.5,0.5,0.0,255.0,2.0,0.01,0.84,1.0,0.0,0.0,0.0,0.0,0.0,1047.0
0.0,1.0,22.0,5.0,0.0,0.0,0.0,0.0,0.0,0.0,0.0,0.0,0.0,2.0,0.5,0.5,0.0,0.0,1.0,0.0,0.5,2.0,255.0,1.0,0.0,1.0,0.05,0.5,0.0,0.0,0.0,119680.0
0.0,1.0,22.0,1.0,0.0,0.0,0.0,0.0,0.0,0.0,0.0,0.0,0.0,1.0,0.0,0.0,1.0,1.0,1.0,0.0,0.0,12.0,255.0,1.0,0.0,0.08,0.33,0.0,0.0,0.99,0.0,3797.0
0.0,0.0,13.0,9.0,30.0,0.0,0.0,0.0,0.0,0.0,0.0,0.0,0.0,1.0,0.0,0.0,0.0,0.0,1.0,0.0,1.0,83.0,32.0,0.01,0.02,0.01,1.0,0.0,0.0,0.0,0.0,65527.0
0.0,1.0,19.0,9.0,1214.0,0.0,0.0,0.0,1.0,0.0,0.0,0.0,0.0,13.0,0.0,0.0,0.0,0.0,1.0,0.0,0.0,255.0,104.0,0.41,0.02,0.41,0.0,0.0,0.0,0.0,0.0,98115.0
2594.0,2.0,40.0,9.0,146.0,105.0,0.0,0.0,0.0,0.0,0.0,0.0,0.0,1.0,0.0,0.0,0.0,0.0,1.0,0.0,0.0,255.0,1.0,0.0,0.87,0.98,0.0,0.0,0.0,0.0,0.0,102338.0
0.0,1.0,22.0,1.0,0.0,0.0,0.0,0.0,0.0,0.0,0.0,0.0,0.0,1.0,0.0,0.0,1.0,1.0,1.0,0.0,0.0,15.0,255.0,1.0,0.0,0.07,0.18,0.0,0.0,0.99,0.0,26605.0
0.0,1.0,19.0,9.0,1339.0,0.0,0.0,0.0,1.0,0.0,0.0,0.0,0.0,1.0,0.0,0.0,0.0,0.0,1.0,0.0,0.0,242.0,63.0,0.22,0.02,0.22,0.03,0.0,0.0,0.0,0.0,49648.0
0.0,1.0,19.0,9.0,637.0,0.0,0.0,0.0,0.0,0.0,0.0,0.0,0.0,5.0,0.0,0.0,0.0,0.0,1.0,0.0,0.0,255.0,125.0,0.49,0.01,0.49,0.0,0.0,0.01,0.0,0.0,119964.0
0.0,2.0,44.0,9.0,100.0,0.0,0.0,0.0,0.0,0.0,0.0,0.0,0.0,2.0,0.0,0.0,0.0,0.0,1.0,0.0,0.0,229.0,39.0,0.17,0.01,0.17,0.0,0.0,0.0,0.0,1.0,89442.0
0.0,1.0,19.0,9.0,960.0,0.0,0.0,0.0,1.0,0.0,0.0,0.0,0.0,1.0,0.0,0.0,0.0,0.0,1.0,0.0,0.75,146.0,72.0,0.49,0.03,0.49,0.0,0.01,0.0,0.0,0.0,50345.0
0.0,0.0,13.0,9.0,18.0,0.0,0.0,0.0,0.0,0.0,0.0,0.0,0.0,1.0,0.0,0.0,0.0,0.0,1.0,0.0,0.0,1.0,255.0,1.0,0.0,1.0,0.25,0.0,0.0,0.0,1.0,98937.0
0.0,1.0,19.0,9.0,748.0,0.0,0.0,0.0,1.0,0.0,0.0,9.0,0.0,1.0,0.0,0.0,0.0,0.0,1.0,0.0,0.0,163.0,54.0,0.17,0.02,0.17,0.04,0.0,0.0,0.0,0.0,52498.0
6075.0,2.0,40.0,9.0,147.0,105.0,0.0,0.0,0.0,0.0,0.0,0.0,0.0,1.0,0.0,0.0,0.0,0.0,1.0,0.0,0.0,255.0,1.0,0.0,0.77,0.98,0.0,0.0,0.0,0.0,0.0,49565.0
3819.0,2.0,40.0,9.0,147.0,105.0,0.0,0.0,0.0,0.0,0.0,0.0,0.0,5.0,0.0,0.0,0.0,0.0,0.4,0.6,0.0,16.0,2.0,0.12,0.81,1.0,0.0,0.0,0.0,0.0,0.0,38130.0
0.0,1.0,19.0,9.0,749.0,0.0,0.0,0.0,1.0,0.0,0.0,0.0,0.0,2.0,0.0,0.0,0.0,0.0,1.0,0.0,0.0,114.0,115.0,0.79,0.03,0.79,0.02,0.0,0.0,0.0,0.0,95527.0
3907.0,2.0,40.0,9.0,146.0,105.0,0.0,0.0,0.0,0.0,0.0,0.0,0.0,4.0,0.0,0.0,0.0,0.0,0.5,0.5,0.0,255.0,2.0,0.01,0.82,1.0,0.0,0.0,0.0,0.0,0.0,121436.0
0.0,1.0,19.0,9.0,749.0,0.0,0.0,0.0,0.0,0.0,0.0,0.0,0.0,2.0,0.0,0.0,0.0,0.0,1.0,0.0,0.0,156.0,31.0,0.2,0.03,0.2,0.0,0.0,0.0,0.0,0.0,18316.0
0.0,1.0,22.0,1.0,0.0,0.0,0.0,0.0,0.0,0.0,0.0,0.0,0.0,20.0,0.0,0.0,0.05,1.0,0.05,0.1,0.0,33.0,29.0,0.88,0.09,0.03,0.0,0.0,0.0,1.0,0.0,58030.0
0.0,1.0,19.0,9.0,383.0,0.0,0.0,0.0,1.0,0.0,0.0,0.0,0.0,2.0,0.0,0.0,0.0,0.0,1.0,0.0,0.0,255.0,125.0,0.49,0.02,0.49,0.0,0.0,0.01,0.0,0.0,123401.0
2355.0,2.0,40.0,9.0,146.0,105.0,0.0,0.0,0.0,0.0,0.0,0.0,0.0,5.0,0.0,0.0,0.0,0.0,0.2,0.6,0.0,255.0,1.0,0.0,0.65,0.98,0.0,0.0,0.0,0.0,0.0,77635.0
0.0,1.0,19.0,9.0,276.0,0.0,0.0,0.0,1.0,0.0,0.0,0.0,0.0,1.0,0.0,0.0,0.0,0.0,1.0,0.0,0.0,129.0,28.0,0.15,0.04,0.15,0.07,0.0,0.0,0.0,0.0,99456.0
0.0,1.0,19.0,9.0,192.0,0.0,0.0,0.0,1.0,0.0,0.0,0.0,0.0,1.0,0.0,0.0,0.0,0.0,1.0,0.0,0.0,34.0,22.0,0.65,0.12,0.65,0.0,0.0,0.0,0.0,0.0,41326.0
12.0,1.0,19.0,9.0,7045.0,0.0,0.0,0.0,1.0,0.0,0.0,0.0,0.0,2.0,0.0,0.0,0.0,0.0,1.0,0.0,0.0,2.0,34.0,1.0,0.0,1.0,0.15,0.0,0.0,0.0,1.0,35545.0
0.0,1.0,22.0,1.0,0.0,0.0,0.0,0.0,0.0,0.0,0.0,0.0,0.0,1.0,0.0,0.0,1.0,1.0,1.0,0.0,0.0,6.0,119.0,1.0,0.0,0.17,0.2,0.0,0.0,1.0,0.0,75126.0
0.0,2.0,44.0,9.0,215.0,0.0,0.0,0.0,0.0,0.0,0.0,0.0,0.0,1.0,0.0,0.0,0.0,0.0,1.0,0.0,0.0,57.0,49.0,0.86,0.04,0.86,0.0,0.0,0.0,0.0,1.0,10153.0
0.0,1.0,19.0,9.0,749.0,0.0,0.0,0.0,1.0,0.0,0.0,0.0,0.0,3.0,0.0,0.0,0.0,0.0,1.0,0.0,0.0,78.0,89.0,0.18,0.04,0.18,0.02,0.0,0.0,0.0,0.0,57622.0
9411.0,2.0,40.0,9.0,147.0,105.0,0.0,0.0,0.0,0.0,0.0,0.0,0.0,1.0,0.0,0.0,0.0,0.0,1.0,0.0,0.0,255.0,1.0,0.0,0.82,1.0,0.0,0.0,0.0,0.0,0.0,45929.0
0.0,1.0,22.0,1.0,0.0,0.0,0.0,0.0,0.0,0.0,0.0,0.0,0.0,1.0,0.0,0.0,1.0,1.0,1.0,0.0,0.0,1.0,78.0,1.0,0.0,1.0,0.05,0.0,0.0,0.5,0.0,121119.0
0.0,1.0,19.0,9.0,71.0,0.0,0.0,0.0,1.0,0.0,0.0,0.0,0.0,150.0,0.99,0.0,0.0,0.0,0.01,0.07,0.0,255.0,1.0,0.0,0.06,0.0,0.0,1.0,0.0,0.0,0.0,92471.0
0.0,1.0,22.0,5.0,0.0,0.0,0.0,0.0,0.0,0.0,0.0,0.0,0.0,1.0,1.0,1.0,0.0,0.0,1.0,0.0,0.0,1.0,120.0,1.0,0.0,1.0,0.17,1.0,0.01,0.99,0.0,17951.0
0.0,1.0,22.0,1.0,0.0,0.0,0.0,0.0,0.0,0.0,0.0,0.0,0.0,1.0,0.0,0.0,1.0,1.0,1.0,0.0,0.0,2.0,175.0,1.0,0.0,0.5,0.22,0.0,0.0,0.94,0.0,80738.0
0.0,1.0,19.0,9.0,334.0,0.0,0.0,0.0,1.0,0.0,0.0,0.0,0.0,2.0,0.0,0.0,0.0,0.0,1.0,0.0,0.0,2.0,6.0,1.0,0.0,1.0,0.5,0.0,0.0,0.0,1.0,50272.0
4564.0,2.0,40.0,9.0,146.0,105.0,0.0,0.0,0.0,0.0,0.0,0.0,0.0,0.0,0.0,0.0,0.0,0.0,0.0,0.0,0.0,255.0,1.0,0.0,0.86,1.0,0.0,0.0,0.0,0.0,0.0,43483.0
0.0,2.0,44.0,9.0,105.0,0.0,0.0,0.0,0.0,0.0,0.0,0.0,0.0,2.0,0.0,0.0,0.0,0.0,1.0,0.0,0.0,255.0,86.0,0.34,0.01,0.01,0.0,0.0,0.0,0.0,0.0,2744.0
0.0,1.0,22.0,1.0,0.0,0.0,0.0,0.0,0.0,0.0,0.0,0.0,0.0,1.0,0.0,0.0,1.0,1.0,1.0,0.0,0.0,1.0,247.0,1.0,0.0,1.0,0.17,0.0,0.0,0.98,0.0,49930.0
0.0,1.0,22.0,1.0,0.0,0.0,0.0,0.0,0.0,0.0,0.0,0.0,0.0,1.0,0.0,0.0,1.0,1.0,1.0,0.0,1.0,16.0,247.0,1.0,0.0,0.06,0.17,0.0,0.0,0.68,0.0,114384.0
3375.0,2.0,40.0,9.0,146.0,105.0,0.0,0.0,0.0,0.0,0.0,0.0,0.0,2.0,0.0,0.0,0.0,0.0,1.0,0.0,0.0,255.0,3.0,0.01,0.79,0.99,0.0,0.0,0.0,0.0,0.0,119284.0
2420.0,2.0,40.0,9.0,146.0,105.0,0.0,0.0,0.0,0.0,0.0,0.0,0.0,1.0,0.0,0.0,0.0,0.0,1.0,0.0,0.0,255.0,1.0,0.0,0.86,1.0,0.0,0.0,0.0,0.0,0.0,12848.0
4723.0,2.0,40.0,9.0,146.0,105.0,0.0,0.0,0.0,0.0,0.0,0.0,0.0,1.0,0.0,0.0,0.0,0.0,1.0,0.0,0.0,255.0,1.0,0.0,0.7,0.97,0.0,0.0,0.0,0.0,0.0,51805.0
0.0,1.0,22.0,1.0,0.0,0.0,0.0,0.0,0.0,0.0,0.0,0.0,0.0,1.0,0.0,0.0,1.0,1.0,1.0,0.0,0.0,11.0,211.0,1.0,0.0,0.09,0.19,0.0,0.0,0.91,0.0,84031.0
0.0,2.0,44.0,9.0,207.0,0.0,0.0,0.0,0.0,0.0,0.0,0.0,0.0,2.0,0.0,0.0,0.0,0.0,1.0,0.0,0.0,100.0,84.0,0.84,0.02,0.84,0.0,0.0,0.0,0.0,1.0,64852.0
15182.0,1.0,54.0,9.0,91.0,1935.0,0.0,0.0,1.0,0.0,0.0,0.0,0.0,1.0,0.0,0.0,0.0,0.0,1.0,0.0,0.0,35.0,5.0,0.14,0.11,0.03,0.0,0.03,0.0,0.4,0.0,34780.0
0.0,1.0,22.0,1.0,0.0,0.0,0.0,0.0,0.0,0.0,0.0,0.0,0.0,2.0,0.0,0.0,1.0,1.0,1.0,0.0,0.67,4.0,139.0,1.0,0.0,0.25,0.04,0.0,0.0,1.0,0.0,79017.0
0.0,1.0,22.0,1.0,0.0,0.0,0.0,0.0,0.0,0.0,0.0,0.0,0.0,1.0,0.0,0.0,1.0,1.0,1.0,0.0,0.0,7.0,255.0,1.0,0.0,0.14,0.09,0.0,0.0,0.61,0.0,58161.0
1545.0,2.0,40.0,9.0,147.0,105.0,0.0,0.0,0.0,0.0,0.0,0.0,0.0,4.0,0.0,0.0,0.0,0.0,0.5,0.5,0.0,255.0,2.0,0.01,0.66,0.96,0.0,0.0,0.0,0.0,0.0,70278.0
0.0,0.0,13.0,9.0,30.0,0.0,0.0,0.0,0.0,0.0,0.0,0.0,0.0,4.0,0.0,0.0,0.0,0.0,0.25,0.5,0.0,255.0,32.0,0.13,0.01,0.61,0.0,0.0,0.0,0.0,0.0,73373.0
0.0,1.0,19.0,9.0,334.0,0.0,0.0,0.0,1.0,0.0,0.0,0.0,0.0,2.0,0.0,0.0,0.0,0.0,1.0,0.0,0.0,2.0,42.0,1.0,0.0,1.0,0.07,0.0,0.0,0.0,1.0,19105.0
0.0,1.0,19.0,9.0,641.0,0.0,0.0,0.0,1.0,0.0,0.0,0.0,0.0,2.0,0.0,0.0,0.0,0.0,1.0,0.0,0.0,255.0,79.0,0.31,0.02,0.31,0.0,0.0,0.0,0.0,0.0,97147.0
0.0,1.0,22.0,1.0,0.0,0.0,0.0,0.0,0.0,0.0,0.0,0.0,0.0,1.0,0.0,0.0,1.0,1.0,1.0,0.0,0.0,3.0,241.0,1.0,0.0,0.33,0.32,0.0,0.0,1.0,0.0,47537.0
0.0,1.0,19.0,9.0,641.0,0.0,0.0,0.0,0.0,0.0,0.0,0.0,0.0,2.0,0.0,0.0,0.0,0.0,1.0,0.0,0.0,64.0,120.0,0.84,0.05,0.84,0.02,0.0,0.0,0.0,0.0,27300.0
0.0,1.0,22.0,1.0,0.0,0.0,0.0,0.0,0.0,0.0,0.0,0.0,0.0,1.0,0.0,0.0,1.0,1.0,1.0,0.0,1.0,83.0,61.0,0.73,0.02,0.01,0.0,0.0,0.0,1.0,0.0,92885.0
0.0,1.0,19.0,9.0,748.0,0.0,0.0,0.0,1.0,0.0,0.0,9.0,0.0,1.0,0.0,0.0,0.0,0.0,1.0,0.0,0.0,12.0,1.0,0.08,0.33,0.08,0.0,0.0,0.0,0.0,0.0,65862.0
7624.0,2.0,40.0,9.0,146.0,105.0,0.0,0.0,0.0,0.0,0.0,0.0,0.0,1.0,0.0,0.0,0.0,0.0,1.0,0.0,0.0,255.0,3.0,0.01,0.54,0.86,0.0,0.0,0.0,0.0,0.0,37760.0
0.0,1.0,19.0,9.0,749.0,0.0,0.0,0.0,1.0,0.0,0.0,0.0,0.0,2.0,0.0,0.0,0.0,0.0,1.0,0.0,0.0,255.0,102.0,0.4,0.08,0.45,0.0,0.01,0.02,0.0,0.0,5268.0
0.0,1.0,19.0,9.0,740.0,0.0,0.0,0.0,1.0,0.0,0.0,9.0,0.0,2.0,0.0,0.0,0.0,0.0,1.0,0.0,0.0,28.0,54.0,0.07,0.11,0.07,0.06,0.0,0.0,0.0,0.0,77648.0
2585.0,2.0,40.0,9.0,146.0,105.0,0.0,0.0,0.0,0.0,0.0,0.0,0.0,2.0,0.0,0.0,0.0,0.0,1.0,0.0,0.0,255.0,2.0,0.01,0.88,1.0,0.0,0.0,0.0,0.0,0.0,11456.0
0.0,1.0,18.0,2.0,0.0,0.0,0.0,0.0,0.0,0.0,0.0,0.0,0.0,1.0,0.0,0.0,1.0,1.0,1.0,0.0,0.0,255.0,48.0,0.19,0.02,0.0,0.0,0.0,0.0,0.12,0.0,51028.0
0.0,1.0,22.0,1.0,0.0,0.0,0.0,0.0,0.0,0.0,0.0,0.0,0.0,1.0,0.0,0.0,1.0,1.0,1.0,0.0,0.0,3.0,30.0,1.0,0.0,0.33,0.23,0.0,0.0,1.0,0.0,70964.0
0.0,1.0,22.0,1.0,0.0,0.0,0.0,0.0,0.0,0.0,0.0,0.0,0.0,1.0,0.0,0.0,1.0,1.0,1.0,0.0,0.0,23.0,255.0,1.0,0.0,0.04,0.12,0.0,0.0,0.93,0.0,116444.0
0.0,1.0,22.0,1.0,0.0,0.0,0.0,0.0,0.0,0.0,0.0,0.0,0.0,1.0,0.0,0.0,1.0,1.0,1.0,0.0,0.0,3.0,35.0,1.0,0.0,0.33,0.26,0.0,0.0,1.0,0.0,117517.0
3.0,1.0,54.0,2.0,0.0,15.0,0.0,0.0,0.0,0.0,0.0,0.0,0.0,1.0,0.0,0.0,1.0,1.0,1.0,0.0,0.0,164.0,1.0,0.01,0.04,0.01,0.0,0.0,0.0,1.0,0.0,86994.0
15628.0,2.0,40.0,9.0,146.0,105.0,0.0,0.0,0.0,0.0,0.0,0.0,0.0,1.0,0.0,0.0,0.0,0.0,1.0,0.0,0.0,255.0,1.0,0.0,0.84,1.0,0.0,0.0,0.0,0.0,0.0,28801.0
0.0,1.0,22.0,1.0,0.0,0.0,0.0,0.0,0.0,0.0,0.0,0.0,0.0,1.0,0.0,0.0,1.0,1.0,1.0,0.0,0.0,23.0,251.0,1.0,0.0,0.04,0.17,0.0,0.0,1.0,0.0,54416.0
0.0,2.0,44.0,9.0,207.0,0.0,0.0,0.0,0.0,0.0,0.0,0.0,0.0,2.0,0.0,0.0,0.0,0.0,1.0,0.0,0.0,198.0,166.0,0.84,0.01,0.84,0.0,0.0,0.0,0.0,1.0,18734.0
8915.0,2.0,40.0,9.0,145.0,105.0,0.0,0.0,0.0,0.0,0.0,0.0,0.0,1.0,0.0,0.0,0.0,0.0,1.0,0.0,0.0,255.0,2.0,0.01,0.47,0.82,0.0,0.0,0.0,0.0,0.0,49929.0
12774.0,2.0,40.0,9.0,147.0,105.0,0.0,0.0,0.0,0.0,0.0,0.0,0.0,1.0,0.0,0.0,0.0,0.0,1.0,0.0,0.0,255.0,3.0,0.01,0.52,0.95,0.0,0.0,0.0,0.0,0.0,3738.0
2752.0,2.0,40.0,9.0,147.0,105.0,0.0,0.0,0.0,0.0,0.0,0.0,0.0,1.0,0.0,0.0,0.0,0.0,1.0,0.0,0.0,255.0,1.0,0.0,0.56,0.79,0.0,0.0,0.0,0.0,0.0,125472.0
0.0,1.0,22.0,1.0,0.0,0.0,0.0,0.0,0.0,0.0,0.0,0.0,0.0,1.0,0.0,0.0,1.0,1.0,1.0,0.0,1.0,6.0,255.0,1.0,0.0,0.17,0.21,0.0,0.01,0.99,0.0,105362.0
0.0,1.0,19.0,9.0,334.0,0.0,0.0,0.0,1.0,0.0,0.0,0.0,0.0,1.0,0.0,0.0,0.0,0.0,1.0,0.0,0.0,3.0,23.0,1.0,0.0,1.0,0.22,0.0,0.0,0.0,1.0,61759.0
0.0,1.0,22.0,1.0,0.0,0.0,0.0,0.0,0.0,0.0,0.0,0.0,0.0,510.0,0.0,0.0,0.0,1.0,0.0,0.0,0.0,242.0,202.0,0.83,0.01,0.0,0.0,0.0,0.0,1.0,0.0,123915.0
0.0,1.0,19.0,9.0,748.0,0.0,0.0,0.0,0.0,0.0,0.0,0.0,0.0,1.0,0.0,0.0,0.0,0.0,1.0,0.0,0.0,127.0,30.0,0.2,0.03,0.2,0.07,0.0,0.0,0.0,0.0,68553.0
0.0,1.0,22.0,1.0,0.0,0.0,0.0,0.0,0.0,0.0,0.0,0.0,0.0,1.0,0.0,0.0,1.0,1.0,1.0,0.0,1.0,7.0,255.0,1.0,0.0,0.14,0.16,0.0,0.0,0.92,0.0,96578.0
2620.0,2.0,40.0,9.0,146.0,105.0,0.0,0.0,0.0,0.0,0.0,0.0,0.0,5.0,0.0,0.0,0.0,0.0,0.4,0.6,0.0,255.0,2.0,0.01,0.87,1.0,0.0,0.0,0.0,0.0,0.0,18038.0
2022.0,2.0,40.0,9.0,147.0,105.0,0.0,0.0,0.0,0.0,0.0,0.0,0.0,1.0,0.0,0.0,0.0,0.0,1.0,0.0,0.0,255.0,2.0,0.01,0.53,0.91,0.0,0.0,0.0,0.0,0.0,93676.0
3769.0,2.0,40.0,9.0,146.0,105.0,0.0,0.0,0.0,0.0,0.0,0.0,0.0,1.0,0.0,0.0,0.0,0.0,1.0,0.0,0.0,255.0,1.0,0.0,0.79,0.98,0.0,0.0,0.0,0.0,0.0,61028.0
0.0,2.0,44.0,9.0,215.0,0.0,0.0,0.0,0.0,0.0,0.0,0.0,0.0,1.0,0.0,0.0,0.0,0.0,1.0,0.0,0.0,107.0,91.0,0.85,0.02,0.85,0.0,0.0,0.0,0.0,1.0,77864.0
1918.0,2.0,40.0,9.0,146.0,105.0,0.0,0.0,0.0,0.0,0.0,0.0,0.0,2.0,0.0,0.0,0.0,0.0,1.0,0.0,0.0,255.0,2.0,0.01,0.68,0.96,0.0,0.0,0.0,0.0,0.0,84486.0
0.0,1.0,22.0,1.0,0.0,0.0,0.0,0.0,0.0,0.0,0.0,0.0,0.0,1.0,0.0,0.0,1.0,1.0,1.0,0.0,0.0,1.0,243.0,1.0,0.0,1.0,0.02,0.0,0.0,0.19,0.0,101666.0
0.0,1.0,19.0,9.0,748.0,0.0,0.0,0.0,1.0,0.0,0.0,9.0,0.0,1.0,0.0,0.0,0.0,0.0,1.0,0.0,0.0,100.0,58.0,0.01,0.03,0.01,0.03,0.0,0.0,0.0,0.0,13023.0
0.0,1.0,19.0,9.0,334.0,0.0,0.0,0.0,1.0,0.0,0.0,0.0,0.0,1.0,0.0,0.0,0.0,0.0,1.0,0.0,0.0,5.0,47.0,1.0,0.0,1.0,0.13,0.0,0.0,0.0,1.0,54326.0
0.0,2.0,44.0,9.0,207.0,0.0,0.0,0.0,0.0,0.0,0.0,0.0,0.0,2.0,0.0,0.0,0.0,0.0,1.0,0.0,0.0,72.0,64.0,0.89,0.03,0.89,0.0,0.0,0.0,0.0,1.0,75698.0
0.0,1.0,19.0,9.0,641.0,0.0,0.0,0.0,1.0,0.0,0.0,0.0,0.0,3.0,0.0,0.0,0.0,0.0,0.67,0.67,0.0,255.0,99.0,0.39,0.08,0.44,0.0,0.01,0.02,0.0,0.0,114657.0
0.0,1.0,22.0,1.0,0.0,0.0,0.0,0.0,0.0,0.0,0.0,0.0,0.0,1.0,0.0,0.0,1.0,1.0,1.0,0.0,0.0,10.0,229.0,1.0,0.0,0.1,0.2,0.0,0.0,0.96,0.0,116178.0
9645.0,2.0,40.0,9.0,146.0,105.0,0.0,0.0,0.0,0.0,0.0,0.0,0.0,1.0,0.0,0.0,0.0,0.0,1.0,0.0,0.0,255.0,1.0,0.0,0.79,1.0,0.0,0.0,0.0,0.0,0.0,18247.0
2700.0,2.0,40.0,9.0,147.0,105.0,0.0,0.0,0.0,0.0,0.0,0.0,0.0,1.0,0.0,0.0,0.0,0.0,1.0,0.0,0.0,255.0,1.0,0.0,0.64,0.94,0.0,0.0,0.0,0.0,0.0,77589.0
0.0,1.0,22.0,1.0,0.0,0.0,0.0,0.0,0.0,0.0,0.0,0.0,0.0,1.0,0.0,0.0,1.0,1.0,1.0,0.0,0.0,10.0,255.0,1.0,0.0,0.1,0.3,0.0,0.0,1.0,0.0,42617.0
0.0,1.0,19.0,9.0,1766.0,0.0,0.0,0.0,0.0,0.0,0.0,0.0,0.0,3.0,0.0,0.0,0.0,0.0,0.67,0.67,0.0,255.0,71.0,0.28,0.03,0.27,0.0,0.01,0.0,0.0,0.0,25687.0
2630.0,2.0,40.0,9.0,145.0,105.0,0.0,0.0,0.0,0.0,0.0,0.0,0.0,1.0,0.0,0.0,0.0,0.0,1.0,0.0,0.0,255.0,1.0,0.0,0.86,0.98,0.0,0.0,0.0,0.0,0.0,86471.0
0.0,1.0,22.0,1.0,0.0,0.0,0.0,0.0,0.0,0.0,0.0,0.0,0.0,1.0,0.0,0.0,1.0,1.0,1.0,0.0,0.0,4.0,255.0,1.0,0.0,0.25,0.07,0.0,0.0,0.49,0.0,17566.0
0.0,2.0,44.0,9.0,215.0,0.0,0.0,0.0,0.0,0.0,0.0,0.0,0.0,1.0,0.0,0.0,0.0,0.0,1.0,0.0,0.0,49.0,41.0,0.84,0.04,0.84,0.0,0.0,0.0,0.0,1.0,11398.0
1774.0,2.0,40.0,9.0,147.0,105.0,0.0,0.0,0.0,0.0,0.0,0.0,0.0,2.0,0.0,0.0,0.0,0.0,1.0,0.0,0.0,255.0,3.0,0.01,0.69,0.98,0.0,0.0,0.0,0.0,0.0,24689.0
0.0,1.0,17.0,9.0,6.0,0.0,0.0,0.0,0.0,0.0,0.0,0.0,0.0,1.0,0.0,0.0,0.0,0.0,1.0,0.0,0.0,7.0,9.0,0.14,0.29,0.14,0.33,0.0,0.0,0.0,0.0,40324.0
0.0,1.0,18.0,2.0,0.0,0.0,0.0,0.0,0.0,0.0,0.0,0.0,0.0,1.0,0.0,0.0,1.0,1.0,1.0,0.0,0.0,150.0,38.0,0.25,0.03,0.01,0.0,0.0,0.0,0.13,0.0,108987.0
500.0,2.0,40.0,9.0,147.0,105.0,0.0,0.0,0.0,0.0,0.0,0.0,0.0,1.0,0.0,0.0,0.0,0.0,1.0,0.0,0.0,255.0,1.0,0.0,0.65,0.95,0.0,0.0,0.0,0.0,0.0,17033.0
0.0,1.0,22.0,1.0,0.0,0.0,0.0,0.0,0.0,0.0,0.0,0.0,0.0,1.0,0.0,0.0,1.0,1.0,1.0,0.0,1.0,21.0,250.0,1.0,0.0,0.05,0.15,0.0,0.0,1.0,0.0,26317.0
0.0,1.0,22.0,1.0,0.0,0.0,0.0,0.0,0.0,0.0,0.0,0.0,0.0,1.0,0.0,0.0,1.0,1.0,1.0,0.0,0.0,3.0,255.0,1.0,0.0,0.33,0.04,0.0,0.01,0.02,0.0,87298.0
0.0,2.0,44.0,9.0,207.0,0.0,0.0,0.0,0.0,0.0,0.0,0.0,0.0,2.0,0.0,0.0,0.0,0.0,1.0,0.0,0.0,92.0,76.0,0.83,0.02,0.83,0.0,0.0,0.0,0.0,1.0,36597.0
0.0,1.0,19.0,4.0,0.0,0.0,0.0,0.0,0.0,0.0,0.0,0.0,0.0,1.0,0.0,0.0,1.0,1.0,1.0,0.0,0.0,247.0,59.0,0.24,0.34,0.32,0.0,0.0,0.0,0.02,1.0,22187.0
0.0,1.0,22.0,1.0,0.0,0.0,0.0,0.0,0.0,0.0,0.0,0.0,0.0,1.0,0.0,0.0,1.0,1.0,1.0,0.0,0.0,19.0,254.0,1.0,0.0,0.05,0.17,0.0,0.0,0.98,0.0,87564.0
0.0,2.0,44.0,9.0,105.0,0.0,0.0,0.0,0.0,0.0,0.0,0.0,0.0,2.0,0.0,0.0,0.0,0.0,1.0,0.0,0.0,255.0,114.0,0.45,0.01,0.01,0.0,0.0,0.0,0.0,0.0,6281.0
0.0,1.0,19.0,9.0,334.0,0.0,0.0,0.0,1.0,0.0,0.0,0.0,0.0,2.0,0.0,0.0,0.0,0.0,1.0,0.0,0.0,2.0,32.0,1.0,0.0,1.0,0.19,0.0,0.0,0.0,1.0,63689.0
8835.0,2.0,40.0,9.0,145.0,105.0,0.0,0.0,0.0,0.0,0.0,0.0,0.0,2.0,0.0,0.0,0.0,0.0,1.0,0.0,0.0,255.0,2.0,0.01,0.68,0.97,0.0,0.0,0.0,0.0,0.0,13216.0
6956.0,2.0,40.0,9.0,146.0,105.0,0.0,0.0,0.0,0.0,0.0,0.0,0.0,1.0,0.0,0.0,0.0,0.0,1.0,0.0,0.0,255.0,1.0,0.0,0.53,0.84,0.0,0.0,0.0,0.0,0.0,89419.0
1930.0,2.0,40.0,9.0,146.0,105.0,0.0,0.0,0.0,0.0,0.0,0.0,0.0,5.0,0.0,0.0,0.0,0.0,0.4,0.6,0.0,255.0,2.0,0.01,0.84,0.99,0.0,0.0,0.0,0.0,0.0,66604.0
11398.0,2.0,40.0,9.0,145.0,105.0,0.0,0.0,0.0,0.0,0.0,0.0,0.0,1.0,0.0,0.0,0.0,0.0,1.0,0.0,0.0,255.0,1.0,0.0,0.14,0.22,0.0,0.0,0.0,0.0,0.0,101866.0
8987.0,2.0,40.0,9.0,147.0,105.0,0.0,0.0,0.0,0.0,0.0,0.0,0.0,1.0,0.0,0.0,0.0,0.0,1.0,0.0,0.0,255.0,3.0,0.01,0.77,1.0,0.0,0.0,0.0,0.0,0.0,93527.0
0.0,0.0,13.0,9.0,30.0,0.0,0.0,0.0,0.0,0.0,0.0,0.0,0.0,2.0,0.0,0.0,0.0,0.0,0.5,1.0,0.0,255.0,29.0,0.11,0.01,0.56,0.0,0.0,0.0,0.0,0.0,19265.0
0.0,1.0,22.0,1.0,0.0,0.0,0.0,0.0,0.0,0.0,0.0,0.0,0.0,1.0,0.0,0.0,1.0,1.0,1.0,0.0,0.0,16.0,239.0,1.0,0.0,0.06,0.12,0.0,0.0,1.0,0.0,44517.0
0.0,1.0,22.0,1.0,0.0,0.0,0.0,0.0,0.0,0.0,0.0,0.0,0.0,1.0,0.0,0.0,1.0,1.0,1.0,0.0,0.0,6.0,255.0,1.0,0.0,0.17,0.07,0.0,0.0,0.75,0.0,90858.0
0.0,1.0,48.0,9.0,3873.0,337.0,0.0,0.0,1.0,0.0,0.0,0.0,0.0,1.0,0.0,0.0,0.0,0.0,1.0,0.0,0.0,153.0,156.0,0.83,0.03,0.01,0.01,0.0,0.0,0.0,0.0,23120.0
22270.0,2.0,40.0,9.0,146.0,105.0,0.0,0.0,0.0,0.0,0.0,0.0,0.0,5.0,0.0,0.0,0.0,0.0,0.2,0.6,0.0,255.0,1.0,0.0,0.84,1.0,0.0,0.0,0.0,0.0,0.0,121326.0
0.0,1.0,19.0,9.0,641.0,0.0,0.0,0.0,1.0,0.0,0.0,0.0,0.0,2.0,0.0,0.0,0.0,0.0,1.0,0.0,0.0,6.0,5.0,0.83,0.33,0.83,0.0,0.0,0.0,0.0,0.0,81248.0
0.0,1.0,22.0,1.0,0.0,0.0,0.0,0.0,0.0,0.0,0.0,0.0,0.0,1.0,0.0,0.0,1.0,1.0,1.0,0.0,1.0,19.0,247.0,1.0,0.0,0.05,0.15,0.0,0.0,0.73,0.0,107909.0
0.0,1.0,22.0,1.0,0.0,0.0,0.0,0.0,0.0,0.0,0.0,0.0,0.0,1.0,0.0,0.0,1.0,1.0,1.0,0.0,1.0,3.0,94.0,1.0,0.0,0.33,0.18,0.0,0.0,1.0,0.0,99942.0
0.0,1.0,22.0,1.0,0.0,0.0,0.0,0.0,0.0,0.0,0.0,0.0,0.0,1.0,0.0,0.0,1.0,1.0,1.0,0.0,0.0,10.0,255.0,1.0,0.0,0.1,0.08,0.0,0.0,0.86,0.0,63916.0
0.0,1.0,22.0,1.0,0.0,0.0,0.0,0.0,0.0,0.0,0.0,0.0,0.0,1.0,0.0,0.0,1.0,1.0,1.0,0.0,0.0,5.0,255.0,1.0,0.0,0.2,0.11,0.0,0.0,0.98,0.0,11588.0
0.0,1.0,19.0,9.0,246.0,0.0,0.0,0.0,1.0,0.0,0.0,0.0,0.0,1.0,0.0,0.0,0.0,0.0,1.0,0.0,0.0,2.0,35.0,1.0,0.0,1.0,0.14,0.0,0.0,0.0,1.0,108166.0
0.0,0.0,14.0,9.0,1480.0,0.0,1.0,0.0,0.0,0.0,0.0,0.0,0.0,2.0,0.0,0.0,0.0,0.0,1.0,0.0,0.5,4.0,151.0,1.0,0.0,1.0,0.12,0.0,0.0,0.0,1.0,12044.0
12.0,1.0,19.0,9.0,7045.0,0.0,0.0,0.0,1.0,0.0,0.0,0.0,0.0,1.0,0.0,0.0,0.0,0.0,1.0,0.0,0.0,1.0,38.0,1.0,0.0,1.0,0.08,0.0,0.03,0.0,1.0,48415.0
0.0,1.0,24.0,9.0,0.0,0.0,0.0,0.0,0.0,0.0,0.0,0.0,0.0,3.0,0.67,0.76,0.0,0.04,1.0,0.0,0.36,9.0,9.0,1.0,0.0,0.78,0.0,0.56,0.56,0.0,1.0,6086.0
2474.0,2.0,40.0,9.0,147.0,105.0,0.0,0.0,0.0,0.0,0.0,0.0,0.0,1.0,0.0,0.0,0.0,0.0,1.0,0.0,0.0,255.0,2.0,0.01,0.89,1.0,0.0,0.0,0.0,0.0,0.0,83432.0
0.0,1.0,19.0,9.0,567.0,0.0,0.0,0.0,0.0,0.0,0.0,0.0,0.0,1.0,0.0,0.0,0.0,0.0,1.0,0.0,0.0,113.0,37.0,0.18,0.04,0.18,0.05,0.03,0.0,0.0,0.0,25210.0
0.0,1.0,22.0,1.0,0.0,0.0,0.0,0.0,0.0,0.0,0.0,0.0,0.0,1.0,0.0,0.0,1.0,1.0,1.0,0.0,1.0,2.0,255.0,1.0,0.0,0.5,0.07,0.0,0.0,0.84,0.0,81442.0
0.0,1.0,19.0,9.0,439.0,0.0,0.0,0.0,1.0,0.0,0.0,4.0,0.0,1.0,0.0,0.0,0.0,0.0,1.0,0.0,0.0,41.0,50.0,0.78,0.05,0.78,0.04,0.0,0.0,0.0,0.0,59481.0
0.0,1.0,19.0,9.0,748.0,0.0,0.0,0.0,0.0,0.0,0.0,0.0,0.0,1.0,0.0,0.0,0.0,0.0,1.0,0.0,0.0,74.0,39.0,0.15,0.07,0.18,0.05,0.0,0.0,0.0,0.0,45988.0
0.0,1.0,19.0,9.0,12.0,0.0,0.0,0.0,0.0,0.0,0.0,0.0,0.0,2.0,0.0,0.0,0.0,0.0,0.5,1.0,0.0,255.0,5.0,0.02,0.75,0.02,0.0,0.0,0.0,0.0,0.0,68980.0
0.0,1.0,22.0,1.0,0.0,0.0,0.0,0.0,0.0,0.0,0.0,0.0,0.0,1.0,0.0,0.0,1.0,1.0,1.0,0.0,0.0,2.0,254.0,1.0,0.0,0.5,0.15,0.0,0.0,0.98,0.0,111939.0
0.0,0.0,14.0,9.0,1032.0,0.0,0.0,0.0,0.0,0.0,0.0,0.0,0.0,6.0,0.0,0.0,0.0,0.0,1.0,0.0,0.0,255.0,255.0,1.0,0.0,1.0,0.0,0.0,0.0,0.0,1.0,46661.0
0.0,1.0,19.0,9.0,334.0,0.0,0.0,0.0,1.0,0.0,0.0,0.0,0.0,2.0,0.0,0.0,0.0,0.0,1.0,0.0,0.0,8.0,19.0,1.0,0.0,1.0,0.11,0.0,0.0,0.0,1.0,56070.0
22274.0,2.0,40.0,9.0,146.0,105.0,0.0,0.0,0.0,0.0,0.0,0.0,0.0,1.0,0.0,0.0,0.0,0.0,1.0,0.0,0.0,255.0,1.0,0.0,0.84,1.0,0.0,0.0,0.0,0.0,0.0,29812.0
523.0,2.0,40.0,9.0,146.0,105.0,0.0,0.0,0.0,0.0,0.0,0.0,0.0,3.0,0.0,0.0,0.0,0.0,0.67,0.67,0.0,255.0,4.0,0.02,0.51,0.89,0.0,0.0,0.0,0.0,0.0,91567.0
0.0,1.0,19.0,9.0,16.0,0.0,0.0,0.0,0.0,0.0,0.0,0.0,0.0,1.0,0.0,0.0,0.0,0.0,1.0,0.0,0.0,255.0,19.0,0.07,0.01,0.07,0.0,0.78,0.0,0.0,0.0,36221.0
3620.0,2.0,40.0,9.0,145.0,105.0,0.0,0.0,0.0,0.0,0.0,0.0,0.0,1.0,0.0,0.0,0.0,0.0,1.0,0.0,0.0,255.0,4.0,0.02,0.44,0.82,0.0,0.0,0.0,0.0,0.0,87276.0
0.0,1.0,19.0,9.0,641.0,0.0,0.0,0.0,1.0,0.0,0.0,0.0,0.0,2.0,0.0,0.0,0.0,0.0,1.0,0.0,0.0,255.0,63.0,0.25,0.02,0.25,0.0,0.0,0.0,0.0,0.0,13013.0
0.0,1.0,48.0,9.0,3962.0,328.0,0.0,0.0,1.0,0.0,0.0,0.0,0.0,1.0,0.0,0.0,0.0,0.0,1.0,0.0,0.0,97.0,58.0,0.6,0.07,0.01,0.0,0.0,0.0,0.0,0.0,88804.0
0.0,1.0,22.0,1.0,0.0,0.0,0.0,0.0,0.0,0.0,0.0,0.0,0.0,1.0,0.0,0.0,1.0,1.0,1.0,0.0,0.0,2.0,203.0,1.0,0.0,0.5,0.18,0.0,0.0,1.0,0.0,30064.0
0.0,1.0,40.0,9.0,1363.0,0.0,0.0,0.0,1.0,0.0,0.0,0.0,0.0,19.0,0.05,0.0,0.0,0.0,0.05,0.32,0.0,171.0,1.0,0.01,0.05,0.31,0.0,0.01,0.0,0.0,0.0,99446.0
0.0,2.0,44.0,9.0,207.0,0.0,0.0,0.0,0.0,0.0,0.0,0.0,0.0,2.0,0.0,0.0,0.0,0.0,1.0,0.0,0.0,146.0,122.0,0.84,0.01,0.84,0.0,0.0,0.0,0.0,1.0,107046.0
0.0,1.0,19.0,9.0,491.0,0.0,0.0,0.0,0.0,0.0,0.0,0.0,0.0,2.0,0.0,0.0,0.0,0.0,1.0,0.0,0.0,184.0,22.0,0.1,0.02,0.1,0.09,0.0,0.0,0.0,0.0,63704.0
0.0,1.0,22.0,1.0,0.0,0.0,0.0,0.0,0.0,0.0,0.0,0.0,0.0,1.0,0.0,0.0,1.0,1.0,1.0,0.0,0.0,6.0,255.0,1.0,0.0,0.17,0.06,0.0,0.0,0.84,0.0,108272.0
7234.0,2.0,40.0,9.0,146.0,105.0,0.0,0.0,0.0,0.0,0.0,0.0,0.0,1.0,0.0,0.0,0.0,0.0,1.0,0.0,0.0,255.0,1.0,0.0,0.61,0.93,0.0,0.0,0.0,0.0,0.0,79978.0
0.0,1.0,22.0,5.0,0.0,0.0,0.0,0.0,0.0,0.0,0.0,0.0,0.0,2.0,0.5,0.11,0.0,0.11,1.0,0.0,0.44,6.0,255.0,1.0,0.0,0.33,0.04,0.17,0.0,0.0,0.0,56369.0
0.0,1.0,19.0,9.0,383.0,0.0,0.0,0.0,1.0,0.0,0.0,0.0,0.0,2.0,0.0,0.0,0.0,0.0,1.0,0.0,0.0,120.0,55.0,0.03,0.03,0.03,0.04,0.0,0.0,0.0,0.0,73783.0
0.0,2.0,44.0,9.0,28.0,0.0,1.0,0.0,0.0,0.0,0.0,0.0,0.0,1.0,0.0,0.0,0.0,0.0,1.0,0.0,0.0,255.0,68.0,0.27,0.01,0.27,0.0,0.0,0.0,0.0,1.0,51650.0
0.0,1.0,22.0,1.0,0.0,0.0,0.0,0.0,0.0,0.0,0.0,0.0,0.0,1.0,0.0,0.0,1.0,1.0,1.0,0.0,0.0,1.0,251.0,1.0,0.0,1.0,0.05,0.0,0.0,0.45,0.0,4207.0
0.0,1.0,19.0,9.0,567.0,0.0,0.0,0.0,0.0,0.0,0.0,0.0,0.0,3.0,0.0,0.0,0.0,0.0,0.33,0.67,0.0,232.0,34.0,0.12,0.02,0.12,0.06,0.0,0.0,0.0,0.0,85075.0
4299.0,2.0,40.0,9.0,146.0,105.0,0.0,0.0,0.0,0.0,0.0,0.0,0.0,1.0,0.0,0.0,0.0,0.0,1.0,0.0,0.0,255.0,1.0,0.0,0.65,0.95,0.0,0.0,0.0,0.0,0.0,42054.0
0.0,1.0,22.0,1.0,0.0,0.0,0.0,0.0,0.0,0.0,0.0,0.0,0.0,1.0,0.0,0.0,1.0,1.0,1.0,0.0,0.0,1.0,71.0,1.0,0.0,1.0,0.24,0.0,0.0,1.0,0.0,107230.0
0.0,1.0,19.0,9.0,960.0,0.0,0.0,0.0,0.0,0.0,0.0,0.0,0.0,2.0,0.0,0.0,0.0,0.0,1.0,0.0,0.0,216.0,80.0,0.37,0.03,0.37,0.0,0.01,0.0,0.0,0.0,105576.0
2275.0,2.0,40.0,9.0,145.0,105.0,0.0,0.0,0.0,0.0,0.0,0.0,0.0,1.0,0.0,0.0,0.0,0.0,1.0,0.0,0.0,255.0,3.0,0.01,0.83,0.99,0.0,0.0,0.0,0.0,0.0,118070.0
2577.0,2.0,40.0,9.0,146.0,105.0,0.0,0.0,0.0,0.0,0.0,0.0,0.0,2.0,0.0,0.0,0.0,0.0,1.0,0.0,0.0,255.0,2.0,0.01,0.82,0.98,0.0,0.0,0.0,0.0,0.0,121534.0
0.0,1.0,44.0,1.0,0.0,0.0,0.0,0.0,0.0,0.0,0.0,0.0,0.0,3.0,0.0,0.0,1.0,1.0,1.0,0.0,0.0,255.0,3.0,0.01,0.05,0.0,0.0,0.0,0.0,1.0,1.0,25816.0
0.0,2.0,44.0,9.0,28.0,0.0,1.0,0.0,0.0,0.0,0.0,0.0,0.0,1.0,0.0,0.0,0.0,0.0,1.0,0.0,0.0,255.0,1.0,0.0,0.02,0.0,0.0,0.0,0.0,0.0,1.0,37072.0
0.0,1.0,22.0,1.0,0.0,0.0,0.0,0.0,0.0,0.0,0.0,0.0,0.0,1.0,0.0,0.0,1.0,1.0,1.0,0.0,0.0,3.0,166.0,1.0,0.0,0.33,0.23,0.0,0.0,1.0,0.0,1161.0
2620.0,2.0,40.0,9.0,146.0,105.0,0.0,0.0,0.0,0.0,0.0,0.0,0.0,2.0,0.0,0.0,0.0,0.0,1.0,0.0,0.0,255.0,2.0,0.01,0.87,0.99,0.0,0.0,0.0,0.0,0.0,86702.0
0.0,2.0,44.0,9.0,207.0,0.0,0.0,0.0,0.0,0.0,0.0,0.0,0.0,2.0,0.0,0.0,0.0,0.0,1.0,0.0,0.0,162.0,138.0,0.85,0.01,0.85,0.0,0.0,0.0,0.0,1.0,106808.0
0.0,1.0,22.0,1.0,0.0,0.0,0.0,0.0,0.0,0.0,0.0,0.0,0.0,1.0,0.0,0.0,1.0,1.0,1.0,0.0,0.0,9.0,255.0,1.0,0.0,0.11,0.33,0.0,0.0,0.99,0.0,8487.0
0.0,1.0,22.0,1.0,0.0,0.0,0.0,0.0,0.0,0.0,0.0,0.0,0.0,1.0,0.0,0.0,1.0,1.0,1.0,0.0,0.0,25.0,28.0,1.0,0.0,0.04,0.07,0.0,0.07,0.93,0.0,16470.0
804.0,2.0,40.0,9.0,146.0,105.0,0.0,0.0,0.0,0.0,0.0,0.0,0.0,1.0,0.0,0.0,0.0,0.0,1.0,0.0,0.0,255.0,2.0,0.01,0.65,0.95,0.0,0.0,0.0,0.0,0.0,3140.0
0.0,1.0,40.0,1.0,0.0,0.0,0.0,0.0,0.0,0.0,0.0,0.0,0.0,1.0,0.0,0.0,1.0,1.0,1.0,0.0,0.0,2.0,2.0,1.0,0.0,0.5,0.0,0.0,0.0,1.0,0.0,77751.0
16923.0,2.0,40.0,9.0,147.0,105.0,0.0,0.0,0.0,0.0,0.0,0.0,0.0,2.0,0.0,0.0,0.0,0.0,1.0,0.0,0.0,255.0,4.0,0.02,0.72,0.97,0.0,0.0,0.0,0.0,0.0,65093.0
10871.0,1.0,54.0,9.0,103.0,3105.0,0.0,0.0,1.0,2.0,0.0,0.0,0.0,1.0,0.0,0.0,0.0,0.0,1.0,0.0,0.0,54.0,9.0,0.15,0.06,0.02,0.22,0.0,0.11,0.0,0.0,47736.0
1253.0,2.0,40.0,9.0,145.0,105.0,0.0,0.0,0.0,0.0,0.0,0.0,0.0,1.0,0.0,0.0,0.0,0.0,1.0,0.0,0.0,221.0,1.0,0.0,0.55,0.91,0.0,0.0,0.0,0.0,0.0,56028.0
0.0,2.0,44.0,9.0,207.0,0.0,0.0,0.0,0.0,0.0,0.0,0.0,0.0,2.0,0.0,0.0,0.0,0.0,1.0,0.0,0.0,76.0,68.0,0.89,0.03,0.89,0.0,0.0,0.0,0.0,1.0,58582.0
0.0,1.0,22.0,1.0,0.0,0.0,0.0,0.0,0.0,0.0,0.0,0.0,0.0,1.0,0.0,0.0,1.0,1.0,1.0,0.0,0.0,3.0,255.0,1.0,0.0,0.33,0.17,0.0,0.0,0.86,0.0,20404.0
0.0,1.0,22.0,1.0,0.0,0.0,0.0,0.0,0.0,0.0,0.0,0.0,0.0,1.0,0.0,0.0,1.0,1.0,1.0,0.0,0.0,6.0,49.0,1.0,0.0,0.17,0.31,0.0,0.0,1.0,0.0,81098.0
3779.0,2.0,40.0,9.0,145.0,105.0,0.0,0.0,0.0,0.0,0.0,0.0,0.0,11.0,0.0,0.0,0.0,0.0,0.09,0.18,0.0,255.0,3.0,0.01,0.58,0.85,0.0,0.0,0.0,0.0,0.0,6927.0
0.0,1.0,19.0,9.0,641.0,0.0,0.0,0.0,1.0,0.0,0.0,0.0,0.0,2.0,0.0,0.0,0.0,0.0,1.0,0.0,0.0,113.0,29.0,0.26,0.04,0.26,0.0,0.0,0.0,0.0,0.0,29681.0
0.0,1.0,22.0,1.0,0.0,0.0,0.0,0.0,0.0,0.0,0.0,0.0,0.0,1.0,0.0,0.0,1.0,1.0,1.0,0.0,0.0,3.0,7.0,1.0,0.0,0.33,0.43,0.0,0.0,1.0,0.0,4237.0
0.0,1.0,54.0,2.0,0.0,0.0,0.0,0.0,0.0,0.0,0.0,0.0,0.0,1.0,0.0,0.0,1.0,1.0,1.0,0.0,0.0,255.0,17.0,0.07,0.58,0.0,0.0,0.58,0.18,0.06,0.0,62540.0
0.0,1.0,22.0,1.0,0.0,0.0,0.0,0.0,0.0,0.0,0.0,0.0,0.0,1.0,0.0,0.0,1.0,1.0,1.0,0.0,0.0,3.0,255.0,1.0,0.0,0.33,0.08,0.0,0.0,0.97,0.0,5311.0
0.0,1.0,22.0,1.0,0.0,0.0,0.0,0.0,0.0,0.0,0.0,0.0,0.0,1.0,0.0,0.0,1.0,1.0,1.0,0.0,0.0,3.0,255.0,1.0,0.0,0.33,0.16,0.0,0.0,0.74,0.0,95437.0
0.0,1.0,19.0,9.0,852.0,0.0,0.0,0.0,0.0,0.0,0.0,0.0,0.0,3.0,0.0,0.0,0.0,0.0,1.0,0.0,0.0,255.0,106.0,0.42,0.02,0.42,0.0,0.0,0.0,0.0,0.0,111152.0
2710.0,2.0,40.0,9.0,147.0,105.0,0.0,0.0,0.0,0.0,0.0,0.0,0.0,2.0,0.0,0.0,0.0,0.0,1.0,0.0,0.0,255.0,2.0,0.01,0.83,1.0,0.0,0.0,0.0,0.0,0.0,90637.0
0.0,2.0,44.0,9.0,215.0,0.0,0.0,0.0,0.0,0.0,0.0,0.0,0.0,1.0,0.0,0.0,0.0,0.0,1.0,0.0,0.0,171.0,147.0,0.86,0.01,0.86,0.0,0.0,0.0,0.0,1.0,19549.0
5547.0,2.0,40.0,9.0,147.0,105.0,0.0,0.0,0.0,0.0,0.0,0.0,0.0,6.0,0.0,0.0,0.0,0.0,0.33,0.5,0.0,255.0,4.0,0.02,0.43,0.93,0.0,0.0,0.0,0.0,0.0,110280.0
0.0,1.0,19.0,9.0,334.0,0.0,0.0,0.0,1.0,0.0,0.0,0.0,0.0,1.0,0.0,0.0,0.0,0.0,1.0,0.0,0.0,3.0,13.0,1.0,0.0,1.0,0.23,0.0,0.0,0.0,1.0,73788.0
0.0,2.0,44.0,9.0,215.0,0.0,0.0,0.0,0.0,0.0,0.0,0.0,0.0,1.0,0.0,0.0,0.0,0.0,1.0,0.0,0.0,161.0,137.0,0.85,0.01,0.85,0.0,0.0,0.0,0.0,1.0,33720.0
0.0,1.0,19.0,9.0,1010.0,0.0,0.0,0.0,0.0,0.0,0.0,0.0,0.0,2.0,0.0,0.0,0.0,0.0,1.0,0.0,0.0,255.0,119.0,0.47,0.02,0.47,0.0,0.0,0.0,0.0,0.0,30307.0
7510.0,1.0,1.0,9.0,7847476.0,474404.0,0.0,0.0,0.0,0.0,0.0,0.0,0.0,1.0,0.0,0.0,0.0,0.0,1.0,0.0,0.0,16.0,3.0,0.19,0.25,0.06,0.0,0.0,0.0,0.0,0.0,108348.0
1213.0,2.0,40.0,9.0,147.0,105.0,0.0,0.0,0.0,0.0,0.0,0.0,0.0,5.0,0.0,0.0,0.0,0.0,0.2,0.6,0.0,63.0,2.0,0.03,0.52,0.86,0.0,0.0,0.0,0.0,0.0,7875.0
0.0,1.0,19.0,9.0,749.0,0.0,0.0,0.0,1.0,0.0,0.0,0.0,0.0,4.0,0.0,0.0,0.0,0.0,1.0,0.0,0.0,76.0,31.0,0.26,0.04,0.26,0.06,0.0,0.0,0.0,0.0,116593.0
6574.0,2.0,40.0,9.0,146.0,105.0,0.0,0.0,0.0,0.0,0.0,0.0,0.0,1.0,0.0,0.0,0.0,0.0,1.0,0.0,0.0,255.0,2.0,0.01,0.68,1.0,0.0,0.0,0.0,0.0,0.0,95498.0
5353.0,2.0,40.0,9.0,147.0,105.0,0.0,0.0,0.0,0.0,0.0,0.0,0.0,1.0,0.0,0.0,0.0,0.0,1.0,0.0,0.0,255.0,1.0,0.0,0.65,0.91,0.0,0.0,0.0,0.0,0.0,84908.0
12431.0,2.0,40.0,9.0,147.0,105.0,0.0,0.0,0.0,0.0,0.0,0.0,0.0,1.0,0.0,0.0,0.0,0.0,1.0,0.0,0.0,255.0,1.0,0.0,0.65,0.95,0.0,0.0,0.0,0.0,0.0,114729.0
0.0,0.0,14.0,9.0,1480.0,0.0,1.0,0.0,0.0,0.0,0.0,0.0,0.0,3.0,0.0,0.0,0.0,0.0,1.0,0.0,0.0,255.0,3.0,0.01,0.02,0.01,0.0,0.0,0.0,0.0,1.0,70038.0
0.0,1.0,19.0,9.0,607.0,0.0,0.0,0.0,1.0,0.0,0.0,0.0,0.0,2.0,0.0,0.0,0.0,0.0,1.0,0.0,0.0,154.0,39.0,0.25,0.05,0.25,0.0,0.0,0.0,0.0,0.0,47573.0
0.0,1.0,22.0,1.0,0.0,0.0,0.0,0.0,0.0,0.0,0.0,0.0,0.0,1.0,0.0,0.0,1.0,1.0,1.0,0.0,0.0,26.0,255.0,1.0,0.0,0.04,0.18,0.0,0.0,1.0,0.0,102275.0
0.0,1.0,19.0,9.0,852.0,0.0,0.0,0.0,1.0,0.0,0.0,0.0,0.0,2.0,0.0,0.0,0.0,0.0,1.0,0.0,0.0,171.0,58.0,0.34,0.02,0.34,0.0,0.0,0.0,0.0,0.0,109438.0
0.0,1.0,19.0,9.0,334.0,0.0,0.0,0.0,1.0,0.0,0.0,0.0,0.0,2.0,0.0,0.0,0.0,0.0,1.0,0.0,0.0,3.0,3.0,1.0,0.0,1.0,0.0,0.0,0.0,0.0,1.0,47323.0
13663.0,2.0,40.0,9.0,147.0,105.0,0.0,0.0,0.0,0.0,0.0,0.0,0.0,1.0,0.0,0.0,0.0,0.0,1.0,0.0,0.0,255.0,1.0,0.0,0.63,0.89,0.0,0.0,0.0,0.0,0.0,3755.0
0.0,0.0,14.0,9.0,1480.0,0.0,1.0,0.0,0.0,0.0,0.0,0.0,0.0,1.0,0.0,0.0,0.0,0.0,1.0,0.0,0.67,2.0,19.0,0.5,1.0,0.5,0.53,0.0,0.0,0.0,1.0,30503.0
11155.0,1.0,54.0,9.0,104.0,3112.0,0.0,0.0,1.0,0.0,0.0,0.0,0.0,1.0,0.0,0.0,0.0,0.0,1.0,0.0,0.0,47.0,7.0,0.15,0.11,0.02,0.0,0.04,0.14,0.0,0.0,46207.0
0.0,1.0,19.0,9.0,607.0,0.0,0.0,0.0,0.0,0.0,0.0,0.0,0.0,2.0,0.0,0.0,0.0,0.0,1.0,0.0,0.0,52.0,6.0,0.12,0.08,0.12,0.0,0.0,0.0,0.0,0.0,72811.0
0.0,1.0,22.0,1.0,0.0,0.0,0.0,0.0,0.0,0.0,0.0,0.0,0.0,1.0,0.0,0.0,1.0,1.0,1.0,0.0,0.0,6.0,17.0,1.0,0.0,0.17,0.24,0.0,0.0,1.0,0.0,16774.0
2627.0,2.0,40.0,9.0,147.0,105.0,0.0,0.0,0.0,0.0,0.0,0.0,0.0,2.0,0.0,0.0,0.0,0.0,1.0,0.0,0.0,255.0,2.0,0.01,0.44,0.92,0.0,0.0,0.0,0.0,0.0,68733.0
0.0,2.0,44.0,9.0,100.0,0.0,0.0,0.0,0.0,0.0,0.0,0.0,0.0,1.0,0.0,0.0,0.0,0.0,1.0,0.0,0.0,175.0,25.0,0.14,0.01,0.14,0.0,0.0,0.0,0.0,1.0,51489.0
4178.0,2.0,40.0,9.0,147.0,105.0,0.0,0.0,0.0,0.0,0.0,0.0,0.0,4.0,0.0,0.0,0.0,0.0,0.5,0.5,0.0,255.0,2.0,0.01,0.83,1.0,0.0,0.0,0.0,0.0,0.0,58940.0
0.0,1.0,22.0,1.0,0.0,0.0,0.0,0.0,0.0,0.0,0.0,0.0,0.0,1.0,0.0,0.0,1.0,1.0,1.0,0.0,0.0,24.0,255.0,1.0,0.0,0.04,0.16,0.0,0.0,0.75,0.0,123509.0
0.0,1.0,19.0,9.0,334.0,0.0,0.0,0.0,1.0,0.0,0.0,0.0,0.0,2.0,0.0,0.0,0.0,0.0,1.0,0.0,0.0,6.0,18.0,1.0,0.0,1.0,0.11,0.0,0.0,0.0,1.0,79680.0
0.0,2.0,44.0,9.0,207.0,0.0,0.0,0.0,0.0,0.0,0.0,0.0,0.0,2.0,0.0,0.0,0.0,0.0,1.0,0.0,0.0,6.0,6.0,1.0,0.0,1.0,0.0,0.0,0.0,0.0,1.0,14530.0
0.0,1.0,19.0,9.0,748.0,0.0,0.0,0.0,1.0,0.0,0.0,9.0,0.0,1.0,0.0,0.0,0.0,0.0,1.0,0.0,0.0,104.0,17.0,0.07,0.03,0.07,0.12,0.0,0.0,0.0,0.0,100075.0
2620.0,2.0,40.0,9.0,147.0,105.0,0.0,0.0,0.0,0.0,0.0,0.0,0.0,3.0,0.0,0.0,0.0,0.0,0.67,0.67,0.0,255.0,2.0,0.01,0.85,1.0,0.0,0.0,0.0,0.0,0.0,9138.0
0.0,1.0,22.0,1.0,0.0,0.0,0.0,0.0,0.0,0.0,0.0,0.0,0.0,1.0,0.0,0.0,1.0,1.0,1.0,0.0,1.0,5.0,255.0,1.0,0.0,0.2,0.09,0.0,0.0,0.66,0.0,6093.0
0.0,1.0,19.0,9.0,334.0,0.0,0.0,0.0,1.0,0.0,0.0,0.0,0.0,2.0,0.0,0.0,0.0,0.0,1.0,0.0,0.0,6.0,38.0,0.67,0.33,0.67,0.16,0.0,0.0,0.0,1.0,12476.0
658.0,2.0,40.0,9.0,146.0,105.0,0.0,0.0,0.0,0.0,0.0,0.0,0.0,1.0,0.0,0.0,0.0,0.0,1.0,0.0,0.0,255.0,1.0,0.0,0.6,0.92,0.0,0.0,0.0,0.0,0.0,124215.0
6636.0,2.0,40.0,9.0,146.0,105.0,0.0,0.0,0.0,0.0,0.0,0.0,0.0,3.0,0.0,0.0,0.0,0.0,0.67,0.67,0.0,255.0,2.0,0.01,0.86,1.0,0.0,0.0,0.0,0.0,0.0,73811.0
0.0,2.0,44.0,9.0,100.0,0.0,0.0,0.0,0.0,0.0,0.0,0.0,0.0,1.0,0.0,0.0,0.0,0.0,1.0,0.0,0.0,223.0,33.0,0.15,0.01,0.15,0.0,0.0,0.0,0.0,1.0,74300.0
0.0,2.0,44.0,9.0,28.0,0.0,1.0,0.0,0.0,0.0,0.0,0.0,0.0,1.0,0.0,0.0,0.0,0.0,1.0,0.0,0.0,73.0,1.0,0.01,0.05,0.01,0.0,0.0,0.0,0.0,1.0,54115.0
0.0,1.0,19.0,1.0,0.0,0.0,0.0,0.0,0.0,0.0,0.0,0.0,0.0,1.0,0.0,0.0,1.0,1.0,1.0,0.0,0.0,1.0,108.0,1.0,0.0,1.0,0.03,0.0,0.0,0.02,1.0,74674.0
0.0,2.0,44.0,9.0,215.0,0.0,0.0,0.0,0.0,0.0,0.0,0.0,0.0,1.0,0.0,0.0,0.0,0.0,1.0,0.0,0.0,45.0,37.0,0.82,0.04,0.82,0.0,0.0,0.0,0.0,1.0,116886.0
0.0,1.0,19.0,9.0,334.0,0.0,0.0,0.0,1.0,0.0,0.0,0.0,0.0,1.0,0.0,0.0,0.0,0.0,1.0,0.0,0.0,1.0,15.0,1.0,0.0,1.0,0.13,0.0,0.0,0.0,1.0,107681.0
0.0,1.0,22.0,1.0,0.0,0.0,0.0,0.0,0.0,0.0,0.0,0.0,0.0,1.0,0.0,0.0,1.0,1.0,1.0,0.0,0.0,3.0,255.0,1.0,0.0,0.33,0.09,0.0,0.0,0.62,0.0,33204.0
1079.0,2.0,11.0,9.0,112.0,45.0,0.0,0.0,0.0,0.0,0.0,0.0,0.0,4.0,0.0,0.0,0.0,0.0,1.0,0.0,0.0,108.0,83.0,0.77,0.02,0.77,0.0,0.0,0.0,0.0,0.0,5447.0
0.0,1.0,22.0,1.0,0.0,0.0,0.0,0.0,0.0,0.0,0.0,0.0,0.0,1.0,0.0,0.0,1.0,1.0,1.0,0.0,1.0,2.0,214.0,1.0,0.0,0.5,0.2,0.0,0.0,0.78,0.0,30835.0
7995.0,2.0,40.0,9.0,147.0,105.0,0.0,0.0,0.0,0.0,0.0,0.0,0.0,1.0,0.0,0.0,0.0,0.0,1.0,0.0,0.0,255.0,1.0,0.0,0.74,1.0,0.0,0.0,0.0,0.0,0.0,90477.0
0.0,2.0,44.0,9.0,207.0,0.0,0.0,0.0,0.0,0.0,0.0,0.0,0.0,2.0,0.0,0.0,0.0,0.0,1.0,0.0,0.0,208.0,176.0,0.85,0.01,0.85,0.0,0.0,0.0,0.0,1.0,48115.0
0.0,2.0,44.0,9.0,215.0,0.0,0.0,0.0,0.0,0.0,0.0,0.0,0.0,1.0,0.0,0.0,0.0,0.0,1.0,0.0,0.0,167.0,143.0,0.86,0.01,0.86,0.0,0.0,0.0,0.0,1.0,125506.0
4196.0,2.0,40.0,9.0,147.0,105.0,0.0,0.0,0.0,0.0,0.0,0.0,0.0,1.0,0.0,0.0,0.0,0.0,1.0,0.0,0.0,255.0,1.0,0.0,0.84,1.0,0.0,0.0,0.0,0.0,0.0,77745.0
0.0,0.0,14.0,9.0,1480.0,0.0,1.0,0.0,0.0,0.0,0.0,0.0,0.0,2.0,0.0,0.0,0.0,0.0,1.0,0.0,0.5,2.0,8.0,1.0,0.0,1.0,0.5,0.0,0.0,0.0,1.0,67870.0
0.0,1.0,19.0,9.0,334.0,0.0,0.0,0.0,1.0,0.0,0.0,0.0,0.0,2.0,0.0,0.0,0.0,0.0,1.0,0.0,0.0,4.0,34.0,1.0,0.0,1.0,0.15,0.0,0.0,0.0,1.0,23914.0
3795.0,2.0,40.0,9.0,145.0,105.0,0.0,0.0,0.0,0.0,0.0,0.0,0.0,2.0,0.0,0.0,0.0,0.0,1.0,0.0,0.0,255.0,2.0,0.01,0.67,0.96,0.0,0.0,0.0,0.0,0.0,20652.0
1105.0,2.0,40.0,9.0,146.0,105.0,0.0,0.0,0.0,0.0,0.0,0.0,0.0,1.0,0.0,0.0,0.0,0.0,1.0,0.0,0.0,255.0,1.0,0.0,0.64,0.95,0.0,0.0,0.0,0.0,0.0,36869.0
0.0,2.0,44.0,9.0,1.0,0.0,0.0,0.0,0.0,0.0,0.0,0.0,0.0,4.0,0.0,0.0,0.0,0.0,0.25,0.75,0.0,148.0,1.0,0.01,0.05,0.02,0.0,0.01,0.0,0.0,1.0,67012.0
4445.0,2.0,40.0,9.0,145.0,105.0,0.0,0.0,0.0,0.0,0.0,0.0,0.0,1.0,0.0,0.0,0.0,0.0,1.0,0.0,0.0,255.0,1.0,0.0,0.63,0.95,0.0,0.0,0.0,0.0,0.0,66210.0
0.0,1.0,22.0,1.0,0.0,0.0,0.0,0.0,0.0,0.0,0.0,0.0,0.0,1.0,0.0,0.0,1.0,1.0,1.0,0.0,0.0,12.0,255.0,1.0,0.0,0.08,0.15,0.0,0.0,0.79,0.0,363.0
0.0,2.0,44.0,9.0,100.0,0.0,0.0,0.0,0.0,0.0,0.0,0.0,0.0,2.0,0.0,0.0,0.0,0.0,1.0,0.0,0.0,132.0,22.0,0.17,0.02,0.17,0.0,0.0,0.0,0.0,1.0,112842.0
0.0,1.0,22.0,1.0,0.0,0.0,0.0,0.0,0.0,0.0,0.0,0.0,0.0,1.0,0.0,0.0,1.0,1.0,1.0,0.0,0.0,16.0,255.0,1.0,0.0,0.06,0.1,0.0,0.0,1.0,0.0,22516.0
0.0,1.0,22.0,1.0,0.0,0.0,0.0,0.0,0.0,0.0,0.0,0.0,0.0,1.0,0.0,0.0,1.0,1.0,1.0,0.0,0.0,8.0,255.0,1.0,0.0,0.12,0.11,0.0,0.0,0.81,0.0,102542.0
0.0,1.0,22.0,1.0,0.0,0.0,0.0,0.0,0.0,0.0,0.0,0.0,0.0,1.0,0.0,0.0,1.0,1.0,1.0,0.0,1.0,10.0,255.0,1.0,0.0,0.1,0.14,0.0,0.0,1.0,0.0,116745.0
0.0,1.0,19.0,9.0,192.0,0.0,0.0,0.0,0.0,0.0,0.0,0.0,0.0,1.0,0.0,0.0,0.0,0.0,1.0,0.0,0.0,148.0,36.0,0.24,0.03,0.24,0.0,0.0,0.0,0.0,0.0,71245.0
1083.0,2.0,40.0,9.0,147.0,105.0,0.0,0.0,0.0,0.0,0.0,0.0,0.0,4.0,0.0,0.0,0.0,0.0,0.5,0.5,0.0,255.0,2.0,0.01,0.77,1.0,0.0,0.0,0.0,0.0,0.0,42897.0
0.0,1.0,22.0,1.0,0.0,0.0,0.0,0.0,0.0,0.0,0.0,0.0,0.0,1.0,0.0,0.0,1.0,1.0,1.0,0.0,0.0,22.0,219.0,1.0,0.0,0.05,0.16,0.0,0.0,1.0,0.0,20682.0
0.0,1.0,19.0,9.0,190.0,0.0,0.0,0.0,0.0,0.0,0.0,0.0,0.0,1.0,0.0,0.0,0.0,0.0,1.0,0.0,0.0,13.0,33.0,0.15,0.31,0.15,0.06,0.0,0.0,0.0,0.0,66177.0
0.0,1.0,48.0,9.0,3983.0,337.0,0.0,0.0,1.0,0.0,0.0,0.0,0.0,1.0,0.0,0.0,0.0,0.0,1.0,0.0,1.0,68.0,239.0,0.96,0.03,0.01,0.01,0.0,0.0,0.0,0.0,45728.0
0.0,1.0,19.0,9.0,334.0,0.0,0.0,0.0,1.0,0.0,0.0,0.0,0.0,2.0,0.0,0.0,0.0,0.0,1.0,0.0,0.0,12.0,39.0,1.0,0.0,1.0,0.1,0.0,0.0,0.0,1.0,58666.0
7055.0,2.0,40.0,9.0,147.0,105.0,0.0,0.0,0.0,0.0,0.0,0.0,0.0,4.0,0.0,0.0,0.0,0.0,0.5,0.5,0.0,255.0,2.0,0.01,0.57,0.91,0.0,0.0,0.0,0.0,0.0,88716.0
0.0,1.0,19.0,9.0,334.0,0.0,0.0,0.0,1.0,0.0,0.0,0.0,0.0,1.0,0.0,0.0,0.0,0.0,1.0,0.0,0.0,3.0,29.0,1.0,0.0,1.0,0.14,0.0,0.0,0.0,1.0,23677.0
0.0,1.0,19.0,9.0,373.0,0.0,0.0,0.0,1.0,0.0,0.0,0.0,0.0,1.0,0.0,0.0,0.0,0.0,1.0,0.0,0.0,188.0,72.0,0.29,0.04,0.29,0.03,0.02,0.01,0.0,0.0,108163.0
0.0,0.0,14.0,9.0,1032.0,0.0,0.0,0.0,0.0,0.0,0.0,0.0,0.0,2.0,0.0,0.0,0.0,0.0,1.0,0.0,0.0,255.0,2.0,0.01,0.02,0.01,0.0,0.0,0.0,0.0,1.0,123283.0
0.0,1.0,22.0,1.0,0.0,0.0,0.0,0.0,0.0,0.0,0.0,0.0,0.0,1.0,0.0,0.0,1.0,1.0,1.0,0.0,0.0,2.0,213.0,1.0,0.0,0.5,0.17,0.0,0.0,0.95,0.0,94121.0
0.0,0.0,14.0,9.0,1480.0,0.0,1.0,0.0,0.0,0.0,0.0,0.0,0.0,13.0,0.0,0.0,0.0,0.0,1.0,0.0,0.0,255.0,15.0,0.06,0.02,0.06,0.0,0.0,0.0,0.0,1.0,115783.0
0.0,1.0,19.0,9.0,383.0,0.0,0.0,0.0,1.0,0.0,0.0,0.0,0.0,2.0,0.0,0.0,0.0,0.0,1.0,0.0,0.0,194.0,84.0,0.3,0.08,0.35,0.02,0.01,0.01,0.0,0.0,114399.0
0.0,1.0,22.0,1.0,0.0,0.0,0.0,0.0,0.0,0.0,0.0,0.0,0.0,1.0,0.0,0.0,1.0,1.0,1.0,0.0,0.0,1.0,212.0,1.0,0.0,1.0,0.07,0.0,0.0,1.0,0.0,62919.0
0.0,1.0,19.0,9.0,10.0,0.0,0.0,0.0,0.0,0.0,0.0,0.0,0.0,1.0,0.0,0.0,0.0,0.0,1.0,0.0,0.0,255.0,15.0,0.06,0.93,0.06,0.0,0.92,0.0,0.0,0.0,97895.0
0.0,1.0,19.0,9.0,740.0,0.0,0.0,0.0,1.0,0.0,0.0,9.0,0.0,2.0,0.0,0.0,0.0,0.0,1.0,0.0,0.0,80.0,43.0,0.08,0.04,0.08,0.05,0.0,0.0,0.0,0.0,80156.0
0.0,1.0,48.0,9.0,5518.0,471.0,0.0,0.0,1.0,0.0,0.0,0.0,0.0,1.0,0.0,0.0,0.0,0.0,1.0,0.0,0.0,71.0,122.0,0.18,0.04,0.01,0.02,0.03,0.0,0.0,0.0,4369.0
0.0,1.0,22.0,1.0,0.0,0.0,0.0,0.0,0.0,0.0,0.0,0.0,0.0,1.0,0.0,0.0,1.0,1.0,1.0,0.0,0.0,5.0,32.0,1.0,0.0,0.2,0.31,0.0,0.0,1.0,0.0,55155.0
0.0,1.0,48.0,9.0,7207.0,330.0,0.0,0.0,1.0,0.0,0.0,0.0,0.0,1.0,0.0,0.0,0.0,0.0,1.0,0.0,0.0,196.0,173.0,0.88,0.02,0.01,0.0,0.0,0.0,0.0,0.0,57754.0
0.0,1.0,44.0,1.0,0.0,0.0,0.0,0.0,0.0,0.0,0.0,0.0,0.0,14.0,0.0,0.0,1.0,1.0,0.36,0.14,0.0,255.0,25.0,0.1,0.06,0.0,0.0,0.0,0.0,1.0,1.0,83614.0
0.0,0.0,13.0,9.0,20.0,0.0,0.0,0.0,0.0,0.0,0.0,0.0,0.0,2.0,0.0,0.0,0.0,0.0,1.0,0.0,0.0,211.0,2.0,0.01,0.77,0.01,0.0,0.03,0.0,0.0,1.0,98253.0
0.0,1.0,19.0,9.0,641.0,0.0,0.0,0.0,1.0,0.0,0.0,0.0,0.0,2.0,0.0,0.0,0.0,0.0,1.0,0.0,0.0,108.0,49.0,0.19,0.06,0.19,0.04,0.0,0.0,0.0,0.0,21316.0
0.0,1.0,19.0,9.0,334.0,0.0,0.0,0.0,1.0,0.0,0.0,0.0,0.0,1.0,0.0,0.0,0.0,0.0,1.0,0.0,0.0,1.0,35.0,1.0,0.0,1.0,0.2,0.0,0.0,0.0,1.0,92535.0
0.0,1.0,19.0,9.0,852.0,0.0,0.0,0.0,0.0,0.0,0.0,0.0,0.0,3.0,0.0,0.0,0.0,0.0,1.0,0.0,0.0,255.0,123.0,0.48,0.01,0.48,0.0,0.0,0.01,0.0,0.0,68951.0
0.0,1.0,22.0,1.0,0.0,0.0,0.0,0.0,0.0,0.0,0.0,0.0,0.0,1.0,0.0,0.0,1.0,1.0,1.0,0.0,0.0,1.0,22.0,1.0,0.0,1.0,0.09,0.0,0.09,0.09,0.0,53485.0
0.0,1.0,22.0,1.0,0.0,0.0,0.0,0.0,0.0,0.0,0.0,0.0,0.0,1.0,0.0,0.0,1.0,1.0,1.0,0.0,0.0,1.0,255.0,1.0,0.0,1.0,0.03,0.0,0.02,0.03,0.0,12899.0
0.0,1.0,2.0,1.0,0.0,0.0,0.0,0.0,0.0,0.0,0.0,0.0,0.0,509.0,0.05,0.0,0.94,1.0,0.0,1.0,0.0,255.0,1.0,0.0,1.0,0.0,0.0,0.06,0.0,1.0,1.0,6888.0
0.0,1.0,19.0,9.0,334.0,0.0,0.0,0.0,1.0,0.0,0.0,0.0,0.0,1.0,0.0,0.0,0.0,0.0,1.0,0.0,0.0,7.0,17.0,1.0,0.0,1.0,0.24,0.0,0.0,0.0,1.0,53039.0
0.0,1.0,3.0,1.0,0.0,0.0,0.0,0.0,0.0,0.0,0.0,0.0,0.0,1.0,0.0,0.0,1.0,1.0,1.0,0.0,0.0,41.0,3.0,0.07,0.12,0.02,0.0,0.05,0.0,1.0,0.0,58260.0
2194.0,2.0,40.0,9.0,147.0,105.0,0.0,0.0,0.0,0.0,0.0,0.0,0.0,4.0,0.0,0.0,0.0,0.0,0.5,0.5,0.0,255.0,5.0,0.02,0.58,0.93,0.0,0.0,0.0,0.0,0.0,121944.0
0.0,1.0,22.0,1.0,0.0,0.0,0.0,0.0,0.0,0.0,0.0,0.0,0.0,1.0,0.0,0.0,1.0,1.0,1.0,0.0,1.0,0.0,0.0,0.0,0.0,0.0,0.0,0.0,0.0,0.0,0.0,5036.0
12.0,1.0,19.0,9.0,7045.0,0.0,0.0,0.0,1.0,0.0,0.0,0.0,0.0,2.0,0.0,0.0,0.0,0.0,1.0,0.0,0.0,2.0,29.0,1.0,0.0,1.0,0.14,0.0,0.0,0.0,1.0,123380.0
0.0,1.0,19.0,9.0,495.0,0.0,0.0,0.0,1.0,0.0,0.0,5.0,0.0,1.0,0.0,0.0,0.0,0.0,1.0,0.0,0.0,147.0,75.0,0.51,0.03,0.51,0.0,0.0,0.0,0.0,0.0,36113.0
0.0,0.0,13.0,9.0,30.0,0.0,0.0,0.0,0.0,0.0,0.0,0.0,0.0,2.0,0.0,0.0,0.0,0.0,1.0,0.0,0.0,255.0,4.0,0.02,0.01,0.09,0.0,0.0,0.0,0.0,0.0,6199.0
4175.0,2.0,40.0,9.0,147.0,105.0,0.0,0.0,0.0,0.0,0.0,0.0,0.0,4.0,0.0,0.0,0.0,0.0,0.5,0.5,0.0,255.0,2.0,0.01,0.84,1.0,0.0,0.0,0.0,0.0,0.0,115988.0
0.0,1.0,22.0,1.0,0.0,0.0,0.0,0.0,0.0,0.0,0.0,0.0,0.0,2.0,0.0,0.0,1.0,1.0,1.0,0.0,0.67,4.0,255.0,1.0,0.0,0.25,0.05,0.0,0.0,0.29,0.0,117972.0
0.0,1.0,19.0,9.0,383.0,0.0,0.0,0.0,1.0,0.0,0.0,0.0,0.0,2.0,0.0,0.0,0.0,0.0,1.0,0.0,0.0,255.0,84.0,0.33,0.02,0.33,0.0,0.0,0.0,0.0,0.0,74361.0
0.0,1.0,19.0,9.0,374.0,0.0,0.0,0.0,1.0,0.0,0.0,0.0,0.0,3.0,0.0,0.0,0.0,0.0,1.0,0.0,0.0,255.0,102.0,0.4,0.02,0.4,0.0,0.0,0.0,0.0,0.0,72971.0
0.0,1.0,22.0,1.0,0.0,0.0,0.0,0.0,0.0,0.0,0.0,0.0,0.0,1.0,0.0,0.0,1.0,1.0,1.0,0.0,1.0,14.0,242.0,1.0,0.0,0.07,0.1,0.0,0.0,1.0,0.0,65965.0
0.0,1.0,22.0,1.0,0.0,0.0,0.0,0.0,0.0,0.0,0.0,0.0,0.0,1.0,0.0,0.0,1.0,1.0,1.0,0.0,1.0,3.0,255.0,1.0,0.0,0.33,0.19,0.0,0.01,0.99,0.0,67774.0
2743.0,2.0,40.0,9.0,147.0,105.0,0.0,0.0,0.0,0.0,0.0,0.0,0.0,1.0,0.0,0.0,0.0,0.0,1.0,0.0,0.0,255.0,1.0,0.0,0.54,0.88,0.0,0.0,0.0,0.0,0.0,46731.0
0.0,1.0,19.0,9.0,305.0,0.0,0.0,0.0,1.0,0.0,0.0,2.0,0.0,2.0,0.0,0.0,0.0,0.0,1.0,0.0,0.0,7.0,93.0,0.86,0.29,0.86,0.03,0.0,0.0,0.0,0.0,90726.0
11371.0,1.0,54.0,9.0,127.0,4015.0,0.0,0.0,1.0,0.0,0.0,0.0,0.0,1.0,0.0,0.0,0.0,0.0,1.0,0.0,0.0,23.0,3.0,0.13,0.09,0.04,0.0,0.04,0.33,0.0,0.0,3715.0
0.0,0.0,14.0,9.0,1480.0,0.0,1.0,0.0,0.0,0.0,0.0,0.0,0.0,2.0,0.0,0.0,0.0,0.0,1.0,0.0,0.5,2.0,151.0,1.0,0.0,1.0,0.05,0.0,0.0,0.0,1.0,123083.0
0.0,1.0,22.0,1.0,0.0,0.0,0.0,0.0,0.0,0.0,0.0,0.0,0.0,1.0,0.0,0.0,1.0,0.67,1.0,0.0,1.0,8.0,136.0,1.0,0.0,0.12,0.15,0.0,0.0,1.0,0.0,123217.0
2144.0,2.0,40.0,9.0,146.0,105.0,0.0,0.0,0.0,0.0,0.0,0.0,0.0,1.0,0.0,0.0,0.0,0.0,1.0,0.0,0.0,255.0,1.0,0.0,0.62,0.92,0.0,0.0,0.0,0.0,0.0,54529.0
0.0,0.0,13.0,9.0,30.0,0.0,0.0,0.0,0.0,0.0,0.0,0.0,0.0,3.0,0.0,0.0,0.0,0.0,0.33,0.67,0.0,255.0,30.0,0.12,0.01,0.55,0.0,0.0,0.0,0.0,0.0,71062.0
0.0,0.0,13.0,9.0,30.0,0.0,0.0,0.0,0.0,0.0,0.0,0.0,0.0,7.0,0.0,0.0,0.0,0.0,0.14,0.29,0.0,255.0,7.0,0.03,0.01,0.1,0.0,0.0,0.0,0.0,0.0,31929.0
0.0,1.0,19.0,9.0,1363.0,0.0,0.0,0.0,1.0,0.0,0.0,0.0,0.0,5.0,0.0,0.0,0.0,0.0,1.0,0.0,0.0,255.0,11.0,0.04,0.33,0.04,0.0,0.0,0.0,0.0,0.0,16678.0
8495.0,2.0,40.0,9.0,146.0,105.0,0.0,0.0,0.0,0.0,0.0,0.0,0.0,1.0,0.0,0.0,0.0,0.0,1.0,0.0,0.0,149.0,1.0,0.01,0.55,0.76,0.0,0.0,0.0,0.0,0.0,119768.0
0.0,1.0,22.0,1.0,0.0,0.0,0.0,0.0,0.0,0.0,0.0,0.0,0.0,1.0,0.0,0.0,1.0,1.0,1.0,0.0,0.75,1.0,245.0,1.0,0.0,1.0,0.04,0.0,0.0,1.0,0.0,116042.0
0.0,1.0,19.0,9.0,334.0,0.0,0.0,0.0,1.0,0.0,0.0,0.0,0.0,2.0,0.0,0.0,0.0,0.0,1.0,0.0,0.0,4.0,38.0,1.0,0.0,1.0,0.13,0.0,0.0,0.0,1.0,51990.0
454.0,2.0,40.0,9.0,147.0,105.0,0.0,0.0,0.0,0.0,0.0,0.0,0.0,6.0,0.0,0.0,0.0,0.0,0.33,0.5,0.0,255.0,2.0,0.01,0.63,0.92,0.0,0.0,0.0,0.0,0.0,70035.0
1473.0,2.0,40.0,9.0,147.0,105.0,0.0,0.0,0.0,0.0,0.0,0.0,0.0,1.0,0.0,0.0,0.0,0.0,1.0,0.0,0.0,255.0,1.0,0.0,0.73,1.0,0.0,0.0,0.0,0.0,0.0,42385.0
0.0,1.0,22.0,1.0,0.0,0.0,0.0,0.0,0.0,0.0,0.0,0.0,0.0,1.0,0.0,0.0,1.0,1.0,1.0,0.0,0.0,5.0,18.0,1.0,0.0,0.2,0.33,0.0,0.0,1.0,0.0,123566.0
3774.0,2.0,40.0,9.0,147.0,105.0,0.0,0.0,0.0,0.0,0.0,0.0,0.0,1.0,0.0,0.0,0.0,0.0,1.0,0.0,0.0,255.0,1.0,0.0,0.55,0.88,0.0,0.0,0.0,0.0,0.0,36112.0
2210.0,2.0,40.0,9.0,147.0,105.0,0.0,0.0,0.0,0.0,0.0,0.0,0.0,4.0,0.0,0.0,0.0,0.0,0.5,0.5,0.0,255.0,2.0,0.01,0.86,1.0,0.0,0.0,0.0,0.0,0.0,35574.0
0.0,1.0,22.0,1.0,0.0,0.0,0.0,0.0,0.0,0.0,0.0,0.0,0.0,1.0,0.0,0.0,1.0,1.0,1.0,0.0,1.0,21.0,255.0,1.0,0.0,0.05,0.15,0.0,0.0,1.0,0.0,27588.0
0.0,1.0,19.0,9.0,641.0,0.0,0.0,0.0,1.0,0.0,0.0,0.0,0.0,2.0,0.0,0.0,0.0,0.0,1.0,0.0,0.67,76.0,71.0,0.49,0.07,0.49,0.03,0.0,0.0,0.0,0.0,24140.0
0.0,1.0,22.0,7.0,562.0,0.0,0.0,3.0,1.0,0.0,0.0,0.0,0.0,1.0,1.0,1.0,0.0,0.0,1.0,0.0,0.0,3.0,255.0,1.0,0.0,0.33,0.05,0.33,0.01,0.0,0.0,88016.0
4443.0,2.0,40.0,9.0,146.0,105.0,0.0,0.0,0.0,0.0,0.0,0.0,0.0,1.0,0.0,0.0,0.0,0.0,1.0,0.0,0.0,255.0,1.0,0.0,0.8,1.0,0.0,0.0,0.0,0.0,0.0,42013.0
0.0,1.0,54.0,5.0,0.0,0.0,0.0,0.0,0.0,0.0,0.0,0.0,0.0,1.0,1.0,1.0,0.0,0.0,1.0,0.0,0.0,27.0,2.0,0.07,0.11,0.04,0.0,0.04,0.5,0.0,0.0,13156.0
0.0,1.0,19.0,9.0,334.0,0.0,0.0,0.0,1.0,0.0,0.0,0.0,0.0,1.0,0.0,0.0,0.0,0.0,1.0,0.0,0.0,7.0,33.0,1.0,0.0,1.0,0.18,0.0,0.0,0.0,1.0,8984.0
1760.0,2.0,40.0,9.0,146.0,105.0,0.0,0.0,0.0,0.0,0.0,0.0,0.0,1.0,0.0,0.0,0.0,0.0,1.0,0.0,0.0,173.0,1.0,0.01,0.65,0.97,0.0,0.0,0.0,0.0,0.0,90848.0
0.0,1.0,22.0,1.0,0.0,0.0,0.0,0.0,0.0,0.0,0.0,0.0,0.0,1.0,0.0,0.0,1.0,1.0,1.0,0.0,1.0,2.0,199.0,1.0,0.0,0.5,0.05,0.0,0.01,0.75,0.0,118353.0
2696.0,2.0,40.0,9.0,146.0,105.0,0.0,0.0,0.0,0.0,0.0,0.0,0.0,1.0,0.0,0.0,0.0,0.0,1.0,0.0,0.0,255.0,5.0,0.02,0.48,0.76,0.0,0.0,0.0,0.0,0.0,102045.0
1120.0,2.0,40.0,9.0,147.0,105.0,0.0,0.0,0.0,0.0,0.0,0.0,0.0,3.0,0.0,0.0,0.0,0.0,0.67,0.67,0.0,255.0,2.0,0.01,0.84,1.0,0.0,0.0,0.0,0.0,0.0,123667.0
0.0,1.0,22.0,1.0,0.0,0.0,0.0,0.0,0.0,0.0,0.0,0.0,0.0,1.0,0.0,0.0,1.0,1.0,1.0,0.0,1.0,1.0,44.0,1.0,0.0,1.0,0.34,0.0,0.0,1.0,0.0,92847.0
0.0,1.0,19.0,9.0,276.0,0.0,0.0,0.0,0.0,0.0,0.0,0.0,0.0,1.0,0.0,0.0,0.0,0.0,1.0,0.0,0.0,166.0,25.0,0.13,0.04,0.13,0.08,0.0,0.0,0.0,0.0,98971.0
0.0,1.0,19.0,9.0,334.0,0.0,0.0,0.0,1.0,0.0,0.0,0.0,0.0,2.0,0.0,0.0,0.0,0.0,1.0,0.0,0.0,10.0,10.0,1.0,0.0,1.0,0.0,0.0,0.0,0.0,1.0,90208.0
0.0,2.0,44.0,9.0,215.0,0.0,0.0,0.0,0.0,0.0,0.0,0.0,0.0,1.0,0.0,0.0,0.0,0.0,1.0,0.0,0.0,29.0,29.0,1.0,0.0,1.0,0.0,0.0,0.0,0.0,1.0,108357.0
0.0,1.0,19.0,9.0,740.0,0.0,0.0,0.0,1.0,0.0,0.0,9.0,0.0,2.0,0.0,0.0,0.0,0.0,1.0,0.0,0.0,190.0,68.0,0.24,0.02,0.24,0.03,0.0,0.0,0.0,0.0,35495.0
0.0,1.0,19.0,9.0,334.0,0.0,0.0,0.0,1.0,0.0,0.0,0.0,0.0,2.0,0.0,0.0,0.0,0.0,1.0,0.0,0.0,4.0,52.0,1.0,0.0,1.0,0.1,0.0,0.0,0.0,1.0,67744.0
0.0,1.0,19.0,9.0,10.0,0.0,0.0,0.0,0.0,0.0,0.0,0.0,0.0,1.0,0.0,0.0,0.0,0.0,1.0,0.0,0.0,255.0,16.0,0.06,0.93,0.06,0.0,0.91,0.0,0.0,0.0,70444.0
0.0,1.0,19.0,9.0,334.0,0.0,0.0,0.0,1.0,0.0,0.0,0.0,0.0,2.0,0.0,0.0,0.0,0.0,1.0,0.0,0.0,8.0,35.0,1.0,0.0,1.0,0.11,0.0,0.0,0.0,1.0,85202.0
1208.0,2.0,40.0,9.0,147.0,105.0,0.0,0.0,0.0,0.0,0.0,0.0,0.0,1.0,0.0,0.0,0.0,0.0,1.0,0.0,0.0,255.0,3.0,0.01,0.64,0.97,0.0,0.0,0.0,0.0,0.0,20081.0
0.0,2.0,44.0,9.0,207.0,0.0,0.0,0.0,0.0,0.0,0.0,0.0,0.0,2.0,0.0,0.0,0.0,0.0,1.0,0.0,0.0,12.0,12.0,1.0,0.0,1.0,0.0,0.0,0.0,0.0,1.0,27035.0
2596.0,2.0,40.0,9.0,146.0,105.0,0.0,0.0,0.0,0.0,0.0,0.0,0.0,1.0,0.0,0.0,0.0,0.0,1.0,0.0,0.0,255.0,3.0,0.01,0.87,1.0,0.0,0.0,0.0,0.0,0.0,71939.0
3025.0,2.0,40.0,9.0,145.0,105.0,0.0,0.0,0.0,0.0,0.0,0.0,0.0,1.0,0.0,0.0,0.0,0.0,1.0,0.0,0.0,255.0,4.0,0.02,0.66,0.93,0.0,0.0,0.0,0.0,0.0,72797.0
12.0,1.0,19.0,9.0,7045.0,0.0,0.0,0.0,1.0,0.0,0.0,0.0,0.0,2.0,0.0,0.0,0.0,0.0,1.0,0.0,0.0,2.0,36.0,1.0,0.0,1.0,0.17,0.0,0.03,0.0,1.0,82617.0
0.0,1.0,22.0,5.0,0.0,0.0,0.0,0.0,0.0,0.0,0.0,0.0,0.0,1.0,1.0,1.0,0.0,0.0,1.0,0.0,0.0,1.0,1.0,1.0,0.0,1.0,0.0,1.0,1.0,0.0,1.0,52190.0
0.0,1.0,19.0,9.0,334.0,0.0,0.0,0.0,1.0,0.0,0.0,0.0,0.0,2.0,0.0,0.0,0.0,0.0,1.0,0.0,0.0,4.0,38.0,1.0,0.0,1.0,0.18,0.0,0.0,0.0,1.0,48.0
0.0,1.0,22.0,1.0,0.0,0.0,0.0,0.0,0.0,0.0,0.0,0.0,0.0,1.0,0.0,0.0,1.0,1.0,1.0,0.0,1.0,3.0,255.0,1.0,0.0,0.33,0.18,0.0,0.01,0.99,0.0,114879.0
0.0,1.0,19.0,9.0,748.0,0.0,0.0,0.0,0.0,0.0,0.0,0.0,0.0,1.0,0.0,0.0,0.0,0.0,1.0,0.0,0.0,255.0,21.0,0.08,0.02,0.08,0.0,0.0,0.0,0.0,0.0,119961.0
0.0,1.0,19.0,9.0,383.0,0.0,0.0,0.0,1.0,0.0,0.0,0.0,0.0,2.0,0.0,0.0,0.0,0.0,1.0,0.0,0.67,88.0,114.0,0.35,0.09,0.4,0.02,0.01,0.0,0.0,0.0,2311.0
4254.0,2.0,40.0,9.0,147.0,105.0,0.0,0.0,0.0,0.0,0.0,0.0,0.0,1.0,0.0,0.0,0.0,0.0,1.0,0.0,0.0,255.0,1.0,0.0,0.77,0.98,0.0,0.0,0.0,0.0,0.0,110475.0
1.0,1.0,48.0,9.0,4239.0,328.0,0.0,0.0,1.0,0.0,0.0,0.0,0.0,1.0,0.0,0.0,0.0,0.0,1.0,0.0,1.0,73.0,169.0,0.51,0.08,0.01,0.01,0.0,0.0,0.0,0.0,74933.0
0.0,1.0,19.0,9.0,334.0,0.0,0.0,0.0,1.0,0.0,0.0,0.0,0.0,2.0,0.0,0.0,0.0,0.0,1.0,0.0,0.0,6.0,40.0,1.0,0.0,1.0,0.05,0.0,0.0,0.0,1.0,43342.0
0.0,1.0,19.0,9.0,246.0,0.0,0.0,0.0,1.0,0.0,0.0,0.0,0.0,2.0,0.0,0.0,0.0,0.0,1.0,0.0,0.0,6.0,36.0,1.0,0.0,1.0,0.14,0.0,0.0,0.0,1.0,109026.0
0.0,1.0,22.0,1.0,0.0,0.0,0.0,0.0,0.0,0.0,0.0,0.0,0.0,1.0,0.0,0.0,1.0,1.0,1.0,0.0,1.0,63.0,49.0,0.78,0.08,0.02,0.0,0.0,0.0,1.0,0.0,53981.0
4965.0,2.0,40.0,9.0,145.0,105.0,0.0,0.0,0.0,0.0,0.0,0.0,0.0,1.0,0.0,0.0,0.0,0.0,1.0,0.0,0.0,255.0,1.0,0.0,0.62,0.95,0.0,0.0,0.0,0.0,0.0,13441.0
0.0,1.0,22.0,1.0,0.0,0.0,0.0,0.0,0.0,0.0,0.0,0.0,0.0,1.0,0.0,0.0,1.0,1.0,1.0,0.0,0.0,73.0,54.0,0.74,0.03,0.01,0.0,0.0,0.0,1.0,0.0,92813.0
0.0,1.0,19.0,9.0,1699.0,0.0,0.0,0.0,1.0,0.0,0.0,0.0,0.0,4.0,0.0,0.0,0.0,0.0,1.0,0.0,0.0,255.0,113.0,0.44,0.05,0.48,0.0,0.01,0.02,0.0,0.0,25904.0
0.0,1.0,54.0,6.0,0.0,0.0,0.0,0.0,0.0,0.0,0.0,0.0,0.0,1.0,1.0,1.0,0.0,0.0,1.0,0.0,0.0,16.0,2.0,0.06,0.25,0.06,1.0,0.06,0.5,0.0,0.0,10653.0
0.0,2.0,44.0,9.0,215.0,0.0,0.0,0.0,0.0,0.0,0.0,0.0,0.0,1.0,0.0,0.0,0.0,0.0,1.0,0.0,0.0,7.0,7.0,1.0,0.0,1.0,0.0,0.0,0.0,0.0,1.0,114193.0
0.0,1.0,19.0,9.0,245.0,0.0,0.0,0.0,1.0,0.0,0.0,1.0,0.0,2.0,0.0,0.0,0.0,0.0,1.0,0.0,0.0,43.0,30.0,0.7,0.12,0.7,0.0,0.0,0.0,0.0,0.0,55225.0
0.0,1.0,22.0,1.0,0.0,0.0,0.0,0.0,0.0,0.0,0.0,0.0,0.0,1.0,0.0,0.0,1.0,1.0,1.0,0.0,0.0,6.0,247.0,1.0,0.0,0.17,0.13,0.0,0.0,0.98,0.0,97924.0
0.0,1.0,22.0,1.0,0.0,0.0,0.0,0.0,0.0,0.0,0.0,0.0,0.0,1.0,0.0,0.0,1.0,1.0,1.0,0.0,1.0,11.0,254.0,1.0,0.0,0.09,0.25,0.0,0.0,0.89,0.0,123540.0
2975.0,2.0,11.0,9.0,81.0,43.0,0.0,0.0,0.0,0.0,0.0,0.0,0.0,2.0,0.0,0.0,0.0,0.0,0.5,1.0,0.0,142.0,104.0,0.73,0.02,0.7,0.0,0.0,0.0,0.0,0.0,97477.0
0.0,2.0,44.0,9.0,105.0,0.0,0.0,0.0,0.0,0.0,0.0,0.0,0.0,2.0,0.0,0.0,0.0,0.0,1.0,0.0,0.0,255.0,119.0,0.47,0.01,0.01,0.0,0.0,0.0,0.0,0.0,49395.0
0.0,2.0,44.0,9.0,215.0,0.0,0.0,0.0,0.0,0.0,0.0,0.0,0.0,1.0,0.0,0.0,0.0,0.0,1.0,0.0,0.0,119.0,103.0,0.87,0.02,0.87,0.0,0.0,0.0,0.0,1.0,73331.0
2620.0,2.0,40.0,9.0,146.0,105.0,0.0,0.0,0.0,0.0,0.0,0.0,0.0,2.0,0.0,0.0,0.0,0.0,1.0,0.0,0.0,255.0,2.0,0.01,0.88,0.99,0.0,0.0,0.0,0.0,0.0,42163.0
0.0,1.0,22.0,1.0,0.0,0.0,0.0,0.0,0.0,0.0,0.0,0.0,0.0,1.0,0.0,0.0,1.0,1.0,1.0,0.0,1.0,1.0,255.0,1.0,0.0,1.0,0.06,0.0,0.0,0.63,0.0,73246.0
0.0,1.0,19.0,9.0,1376.0,0.0,0.0,0.0,1.0,0.0,0.0,0.0,0.0,4.0,0.0,0.0,0.0,0.0,1.0,0.0,0.0,255.0,40.0,0.16,0.02,0.16,0.0,0.0,0.0,0.0,0.0,88347.0
0.0,1.0,19.0,9.0,11.0,0.0,0.0,0.0,1.0,0.0,0.0,0.0,0.0,2.0,0.0,0.0,0.0,0.0,1.0,0.0,0.0,255.0,48.0,0.19,0.02,0.08,0.0,0.35,0.48,0.0,0.0,122125.0
0.0,1.0,19.0,9.0,1214.0,0.0,0.0,0.0,1.0,0.0,0.0,0.0,0.0,15.0,0.0,0.0,0.0,0.0,1.0,0.0,0.0,173.0,106.0,0.31,0.02,0.31,0.02,0.0,0.0,0.0,0.0,7649.0
0.0,1.0,22.0,1.0,0.0,0.0,0.0,0.0,0.0,0.0,0.0,0.0,0.0,1.0,0.0,0.0,1.0,1.0,1.0,0.0,0.0,10.0,255.0,1.0,0.0,0.1,0.06,0.0,0.0,0.54,0.0,81119.0
2.0,1.0,48.0,9.0,3970.0,332.0,0.0,0.0,1.0,0.0,0.0,0.0,0.0,1.0,0.0,0.0,0.0,0.0,1.0,0.0,1.0,209.0,180.0,0.77,0.02,0.0,0.01,0.0,0.0,0.0,0.0,109933.0
0.0,1.0,44.0,1.0,0.0,0.0,0.0,0.0,0.0,0.0,0.0,0.0,0.0,1.0,0.0,0.0,1.0,1.0,1.0,0.0,0.0,231.0,1.0,0.0,0.04,0.01,0.0,0.0,0.0,1.0,1.0,79525.0
0.0,1.0,22.0,1.0,0.0,0.0,0.0,0.0,0.0,0.0,0.0,0.0,0.0,1.0,0.0,0.0,1.0,1.0,1.0,0.0,0.0,11.0,255.0,1.0,0.0,0.09,0.13,0.0,0.0,0.92,0.0,105527.0
0.0,1.0,22.0,1.0,0.0,0.0,0.0,0.0,0.0,0.0,0.0,0.0,0.0,1.0,0.0,0.0,1.0,1.0,1.0,0.0,1.0,1.0,212.0,1.0,0.0,1.0,0.11,0.0,0.0,0.99,0.0,29314.0
0.0,0.0,14.0,9.0,1480.0,0.0,1.0,0.0,0.0,0.0,0.0,0.0,0.0,2.0,0.0,0.0,0.0,0.0,1.0,0.0,0.5,2.0,151.0,1.0,0.0,1.0,0.11,0.0,0.0,0.0,1.0,31165.0
0.0,1.0,19.0,9.0,740.0,0.0,0.0,0.0,1.0,0.0,0.0,9.0,0.0,1.0,0.0,0.0,0.0,0.0,1.0,0.0,0.0,197.0,44.0,0.17,0.02,0.17,0.05,0.0,0.0,0.0,0.0,1402.0
10720.0,1.0,54.0,9.0,207.0,1586.0,0.0,0.0,1.0,0.0,0.0,0.0,0.0,1.0,0.0,0.0,0.0,0.0,1.0,0.0,0.0,53.0,11.0,0.21,0.08,0.02,0.0,0.02,0.0,0.18,0.0,25966.0
0.0,1.0,22.0,1.0,0.0,0.0,0.0,0.0,0.0,0.0,0.0,0.0,0.0,1.0,0.0,0.0,1.0,1.0,1.0,0.0,0.0,1.0,48.0,1.0,0.0,1.0,0.21,0.0,0.0,1.0,0.0,78981.0
0.0,2.0,44.0,9.0,207.0,0.0,0.0,0.0,0.0,0.0,0.0,0.0,0.0,2.0,0.0,0.0,0.0,0.0,1.0,0.0,0.0,74.0,66.0,0.89,0.03,0.89,0.0,0.0,0.0,0.0,1.0,7004.0
0.0,1.0,54.0,2.0,0.0,15.0,0.0,0.0,0.0,0.0,0.0,0.0,0.0,1.0,0.0,0.0,1.0,1.0,1.0,0.0,0.0,113.0,2.0,0.02,0.05,0.01,0.0,0.01,0.0,0.5,0.0,45068.0
3968.0,2.0,40.0,9.0,147.0,105.0,0.0,0.0,0.0,0.0,0.0,0.0,0.0,2.0,0.0,0.0,0.0,0.0,1.0,0.0,0.0,255.0,4.0,0.02,0.47,0.8,0.0,0.0,0.0,0.0,0.0,63192.0
0.0,1.0,48.0,9.0,15281.0,1361.0,0.0,0.0,0.0,0.0,0.0,0.0,0.0,1.0,0.0,0.0,0.0,0.0,1.0,0.0,0.0,107.0,213.0,0.64,0.03,0.01,0.01,0.0,0.0,0.0,0.0,7533.0
2245.0,2.0,40.0,9.0,146.0,105.0,0.0,0.0,0.0,0.0,0.0,0.0,0.0,1.0,0.0,0.0,0.0,0.0,1.0,0.0,0.0,255.0,1.0,0.0,0.69,0.96,0.0,0.0,0.0,0.0,0.0,80604.0
0.0,1.0,17.0,5.0,0.0,0.0,0.0,0.0,0.0,0.0,0.0,0.0,0.0,1.0,1.0,1.0,0.0,0.0,1.0,0.0,1.0,1.0,2.0,1.0,0.0,1.0,1.0,1.0,0.5,0.0,1.0,101543.0
0.0,1.0,19.0,9.0,1342.0,0.0,0.0,0.0,1.0,0.0,0.0,0.0,0.0,8.0,0.0,0.0,0.0,0.0,1.0,0.0,0.0,255.0,114.0,0.45,0.02,0.45,0.0,0.0,0.0,0.0,0.0,59798.0
0.0,1.0,19.0,9.0,11.0,0.0,0.0,0.0,1.0,0.0,0.0,0.0,0.0,2.0,0.0,0.0,0.0,0.0,1.0,0.0,0.67,255.0,26.0,0.1,0.05,0.1,0.0,0.53,0.0,0.0,0.0,45583.0
0.0,1.0,48.0,9.0,6005.0,339.0,0.0,0.0,1.0,0.0,0.0,0.0,0.0,1.0,0.0,0.0,0.0,0.0,1.0,0.0,1.0,188.0,189.0,0.75,0.02,0.01,0.01,0.0,0.0,0.0,0.0,71318.0
0.0,1.0,19.0,9.0,334.0,0.0,0.0,0.0,1.0,0.0,0.0,0.0,0.0,2.0,0.0,0.0,0.0,0.0,1.0,0.0,0.0,4.0,16.0,1.0,0.0,1.0,0.12,0.0,0.0,0.0,1.0,71122.0
0.0,1.0,22.0,5.0,0.0,0.0,0.0,0.0,0.0,0.0,0.0,0.0,0.0,2.0,0.5,0.25,0.0,0.0,1.0,0.0,0.75,6.0,255.0,1.0,0.0,0.33,0.04,0.17,0.01,0.0,0.0,119882.0
0.0,1.0,22.0,1.0,0.0,0.0,0.0,0.0,0.0,0.0,0.0,0.0,0.0,1.0,0.0,0.0,1.0,1.0,1.0,0.0,0.0,9.0,247.0,1.0,0.0,0.11,0.26,0.0,0.0,1.0,0.0,82734.0
4848.0,2.0,40.0,9.0,147.0,105.0,0.0,0.0,0.0,0.0,0.0,0.0,0.0,1.0,0.0,0.0,0.0,0.0,1.0,0.0,0.0,255.0,1.0,0.0,0.56,0.86,0.0,0.0,0.0,0.0,0.0,32750.0
1940.0,2.0,40.0,9.0,147.0,105.0,0.0,0.0,0.0,0.0,0.0,0.0,0.0,1.0,0.0,0.0,0.0,0.0,1.0,0.0,0.0,255.0,1.0,0.0,0.6,0.93,0.0,0.0,0.0,0.0,0.0,71292.0
0.0,1.0,22.0,1.0,0.0,0.0,0.0,0.0,0.0,0.0,0.0,0.0,0.0,2.0,0.0,0.0,1.0,1.0,1.0,0.0,0.67,19.0,255.0,1.0,0.0,0.05,0.11,0.0,0.0,0.83,0.0,66140.0
4249.0,2.0,40.0,9.0,146.0,105.0,0.0,0.0,0.0,0.0,0.0,0.0,0.0,1.0,0.0,0.0,0.0,0.0,1.0,0.0,0.0,255.0,2.0,0.01,0.52,0.87,0.0,0.0,0.0,0.0,0.0,70575.0
0.0,1.0,22.0,1.0,0.0,0.0,0.0,0.0,0.0,0.0,0.0,0.0,0.0,24.0,0.0,0.0,0.83,0.83,1.0,0.0,0.0,177.0,188.0,1.0,0.0,0.01,0.03,0.01,0.01,0.36,0.0,48303.0
5821.0,2.0,40.0,9.0,147.0,105.0,0.0,0.0,0.0,0.0,0.0,0.0,0.0,4.0,0.0,0.0,0.0,0.0,0.5,0.5,0.0,255.0,2.0,0.01,0.71,0.96,0.0,0.0,0.0,0.0,0.0,43152.0
0.0,1.0,19.0,9.0,383.0,0.0,0.0,0.0,1.0,0.0,0.0,0.0,0.0,2.0,0.0,0.0,0.0,0.0,1.0,0.0,0.0,134.0,43.0,0.32,0.08,0.37,0.0,0.01,0.02,0.0,0.0,62765.0
0.0,1.0,44.0,1.0,0.0,0.0,0.0,0.0,0.0,0.0,0.0,0.0,0.0,1.0,0.0,0.0,1.0,1.0,1.0,0.0,0.0,255.0,1.0,0.0,0.06,0.0,0.0,0.0,0.0,1.0,1.0,48678.0
