service,flag,src_bytes,dst_bytes,logged_in,serror_rate,srv_serror_rate,same_srv_rate,diff_srv_rate,dst_host_srv_diff_host_rate,dst_host_serror_rate,dst_host_srv_serror_rate,classe,posicaoOriginal
13.0,9.0,30.0,0.0,0.0,0.0,0.0,1.0,0.0,0.0,0.0,0.0,0.0,59697.0
14.0,9.0,30.0,0.0,0.0,0.0,0.0,1.0,0.0,0.0,0.0,0.0,0.0,63670.0
41.0,9.0,59.0,0.0,1.0,0.06,0.0,0.06,0.17,0.0,0.0,0.0,0.0,83615.0
13.0,9.0,30.0,0.0,0.0,0.0,0.0,1.0,0.0,0.0,0.0,0.0,0.0,123174.0
22.0,2.0,0.0,0.0,1.0,0.0,0.0,1.0,0.0,0.06,0.0,0.0,0.0,60647.0
40.0,9.0,48.0,48.0,0.0,0.0,0.0,0.17,0.33,0.0,0.0,0.0,0.0,19548.0
22.0,2.0,0.0,0.0,1.0,0.0,0.0,1.0,0.0,0.0,0.0,0.0,0.0,21770.0
19.0,9.0,29.0,0.0,1.0,0.0,0.0,0.5,1.0,0.02,0.0,0.0,0.0,81358.0
11.0,9.0,35.0,0.0,0.0,0.0,0.0,1.0,0.0,0.06,0.0,0.0,0.0,33141.0
11.0,9.0,34.0,0.0,0.0,0.0,0.0,0.5,1.0,0.0,0.0,0.0,0.0,43740.0
11.0,9.0,36.0,0.0,0.0,0.0,0.0,1.0,0.0,0.0,0.0,0.0,0.0,94137.0
19.0,9.0,12.0,0.0,1.0,0.0,0.0,1.0,0.0,0.01,0.0,0.0,0.0,50283.0
41.0,1.0,0.0,0.0,0.0,0.0,0.0,1.0,0.0,0.0,0.0,0.0,0.0,93812.0
17.0,9.0,8.0,0.0,0.0,0.0,0.0,1.0,0.0,0.5,0.0,0.0,0.0,63832.0
14.0,9.0,30.0,0.0,0.0,0.0,0.0,1.0,0.0,0.0,0.0,0.0,0.0,80583.0
14.0,9.0,30.0,0.0,0.0,0.0,0.0,1.0,0.0,0.0,0.0,0.0,0.0,10449.0
22.0,5.0,0.0,0.0,0.0,1.0,1.0,1.0,0.0,0.16,1.0,0.07,0.0,123090.0
11.0,9.0,33.0,0.0,0.0,0.0,0.0,1.0,0.0,0.13,0.0,0.0,0.0,14235.0
14.0,9.0,30.0,0.0,0.0,0.0,0.0,1.0,0.0,0.0,0.0,0.0,0.0,13623.0
17.0,9.0,9.0,0.0,0.0,0.0,0.0,1.0,0.0,0.22,0.0,0.0,1.0,77677.0
22.0,2.0,0.0,0.0,1.0,0.0,0.0,1.0,0.0,0.02,0.04,0.0,0.0,16852.0
57.0,9.0,39.0,121.0,0.0,0.07,0.0,0.0,1.0,0.0,0.13,0.0,1.0,49980.0
11.0,9.0,30.0,0.0,0.0,0.0,0.0,1.0,0.0,0.04,0.0,0.0,0.0,53575.0
19.0,9.0,74.0,0.0,0.0,0.0,0.0,1.0,0.0,0.0,0.55,0.0,0.0,53637.0
40.0,9.0,48.0,48.0,0.0,0.0,0.0,0.14,0.29,0.0,0.0,0.0,0.0,111228.0
11.0,9.0,31.0,0.0,0.0,0.0,0.0,1.0,0.0,0.04,0.0,0.0,0.0,75128.0
11.0,9.0,33.0,0.0,0.0,0.0,0.0,1.0,0.0,0.08,0.0,0.0,0.0,8459.0
11.0,9.0,34.0,0.0,0.0,0.0,0.0,1.0,0.0,0.04,0.0,0.0,0.0,95888.0
51.0,5.0,0.0,0.0,0.0,0.5,0.5,1.0,0.0,0.01,0.1,0.02,0.0,17524.0
13.0,9.0,30.0,0.0,0.0,0.0,0.0,0.14,0.29,0.0,0.0,0.0,0.0,88188.0
40.0,9.0,48.0,48.0,0.0,0.0,0.0,1.0,0.0,0.0,0.0,0.0,0.0,11023.0
19.0,9.0,65.0,0.0,0.0,0.0,0.0,1.0,0.0,0.25,0.95,0.0,0.0,25993.0
19.0,9.0,12.0,0.0,0.0,0.0,0.0,1.0,0.0,0.02,0.0,0.0,0.0,80885.0
19.0,9.0,12.0,0.0,1.0,0.0,0.0,1.0,0.0,0.09,0.0,0.0,0.0,39422.0
11.0,9.0,34.0,0.0,0.0,0.0,0.0,1.0,0.0,0.0,0.0,0.0,0.0,39320.0
19.0,9.0,26.0,0.0,1.0,0.0,0.0,1.0,0.0,0.0,0.87,0.94,0.0,108194.0
19.0,9.0,12.0,0.0,1.0,0.0,0.0,1.0,0.0,0.03,0.0,0.0,0.0,50728.0
13.0,9.0,30.0,0.0,0.0,0.0,0.0,0.17,0.25,0.0,0.0,0.0,0.0,61812.0
14.0,9.0,30.0,0.0,0.0,0.0,0.0,1.0,0.0,0.0,0.0,0.0,0.0,55400.0
41.0,1.0,0.0,0.0,0.0,0.0,0.0,1.0,0.0,0.0,0.0,0.0,0.0,2559.0
11.0,9.0,31.0,0.0,0.0,0.0,0.0,1.0,0.0,0.05,0.0,0.0,0.0,116957.0
19.0,9.0,19.0,0.0,0.0,0.0,0.0,1.0,0.0,0.02,0.0,0.0,0.0,48423.0
11.0,9.0,31.0,0.0,0.0,0.0,0.0,1.0,0.0,0.05,0.0,0.0,0.0,70028.0
22.0,2.0,0.0,0.0,1.0,0.0,0.0,1.0,0.0,0.08,0.0,0.0,0.0,110555.0
19.0,9.0,30.0,0.0,1.0,0.0,0.0,1.0,0.0,0.24,0.0,0.0,1.0,31762.0
19.0,9.0,9.0,0.0,1.0,0.0,0.0,1.0,0.0,0.02,0.0,0.0,0.0,104471.0
22.0,1.0,0.0,0.0,0.0,0.0,0.0,0.0,0.0,0.0,0.0,0.0,0.0,73119.0
11.0,9.0,34.0,0.0,0.0,0.0,0.0,1.0,0.0,0.0,0.0,0.0,0.0,77445.0
13.0,9.0,30.0,0.0,0.0,0.0,0.0,1.0,0.0,0.0,0.0,0.0,0.0,37175.0
11.0,9.0,35.0,0.0,0.0,0.0,0.0,1.0,0.0,0.0,0.0,0.0,0.0,32619.0
41.0,9.0,59.0,0.0,1.0,0.08,0.0,0.08,0.83,0.0,0.01,0.0,0.0,15104.0
11.0,9.0,34.0,0.0,0.0,0.0,0.0,1.0,0.0,0.05,0.0,0.0,0.0,36402.0
57.0,2.0,0.0,15.0,0.0,0.0,0.0,1.0,0.0,0.0,0.02,0.0,0.0,67301.0
19.0,9.0,95.0,0.0,1.0,0.0,0.0,1.0,0.0,0.0,0.91,0.0,0.0,89725.0
51.0,9.0,48.0,284.0,1.0,0.0,0.0,1.0,0.0,0.0,0.0,0.0,0.0,45943.0
22.0,2.0,0.0,0.0,1.0,0.0,0.0,1.0,0.0,0.0,0.0,0.0,0.0,66226.0
51.0,9.0,49.0,285.0,1.0,0.0,0.0,1.0,0.0,0.0,0.0,0.0,0.0,37720.0
11.0,9.0,33.0,0.0,0.0,0.0,0.0,1.0,0.0,0.05,0.0,0.0,0.0,1946.0
40.0,9.0,48.0,48.0,0.0,0.0,0.0,1.0,0.0,0.0,0.0,0.0,0.0,119979.0
17.0,9.0,8.0,0.0,0.0,0.0,0.0,1.0,0.0,0.25,0.01,0.12,0.0,6963.0
46.0,3.0,0.0,0.0,0.0,0.5,0.5,1.0,0.0,0.0,0.0,0.5,1.0,57361.0
11.0,9.0,33.0,0.0,0.0,0.0,0.0,1.0,0.0,0.0,0.0,0.0,0.0,35988.0
40.0,9.0,48.0,48.0,0.0,0.0,0.0,0.33,0.67,0.0,0.0,0.0,0.0,89426.0
17.0,5.0,0.0,0.0,0.0,1.0,1.0,1.0,0.0,1.0,1.0,0.67,1.0,112310.0
13.0,9.0,30.0,0.0,0.0,0.0,0.0,0.2,0.6,0.0,0.0,0.0,0.0,53044.0
14.0,9.0,30.0,0.0,0.0,0.0,0.0,1.0,0.0,0.0,0.0,0.0,0.0,60769.0
22.0,2.0,0.0,0.0,1.0,0.0,0.0,1.0,0.0,0.05,0.0,0.0,0.0,120118.0
19.0,9.0,12.0,0.0,1.0,0.0,0.0,1.0,0.0,0.02,0.0,0.0,0.0,47146.0
19.0,9.0,12.0,0.0,1.0,0.0,0.0,1.0,0.0,0.0,0.0,0.0,0.0,44033.0
19.0,9.0,12.0,0.0,1.0,0.0,0.0,1.0,0.0,0.0,0.0,0.0,0.0,50520.0
13.0,9.0,30.0,0.0,0.0,0.0,0.0,1.0,0.0,0.37,0.0,0.0,0.0,46116.0
11.0,9.0,31.0,0.0,0.0,0.0,0.0,1.0,0.0,0.05,0.0,0.0,0.0,71960.0
11.0,9.0,31.0,0.0,0.0,0.0,0.0,0.5,1.0,0.03,0.01,0.0,0.0,10720.0
40.0,9.0,48.0,48.0,0.0,0.0,0.0,1.0,0.0,0.0,0.0,0.0,0.0,49417.0
19.0,9.0,12.0,0.0,1.0,0.0,0.0,1.0,0.0,0.06,0.0,0.02,0.0,71160.0
41.0,9.0,59.0,0.0,1.0,0.06,0.0,0.06,0.88,0.0,0.0,0.0,0.0,94372.0
13.0,9.0,30.0,0.0,0.0,0.0,0.0,1.0,0.0,0.0,0.0,0.0,0.0,14971.0
58.0,9.0,0.0,4.0,0.0,0.0,0.0,1.0,0.0,0.0,0.08,0.08,0.0,117688.0
11.0,9.0,42.0,0.0,0.0,0.0,0.0,1.0,0.0,0.0,0.0,0.0,0.0,18084.0
41.0,9.0,59.0,0.0,1.0,0.13,0.0,0.04,0.7,0.0,0.05,0.0,0.0,79896.0
58.0,2.0,0.0,0.0,0.0,0.0,0.0,1.0,0.0,0.0,0.0,0.0,0.0,116916.0
22.0,2.0,0.0,0.0,1.0,0.0,0.0,1.0,0.0,0.02,0.0,0.0,0.0,120933.0
13.0,9.0,30.0,0.0,0.0,0.0,0.0,1.0,0.0,0.47,0.0,0.0,0.0,56136.0
13.0,9.0,30.0,0.0,0.0,0.0,0.0,0.14,0.29,0.0,0.0,0.0,0.0,73747.0
11.0,9.0,34.0,0.0,0.0,0.33,0.0,0.33,0.67,0.06,0.01,0.0,0.0,108944.0
13.0,9.0,30.0,0.0,0.0,0.0,0.0,1.0,0.0,0.0,0.0,0.0,0.0,26478.0
14.0,9.0,30.0,0.0,0.0,0.0,0.0,1.0,0.0,0.0,0.0,0.0,0.0,54767.0
57.0,9.0,84.0,153.0,0.0,0.0,0.0,1.0,0.0,0.0,0.0,0.0,0.0,34563.0
13.0,9.0,30.0,0.0,0.0,0.0,0.0,1.0,0.0,0.45,0.0,0.0,0.0,67614.0
11.0,9.0,36.0,0.0,0.0,0.0,0.0,1.0,0.0,0.01,0.0,0.0,0.0,80653.0
19.0,9.0,30.0,0.0,1.0,0.0,0.0,1.0,0.0,0.07,0.0,0.02,1.0,34883.0
41.0,1.0,0.0,0.0,0.0,0.0,0.0,1.0,0.0,0.0,0.0,0.0,0.0,124382.0
40.0,9.0,48.0,48.0,0.0,0.0,0.0,1.0,0.0,0.0,0.0,0.0,0.0,121061.0
11.0,9.0,36.0,0.0,0.0,0.0,0.0,1.0,0.0,0.04,0.0,0.0,0.0,868.0
19.0,9.0,9.0,0.0,1.0,0.0,0.0,1.0,0.0,0.02,0.07,0.0,0.0,60721.0
19.0,9.0,11.0,0.0,0.0,0.0,0.0,1.0,0.0,0.02,0.0,0.0,0.0,59467.0
51.0,5.0,0.0,0.0,0.0,0.2,0.5,0.4,0.4,0.02,0.01,0.02,0.0,104103.0
14.0,9.0,30.0,0.0,0.0,0.0,0.0,1.0,0.0,0.0,0.0,0.0,0.0,54135.0
19.0,9.0,59.0,0.0,0.0,0.0,0.0,1.0,0.0,0.0,0.45,0.0,0.0,31605.0
19.0,9.0,12.0,0.0,1.0,0.0,0.0,1.0,0.0,0.03,0.0,0.0,0.0,121293.0
40.0,9.0,48.0,48.0,0.0,0.0,0.0,1.0,0.0,0.0,0.0,0.0,0.0,91230.0
17.0,5.0,0.0,0.0,0.0,1.0,1.0,1.0,0.0,0.33,0.58,0.11,1.0,52662.0
51.0,6.0,121.0,281.0,1.0,1.0,1.0,1.0,0.0,0.0,0.02,0.04,0.0,40136.0
13.0,9.0,30.0,0.0,0.0,0.0,0.0,0.5,1.0,0.0,0.0,0.0,0.0,35859.0
19.0,9.0,43.0,0.0,1.0,0.0,0.0,1.0,0.0,0.0,0.36,0.51,0.0,91057.0
14.0,9.0,30.0,0.0,0.0,0.0,0.0,1.0,0.0,0.0,0.0,0.0,0.0,36842.0
14.0,9.0,30.0,0.0,0.0,0.0,0.0,1.0,0.0,0.0,0.0,0.0,0.0,46156.0
17.0,9.0,7.0,0.0,0.0,0.0,0.0,1.0,0.0,0.25,0.0,0.0,0.0,54570.0
19.0,9.0,12.0,0.0,1.0,0.0,0.0,1.0,0.0,0.0,0.0,0.0,0.0,77212.0
13.0,9.0,30.0,0.0,0.0,0.0,0.0,1.0,0.0,0.41,0.0,0.0,0.0,36457.0
19.0,9.0,12.0,0.0,1.0,0.0,0.0,1.0,0.0,0.02,0.0,0.0,0.0,108521.0
22.0,2.0,0.0,0.0,1.0,0.0,0.0,1.0,0.0,0.0,0.0,0.0,0.0,89493.0
1.0,1.0,0.0,0.0,0.0,0.0,0.0,0.75,0.5,0.0,0.0,0.0,0.0,72859.0
11.0,9.0,33.0,0.0,0.0,0.0,0.0,1.0,0.0,0.04,0.0,0.0,0.0,82877.0
10.0,2.0,7.0,28.0,1.0,0.08,0.0,0.0,1.0,0.0,0.13,0.0,1.0,27486.0
13.0,9.0,30.0,0.0,0.0,0.0,0.0,1.0,0.0,0.0,0.0,0.0,0.0,17269.0
11.0,9.0,29.0,0.0,0.0,0.0,0.0,0.5,1.0,0.1,0.0,0.0,0.0,89047.0
40.0,9.0,48.0,48.0,0.0,0.0,0.0,1.0,0.0,0.0,0.0,0.0,0.0,79061.0
13.0,9.0,30.0,0.0,0.0,0.0,0.0,1.0,0.0,0.0,0.0,0.0,0.0,23603.0
40.0,9.0,48.0,48.0,0.0,0.0,0.0,1.0,0.0,0.0,0.0,0.0,0.0,65695.0
3.0,1.0,0.0,0.0,0.0,0.0,0.0,1.0,0.0,0.0,0.71,0.0,0.0,33187.0
19.0,9.0,12.0,0.0,1.0,0.0,0.0,1.0,0.0,0.06,0.0,0.0,0.0,66453.0
19.0,9.0,12.0,0.0,1.0,0.0,0.0,1.0,0.0,0.0,0.0,0.0,0.0,54830.0
58.0,9.0,0.0,4.0,0.0,0.0,0.0,1.0,0.0,0.0,0.11,0.11,0.0,47832.0
57.0,9.0,90.0,233.0,0.0,0.0,0.0,1.0,0.0,0.0,0.0,0.0,1.0,42564.0
13.0,9.0,30.0,0.0,0.0,0.0,0.0,1.0,0.0,0.0,0.0,0.0,0.0,124728.0
58.0,5.0,0.0,0.0,0.0,0.5,0.5,1.0,0.0,0.0,0.12,0.12,0.0,92840.0
51.0,5.0,0.0,0.0,0.0,0.5,0.5,1.0,0.0,0.0,0.01,0.05,0.0,40697.0
19.0,9.0,12.0,0.0,1.0,0.0,0.0,1.0,0.0,0.03,0.0,0.0,0.0,20082.0
11.0,9.0,33.0,0.0,0.0,0.0,0.0,0.5,1.0,0.1,0.0,0.0,0.0,102141.0
19.0,9.0,11.0,0.0,1.0,0.0,0.0,1.0,0.0,0.05,0.08,0.0,0.0,115158.0
19.0,9.0,63.0,0.0,1.0,0.99,0.0,0.01,0.06,0.0,0.78,0.0,0.0,98691.0
22.0,2.0,0.0,0.0,1.0,0.0,0.0,1.0,0.0,0.0,0.0,0.0,0.0,51598.0
14.0,9.0,30.0,0.0,0.0,0.0,0.0,1.0,0.0,0.0,0.0,0.0,0.0,54668.0
19.0,9.0,59.0,0.0,1.0,0.0,0.0,1.0,0.0,0.05,0.11,0.0,0.0,31104.0
51.0,6.0,48.0,155.0,1.0,1.0,1.0,1.0,0.0,0.01,0.02,0.01,0.0,73228.0
11.0,9.0,33.0,0.0,0.0,0.0,0.0,1.0,0.0,0.03,0.0,0.0,0.0,70700.0
19.0,9.0,11.0,0.0,1.0,0.0,0.0,1.0,0.0,0.04,0.06,0.0,0.0,73061.0
17.0,9.0,7.0,0.0,0.0,0.0,0.0,1.0,0.0,0.22,0.03,0.11,0.0,32059.0
11.0,9.0,34.0,0.0,0.0,0.0,0.0,1.0,0.0,0.0,0.0,0.0,0.0,113360.0
40.0,9.0,48.0,48.0,0.0,0.0,0.0,1.0,0.0,0.0,0.0,0.0,0.0,33570.0
40.0,9.0,48.0,48.0,0.0,0.0,0.0,1.0,0.0,0.0,0.0,0.0,0.0,74621.0
13.0,9.0,30.0,0.0,0.0,0.0,0.0,1.0,0.0,0.21,0.0,0.0,0.0,114462.0
51.0,5.0,0.0,0.0,0.0,0.5,0.5,1.0,0.0,0.01,0.01,0.01,0.0,87651.0
19.0,9.0,9.0,0.0,1.0,0.0,0.0,1.0,0.0,0.03,0.0,0.0,0.0,32245.0
13.0,9.0,30.0,0.0,0.0,0.0,0.0,0.09,0.27,0.0,0.0,0.0,0.0,116369.0
19.0,9.0,35.0,0.0,0.0,0.0,0.0,1.0,0.0,0.0,0.02,0.0,0.0,53899.0
51.0,5.0,0.0,0.0,0.0,0.2,0.5,0.4,0.4,0.02,0.01,0.01,0.0,62204.0
19.0,9.0,63.0,0.0,1.0,0.0,0.0,1.0,0.0,0.0,0.49,0.45,0.0,60433.0
40.0,9.0,48.0,48.0,0.0,0.0,0.0,1.0,0.0,0.0,0.0,0.0,0.0,99553.0
19.0,9.0,12.0,0.0,0.0,0.0,0.0,1.0,0.0,0.02,0.0,0.0,0.0,91720.0
13.0,9.0,30.0,0.0,0.0,0.0,0.0,1.0,0.0,0.0,0.0,0.0,0.0,109950.0
40.0,9.0,48.0,48.0,0.0,0.0,0.0,1.0,0.0,0.0,0.0,0.0,0.0,79359.0
11.0,9.0,33.0,0.0,0.0,0.0,0.0,1.0,0.0,0.0,0.0,0.0,0.0,30462.0
57.0,9.0,24.0,36.0,0.0,0.0,0.0,1.0,0.0,0.0,0.0,0.0,0.0,119860.0
17.0,9.0,9.0,44.0,0.0,0.0,0.0,1.0,0.0,0.0,0.01,0.0,1.0,41573.0
19.0,9.0,11.0,0.0,1.0,0.0,0.0,1.0,0.0,0.07,0.27,0.0,0.0,99489.0
41.0,9.0,59.0,0.0,1.0,0.06,0.0,0.06,0.41,0.0,0.01,0.0,0.0,17557.0
51.0,5.0,0.0,0.0,0.0,0.5,0.5,1.0,0.0,0.02,0.02,0.02,0.0,114678.0
13.0,9.0,30.0,0.0,0.0,0.0,0.0,1.0,0.0,0.0,0.0,0.0,0.0,110303.0
14.0,9.0,30.0,0.0,0.0,0.0,0.0,1.0,0.0,0.0,0.0,0.0,0.0,109258.0
17.0,9.0,10.0,0.0,0.0,0.0,0.0,1.0,0.0,0.5,0.0,0.0,0.0,103666.0
57.0,2.0,0.0,0.0,0.0,0.0,0.0,1.0,0.0,0.0,0.0,0.0,0.0,121270.0
17.0,5.0,0.0,0.0,0.0,1.0,1.0,1.0,0.0,1.0,1.0,1.0,1.0,67588.0
11.0,9.0,33.0,0.0,0.0,0.0,0.0,1.0,0.0,0.08,0.0,0.0,0.0,112042.0
22.0,2.0,0.0,0.0,1.0,0.0,0.0,1.0,0.0,0.0,0.0,0.0,0.0,52878.0
19.0,9.0,37.0,0.0,1.0,0.99,0.0,0.01,0.06,0.0,0.78,0.0,0.0,64945.0
13.0,9.0,30.0,0.0,0.0,0.0,0.0,0.12,0.38,0.0,0.0,0.0,0.0,115986.0
17.0,9.0,8.0,0.0,0.0,0.0,0.0,1.0,0.0,0.25,0.0,0.0,0.0,13071.0
57.0,5.0,0.0,0.0,0.0,1.0,1.0,1.0,0.0,0.0,0.04,0.5,0.0,13156.0
11.0,9.0,30.0,0.0,0.0,0.0,0.0,1.0,0.0,0.17,0.01,0.0,0.0,51262.0
22.0,1.0,0.0,0.0,0.0,0.0,0.0,0.0,0.0,0.0,0.0,0.0,0.0,55789.0
11.0,9.0,33.0,0.0,0.0,0.0,0.0,1.0,0.0,0.22,0.0,0.0,0.0,33334.0
13.0,9.0,30.0,0.0,0.0,0.0,0.0,1.0,0.0,0.06,0.0,0.0,0.0,58793.0
19.0,9.0,11.0,0.0,0.0,0.0,0.0,1.0,0.0,0.03,0.0,0.0,0.0,2701.0
14.0,9.0,30.0,0.0,0.0,0.0,0.0,1.0,0.0,0.0,0.0,0.0,0.0,44156.0
14.0,9.0,30.0,0.0,0.0,0.0,0.0,1.0,0.0,0.0,0.0,0.0,0.0,83025.0
17.0,9.0,6.0,0.0,0.0,0.0,0.0,1.0,0.0,0.2,0.0,0.0,0.0,96337.0
11.0,9.0,30.0,0.0,0.0,0.0,0.0,0.5,1.0,0.0,0.0,0.0,0.0,42993.0
11.0,9.0,33.0,0.0,0.0,0.0,0.0,1.0,0.0,0.0,0.0,0.0,0.0,113311.0
11.0,9.0,34.0,0.0,0.0,0.0,0.0,1.0,0.0,0.04,0.0,0.0,0.0,102280.0
13.0,9.0,30.0,0.0,0.0,0.0,0.0,1.0,0.0,0.42,0.0,0.0,0.0,89770.0
13.0,9.0,30.0,0.0,0.0,0.0,0.0,0.12,0.38,0.0,0.0,0.0,0.0,12728.0
13.0,9.0,30.0,0.0,0.0,0.0,0.0,1.0,0.0,0.0,0.0,0.0,0.0,84449.0
40.0,9.0,48.0,48.0,0.0,0.0,0.0,1.0,0.0,0.0,0.0,0.0,0.0,72223.0
13.0,9.0,30.0,0.0,0.0,0.0,0.0,0.25,0.5,0.0,0.0,0.0,0.0,51780.0
19.0,9.0,16.0,0.0,0.0,0.0,0.0,1.0,0.0,0.0,0.78,0.0,0.0,36221.0
13.0,9.0,30.0,0.0,0.0,0.0,0.0,1.0,0.0,0.0,0.0,0.0,0.0,15291.0
22.0,1.0,0.0,0.0,0.0,0.0,0.0,0.0,0.0,0.0,0.0,0.0,0.0,120895.0
19.0,9.0,74.0,0.0,1.0,0.0,0.0,1.0,0.0,0.0,0.84,0.0,0.0,38238.0
17.0,5.0,0.0,0.0,0.0,1.0,1.0,1.0,0.0,1.0,1.0,1.0,1.0,121116.0
3.0,1.0,0.0,0.0,0.0,0.0,0.0,1.0,0.0,0.0,0.6,0.0,0.0,76954.0
13.0,9.0,30.0,0.0,0.0,0.0,0.0,1.0,0.0,0.33,0.0,0.0,0.0,14139.0
13.0,9.0,30.0,0.0,0.0,0.0,0.0,1.0,0.0,0.46,0.0,0.0,0.0,120737.0
41.0,9.0,59.0,0.0,1.0,0.08,0.0,0.08,0.42,0.0,0.02,0.0,0.0,38817.0
40.0,9.0,48.0,48.0,0.0,0.0,0.0,1.0,0.0,0.0,0.0,0.0,0.0,14913.0
13.0,9.0,30.0,0.0,0.0,0.0,0.0,1.0,0.0,0.41,0.0,0.0,0.0,30581.0
22.0,2.0,0.0,0.0,1.0,0.0,0.0,1.0,0.0,0.0,0.0,0.0,0.0,105301.0
13.0,9.0,30.0,0.0,0.0,0.0,0.0,0.11,0.33,0.0,0.0,0.0,0.0,50006.0
17.0,9.0,8.0,30.0,0.0,0.0,0.0,1.0,0.0,0.0,0.0,0.0,0.0,48342.0
40.0,9.0,48.0,48.0,0.0,0.0,0.0,1.0,0.0,0.0,0.0,0.0,0.0,118213.0
13.0,9.0,30.0,0.0,0.0,0.0,0.0,1.0,0.0,0.0,0.0,0.0,0.0,73306.0
41.0,1.0,0.0,0.0,0.0,0.0,0.0,1.0,0.0,0.0,0.0,0.0,0.0,58662.0
41.0,9.0,59.0,0.0,1.0,0.1,0.0,0.1,0.2,0.0,0.01,0.0,0.0,114736.0
14.0,9.0,30.0,0.0,0.0,0.0,0.0,1.0,0.0,0.22,0.0,0.0,0.0,85923.0
11.0,9.0,34.0,0.0,0.0,0.0,0.0,1.0,0.0,0.0,0.0,0.0,0.0,54056.0
14.0,9.0,30.0,0.0,0.0,0.0,0.0,1.0,0.0,0.0,0.0,0.0,0.0,55453.0
22.0,2.0,0.0,0.0,1.0,0.0,0.0,1.0,0.0,0.02,0.0,0.0,0.0,78979.0
57.0,2.0,0.0,0.0,0.0,0.0,0.0,1.0,0.0,0.0,0.0,0.0,0.0,48789.0
19.0,9.0,12.0,0.0,0.0,0.0,0.0,1.0,0.0,0.07,0.0,0.0,0.0,32079.0
11.0,9.0,33.0,0.0,0.0,0.0,0.0,1.0,0.0,0.0,0.0,0.0,0.0,117770.0
58.0,9.0,0.0,4.0,0.0,0.0,0.0,1.0,0.0,0.0,0.14,0.14,0.0,21341.0
11.0,9.0,33.0,0.0,0.0,0.0,0.0,1.0,0.0,0.08,0.0,0.0,0.0,66366.0
11.0,9.0,31.0,0.0,0.0,0.0,0.0,1.0,0.0,0.02,0.01,0.0,0.0,98140.0
22.0,1.0,0.0,0.0,0.0,0.0,0.0,0.0,0.0,0.0,0.0,0.0,0.0,8669.0
41.0,9.0,63.0,0.0,1.0,0.0,0.0,1.0,0.0,0.0,0.92,0.0,0.0,115717.0
22.0,2.0,0.0,0.0,1.0,0.0,0.0,1.0,0.0,0.03,0.0,0.0,0.0,117741.0
22.0,2.0,0.0,0.0,1.0,0.0,0.0,1.0,0.0,0.0,0.0,0.0,0.0,53295.0
40.0,9.0,48.0,48.0,0.0,0.0,0.0,1.0,0.0,0.0,0.0,0.0,0.0,26966.0
14.0,9.0,30.0,0.0,0.0,0.0,0.0,1.0,0.0,0.0,0.0,0.0,0.0,108379.0
41.0,9.0,43.0,0.0,1.0,0.0,0.0,1.0,0.0,0.0,0.03,0.0,0.0,67060.0
57.0,4.0,39.0,51.0,0.0,0.0,0.0,1.0,0.0,0.0,0.33,0.57,0.0,81617.0
40.0,9.0,48.0,48.0,0.0,0.0,0.0,1.0,0.0,0.0,0.0,0.0,0.0,122450.0
13.0,9.0,30.0,0.0,0.0,0.0,0.0,1.0,0.0,0.0,0.0,0.0,0.0,116631.0
40.0,9.0,48.0,48.0,0.0,0.0,0.0,1.0,0.0,0.0,0.0,0.0,0.0,93389.0
11.0,9.0,34.0,0.0,0.0,0.0,0.0,1.0,0.0,0.0,0.0,0.0,0.0,86935.0
11.0,9.0,34.0,0.0,0.0,0.0,0.0,1.0,0.0,0.06,0.0,0.0,0.0,20851.0
22.0,2.0,0.0,0.0,1.0,0.0,0.0,1.0,0.0,0.0,0.0,0.0,0.0,61729.0
13.0,9.0,30.0,0.0,0.0,0.0,0.0,0.5,1.0,0.0,0.0,0.0,0.0,86814.0
14.0,9.0,30.0,0.0,0.0,0.0,0.0,1.0,0.0,0.0,0.0,0.0,0.0,18809.0
22.0,5.0,0.0,0.0,0.0,0.2,0.17,1.0,0.0,0.0,0.01,0.01,0.0,56333.0
14.0,9.0,30.0,0.0,0.0,0.0,0.0,1.0,0.0,0.0,0.0,0.0,0.0,76054.0
19.0,9.0,35.0,0.0,0.0,0.0,0.0,1.0,0.0,0.22,0.94,0.0,0.0,67913.0
11.0,9.0,36.0,0.0,0.0,0.0,0.0,1.0,0.0,0.04,0.0,0.0,0.0,2363.0
11.0,9.0,36.0,0.0,0.0,0.0,0.0,1.0,0.0,0.01,0.0,0.0,0.0,88728.0
19.0,9.0,12.0,0.0,1.0,0.0,0.0,1.0,0.0,0.18,0.02,0.0,0.0,81400.0
14.0,9.0,30.0,0.0,0.0,0.0,0.0,1.0,0.0,0.0,0.0,0.0,0.0,66872.0
14.0,9.0,30.0,0.0,0.0,0.0,0.0,1.0,0.0,0.0,0.0,0.0,0.0,23672.0
13.0,9.0,30.0,0.0,0.0,0.0,0.0,0.5,1.0,0.0,0.0,0.0,0.0,105245.0
14.0,9.0,30.0,0.0,0.0,0.0,0.0,1.0,0.0,0.0,0.0,0.0,0.0,88885.0
13.0,9.0,30.0,0.0,0.0,0.0,0.0,0.33,1.0,0.0,0.0,0.0,0.0,98279.0
13.0,9.0,30.0,0.0,0.0,0.0,0.0,0.12,0.38,0.0,0.0,0.0,0.0,68427.0
19.0,9.0,12.0,0.0,1.0,0.0,0.0,1.0,0.0,0.03,0.0,0.0,0.0,73488.0
13.0,9.0,30.0,0.0,0.0,0.0,0.0,1.0,0.0,0.0,0.0,0.0,0.0,48504.0
58.0,9.0,0.0,4.0,0.0,0.0,0.0,1.0,0.0,0.0,0.0,0.0,0.0,28852.0
11.0,9.0,33.0,0.0,0.0,0.0,0.0,1.0,0.0,0.17,0.0,0.0,0.0,8662.0
58.0,5.0,0.0,0.0,0.0,0.5,0.5,1.0,0.0,0.0,0.16,0.16,0.0,73958.0
13.0,9.0,30.0,0.0,0.0,0.0,0.0,0.11,0.33,0.0,0.0,0.0,0.0,93966.0
40.0,9.0,48.0,48.0,0.0,0.0,0.0,1.0,0.0,0.0,0.0,0.0,0.0,82404.0
14.0,9.0,30.0,0.0,0.0,0.0,0.0,1.0,0.0,0.0,0.0,0.0,0.0,52657.0
19.0,9.0,11.0,0.0,1.0,0.0,0.0,1.0,0.0,0.03,0.0,0.0,0.0,29326.0
13.0,9.0,30.0,0.0,0.0,0.0,0.0,0.12,0.38,0.0,0.0,0.0,0.0,125251.0
11.0,9.0,33.0,0.0,0.0,0.0,0.0,1.0,0.0,0.06,0.0,0.0,0.0,99955.0
13.0,9.0,30.0,0.0,0.0,0.0,0.0,0.33,1.0,0.0,0.0,0.0,0.0,20731.0
57.0,2.0,0.0,15.0,0.0,0.0,0.0,1.0,0.0,0.0,0.01,0.0,0.0,45068.0
19.0,9.0,9.0,0.0,1.0,0.0,0.0,1.0,0.0,0.06,0.0,0.0,0.0,98696.0
57.0,2.0,0.0,15.0,0.0,0.0,0.0,1.0,0.0,0.67,0.0,0.0,1.0,36307.0
22.0,5.0,0.0,0.0,0.0,1.0,1.0,1.0,0.0,0.16,1.0,0.06,0.0,8372.0
19.0,9.0,71.0,0.0,1.0,0.0,0.0,1.0,0.0,0.0,0.5,0.45,0.0,27047.0
19.0,9.0,12.0,0.0,1.0,0.0,0.0,1.0,0.0,0.0,0.0,0.0,0.0,32316.0
19.0,9.0,19.0,0.0,0.0,0.0,0.0,1.0,0.0,0.05,0.0,0.0,0.0,68161.0
13.0,9.0,30.0,0.0,0.0,0.0,0.0,1.0,0.0,0.31,0.0,0.0,0.0,37764.0
13.0,9.0,30.0,0.0,0.0,0.0,0.0,0.12,0.38,0.0,0.0,0.0,0.0,79245.0
38.0,1.0,0.0,0.0,0.0,0.0,0.0,1.0,0.0,0.0,0.0,0.0,1.0,54575.0
58.0,9.0,0.0,4.0,0.0,0.0,0.0,1.0,0.0,0.0,0.0,0.0,0.0,105861.0
11.0,9.0,33.0,0.0,0.0,0.0,0.0,0.67,0.67,0.0,0.0,0.0,0.0,107497.0
