protocol_type,service,flag,src_bytes,dst_bytes,land,classe,posicaoOriginal
1.0,23.0,9.0,144.0,31603.0,0.0,0.0,120470.0
1.0,17.0,9.0,8.0,445.0,0.0,0.0,119806.0
1.0,25.0,1.0,0.0,0.0,0.0,1.0,101607.0
1.0,23.0,1.0,0.0,0.0,0.0,1.0,21191.0
1.0,23.0,9.0,199.0,12884.0,0.0,0.0,49076.0
1.0,23.0,9.0,312.0,11250.0,0.0,0.0,7369.0
1.0,23.0,1.0,0.0,0.0,0.0,0.0,6093.0
1.0,23.0,1.0,0.0,0.0,0.0,1.0,80317.0
1.0,23.0,1.0,0.0,0.0,0.0,0.0,97921.0
1.0,23.0,9.0,217.0,32815.0,0.0,0.0,102537.0
1.0,23.0,9.0,202.0,4412.0,0.0,0.0,8759.0
1.0,23.0,9.0,236.0,3054.0,0.0,0.0,19390.0
1.0,23.0,9.0,255.0,28735.0,0.0,0.0,36690.0
1.0,23.0,9.0,288.0,5943.0,0.0,0.0,61448.0
1.0,23.0,9.0,292.0,44237.0,0.0,0.0,31214.0
1.0,17.0,9.0,6.0,169.0,0.0,0.0,68886.0
0.0,60.0,9.0,78.0,0.0,0.0,0.0,81237.0
1.0,23.0,9.0,287.0,13410.0,0.0,0.0,114901.0
1.0,23.0,9.0,216.0,4435.0,0.0,0.0,12846.0
1.0,23.0,9.0,238.0,8718.0,0.0,0.0,100280.0
1.0,23.0,1.0,0.0,0.0,0.0,0.0,115052.0
1.0,23.0,9.0,221.0,2444.0,0.0,0.0,35884.0
1.0,23.0,9.0,0.0,514.0,0.0,0.0,105573.0
1.0,23.0,9.0,224.0,3263.0,0.0,0.0,34327.0
0.0,60.0,9.0,78.0,0.0,0.0,0.0,121775.0
1.0,23.0,9.0,314.0,4137.0,0.0,0.0,439.0
1.0,23.0,9.0,234.0,4137.0,0.0,0.0,78971.0
1.0,23.0,1.0,0.0,0.0,0.0,0.0,41442.0
1.0,23.0,9.0,216.0,6979.0,0.0,0.0,5110.0
1.0,23.0,9.0,217.0,6081.0,0.0,0.0,117929.0
1.0,23.0,9.0,223.0,5567.0,0.0,0.0,2042.0
1.0,23.0,9.0,207.0,2346.0,0.0,0.0,100428.0
1.0,23.0,9.0,334.0,15650.0,0.0,0.0,66364.0
1.0,23.0,9.0,225.0,2833.0,0.0,0.0,102072.0
1.0,23.0,9.0,286.0,7833.0,0.0,0.0,1409.0
1.0,23.0,9.0,161.0,13187.0,0.0,0.0,65090.0
1.0,23.0,9.0,236.0,5989.0,0.0,0.0,77315.0
1.0,23.0,9.0,210.0,2869.0,0.0,0.0,115279.0
1.0,23.0,1.0,0.0,0.0,0.0,0.0,122428.0
1.0,23.0,9.0,219.0,3248.0,0.0,0.0,36547.0
1.0,23.0,9.0,304.0,13474.0,0.0,0.0,30501.0
1.0,23.0,9.0,204.0,2457.0,0.0,0.0,9441.0
1.0,23.0,9.0,217.0,2648.0,0.0,0.0,77915.0
1.0,23.0,9.0,232.0,27554.0,0.0,0.0,69924.0
1.0,23.0,9.0,241.0,10066.0,0.0,0.0,60638.0
1.0,23.0,9.0,254.0,20731.0,0.0,0.0,97297.0
1.0,23.0,9.0,223.0,6727.0,0.0,0.0,7660.0
1.0,23.0,9.0,306.0,25519.0,0.0,0.0,66055.0
1.0,23.0,1.0,0.0,0.0,0.0,0.0,69190.0
1.0,23.0,1.0,0.0,0.0,0.0,0.0,92400.0
1.0,23.0,9.0,225.0,4257.0,0.0,0.0,22326.0
1.0,23.0,9.0,296.0,507534.0,0.0,0.0,50650.0
1.0,23.0,9.0,301.0,7783.0,0.0,0.0,55892.0
1.0,23.0,9.0,303.0,11755.0,0.0,0.0,39708.0
1.0,23.0,9.0,201.0,3295.0,0.0,0.0,74091.0
1.0,23.0,9.0,309.0,4833.0,0.0,0.0,39177.0
1.0,23.0,9.0,306.0,14578.0,0.0,0.0,85420.0
1.0,23.0,9.0,193.0,7205.0,0.0,0.0,44713.0
1.0,17.0,9.0,10.0,273.0,0.0,0.0,58023.0
1.0,23.0,9.0,234.0,3222.0,0.0,0.0,52933.0
1.0,23.0,9.0,335.0,18764.0,0.0,0.0,80772.0
1.0,23.0,9.0,183.0,5465.0,0.0,0.0,56093.0
1.0,23.0,9.0,313.0,25519.0,0.0,0.0,27647.0
1.0,23.0,9.0,219.0,2963.0,0.0,0.0,6848.0
1.0,23.0,9.0,221.0,10242.0,0.0,0.0,110704.0
1.0,23.0,9.0,201.0,2685.0,0.0,0.0,99700.0
1.0,23.0,9.0,199.0,12161.0,0.0,0.0,107802.0
1.0,23.0,9.0,230.0,10113.0,0.0,0.0,23947.0
1.0,23.0,9.0,214.0,6928.0,0.0,0.0,47655.0
1.0,23.0,9.0,315.0,10319.0,0.0,0.0,96837.0
1.0,23.0,9.0,259.0,9980.0,0.0,0.0,37389.0
1.0,23.0,9.0,214.0,4402.0,0.0,0.0,110738.0
1.0,23.0,1.0,0.0,0.0,0.0,0.0,52152.0
1.0,23.0,9.0,274.0,10063.0,0.0,0.0,36822.0
1.0,23.0,9.0,222.0,3080.0,0.0,0.0,80811.0
1.0,23.0,1.0,0.0,0.0,0.0,0.0,4528.0
1.0,19.0,9.0,0.0,5150180.0,0.0,1.0,7040.0
0.0,60.0,9.0,78.0,0.0,0.0,0.0,121984.0
1.0,23.0,9.0,188.0,9268.0,0.0,0.0,95248.0
1.0,23.0,9.0,313.0,12557.0,0.0,0.0,82070.0
1.0,23.0,9.0,326.0,3467.0,0.0,0.0,40297.0
1.0,44.0,9.0,80.0,6409.0,0.0,0.0,74364.0
1.0,19.0,9.0,11.0,0.0,0.0,0.0,79996.0
1.0,41.0,9.0,59.0,0.0,0.0,0.0,38817.0
1.0,23.0,9.0,256.0,6717.0,0.0,0.0,109352.0
1.0,23.0,1.0,0.0,0.0,0.0,0.0,82347.0
1.0,23.0,9.0,286.0,9216.0,0.0,0.0,99212.0
1.0,17.0,9.0,8.0,223.0,0.0,0.0,20226.0
2.0,46.0,9.0,105.0,0.0,0.0,0.0,21203.0
1.0,23.0,9.0,172.0,6924.0,0.0,0.0,54510.0
1.0,23.0,9.0,223.0,2497.0,0.0,0.0,94578.0
1.0,23.0,9.0,285.0,3393.0,0.0,0.0,8836.0
1.0,41.0,9.0,59.0,0.0,0.0,0.0,77942.0
1.0,23.0,1.0,0.0,0.0,0.0,0.0,55044.0
1.0,23.0,9.0,215.0,4727.0,0.0,0.0,6362.0
1.0,23.0,9.0,216.0,2913.0,0.0,0.0,116902.0
1.0,23.0,9.0,275.0,37865.0,0.0,0.0,66053.0
2.0,46.0,9.0,105.0,0.0,0.0,0.0,25489.0
1.0,23.0,9.0,240.0,8718.0,0.0,0.0,71992.0
1.0,23.0,9.0,268.0,9518.0,0.0,0.0,33848.0
2.0,46.0,9.0,105.0,0.0,0.0,0.0,49970.0
1.0,23.0,9.0,224.0,2602.0,0.0,0.0,5384.0
1.0,23.0,1.0,0.0,0.0,0.0,0.0,35462.0
1.0,23.0,9.0,162.0,23226.0,0.0,0.0,125852.0
1.0,23.0,9.0,321.0,5150.0,0.0,0.0,34221.0
1.0,23.0,9.0,193.0,10799.0,0.0,0.0,72189.0
1.0,23.0,9.0,271.0,10757.0,0.0,0.0,104653.0
1.0,23.0,9.0,200.0,8491.0,0.0,0.0,11704.0
1.0,23.0,9.0,298.0,5175.0,0.0,0.0,15714.0
1.0,23.0,9.0,211.0,5415.0,0.0,0.0,109599.0
1.0,23.0,9.0,222.0,4859.0,0.0,0.0,40116.0
1.0,23.0,9.0,0.0,12471.0,0.0,0.0,11314.0
1.0,23.0,9.0,211.0,3552.0,0.0,0.0,44024.0
1.0,23.0,9.0,326.0,5131.0,0.0,0.0,42768.0
1.0,23.0,9.0,239.0,37014.0,0.0,0.0,72986.0
1.0,57.0,9.0,116.0,1194.0,0.0,0.0,66502.0
1.0,23.0,9.0,295.0,4504.0,0.0,0.0,88085.0
1.0,23.0,9.0,240.0,6086.0,0.0,0.0,69933.0
1.0,23.0,9.0,304.0,8497.0,0.0,0.0,48214.0
1.0,23.0,9.0,221.0,6542.0,0.0,0.0,82569.0
1.0,23.0,9.0,286.0,20424.0,0.0,0.0,23050.0
1.0,23.0,9.0,159.0,9569.0,0.0,0.0,15966.0
1.0,23.0,9.0,303.0,21587.0,0.0,0.0,63675.0
1.0,23.0,9.0,252.0,11316.0,0.0,0.0,109158.0
1.0,57.0,9.0,341.0,9883.0,0.0,0.0,125552.0
1.0,23.0,9.0,306.0,7947.0,0.0,0.0,102196.0
1.0,23.0,1.0,0.0,0.0,0.0,0.0,123307.0
1.0,23.0,9.0,158.0,5903.0,0.0,0.0,89723.0
1.0,23.0,9.0,320.0,12474.0,0.0,0.0,65686.0
1.0,0.0,1.0,0.0,0.0,0.0,0.0,50954.0
1.0,23.0,1.0,0.0,0.0,0.0,1.0,65048.0
1.0,23.0,9.0,217.0,11902.0,0.0,0.0,35595.0
1.0,23.0,9.0,305.0,10822.0,0.0,0.0,40357.0
1.0,23.0,9.0,217.0,2670.0,0.0,0.0,20781.0
1.0,23.0,9.0,323.0,5340.0,0.0,0.0,23844.0
1.0,23.0,9.0,302.0,7303.0,0.0,0.0,119898.0
1.0,23.0,9.0,195.0,42766.0,0.0,0.0,95909.0
1.0,23.0,9.0,215.0,19835.0,0.0,0.0,101574.0
1.0,23.0,9.0,237.0,3891.0,0.0,0.0,1337.0
1.0,17.0,9.0,7.0,138.0,0.0,0.0,77203.0
1.0,23.0,9.0,284.0,7121.0,0.0,0.0,35682.0
1.0,23.0,1.0,0.0,0.0,0.0,0.0,64439.0
1.0,17.0,9.0,7.0,0.0,0.0,0.0,54570.0
1.0,23.0,1.0,0.0,0.0,0.0,0.0,53860.0
1.0,23.0,9.0,264.0,14602.0,0.0,0.0,46662.0
1.0,23.0,9.0,245.0,10128.0,0.0,0.0,93064.0
1.0,23.0,9.0,215.0,4823.0,0.0,0.0,114890.0
1.0,57.0,9.0,105.0,1479.0,0.0,0.0,11842.0
1.0,23.0,9.0,324.0,5220.0,0.0,0.0,103158.0
0.0,60.0,9.0,129.0,0.0,0.0,0.0,40010.0
1.0,23.0,9.0,220.0,4624.0,0.0,0.0,31545.0
1.0,23.0,9.0,233.0,16118.0,0.0,0.0,11165.0
1.0,23.0,1.0,0.0,0.0,0.0,0.0,117244.0
1.0,23.0,9.0,341.0,13045.0,0.0,0.0,122057.0
1.0,23.0,9.0,208.0,3002.0,0.0,0.0,72958.0
1.0,23.0,9.0,147.0,10063.0,0.0,0.0,61805.0
1.0,23.0,9.0,167.0,2583.0,0.0,0.0,117108.0
1.0,23.0,1.0,0.0,0.0,0.0,0.0,11719.0
1.0,23.0,1.0,0.0,0.0,0.0,0.0,9761.0
1.0,23.0,9.0,296.0,11016.0,0.0,0.0,21093.0
1.0,23.0,9.0,283.0,3763.0,0.0,0.0,55649.0
1.0,23.0,9.0,265.0,2780.0,0.0,0.0,38352.0
1.0,23.0,9.0,234.0,3957.0,0.0,0.0,86649.0
1.0,23.0,9.0,207.0,2456.0,0.0,0.0,114510.0
2.0,46.0,9.0,100.0,0.0,0.0,1.0,100538.0
1.0,23.0,9.0,227.0,2850.0,0.0,0.0,119078.0
1.0,23.0,1.0,0.0,0.0,0.0,0.0,82739.0
1.0,23.0,9.0,285.0,23652.0,0.0,0.0,30197.0
1.0,23.0,9.0,240.0,14249.0,0.0,0.0,35491.0
1.0,23.0,9.0,235.0,4533.0,0.0,0.0,65375.0
1.0,23.0,1.0,0.0,0.0,0.0,0.0,17580.0
1.0,23.0,9.0,141.0,4030.0,0.0,0.0,110266.0
1.0,19.0,9.0,11.0,0.0,0.0,0.0,2701.0
1.0,23.0,9.0,244.0,7453.0,0.0,0.0,94906.0
1.0,23.0,9.0,221.0,4951.0,0.0,0.0,6472.0
1.0,23.0,9.0,222.0,51166.0,0.0,0.0,48998.0
1.0,23.0,9.0,234.0,2665.0,0.0,0.0,115062.0
1.0,57.0,9.0,688.0,477817.0,0.0,0.0,37310.0
1.0,23.0,9.0,218.0,2474.0,0.0,0.0,112848.0
1.0,23.0,9.0,213.0,157465.0,0.0,0.0,80538.0
1.0,57.0,9.0,596.0,339045.0,0.0,0.0,73249.0
1.0,23.0,9.0,205.0,4868.0,0.0,0.0,17483.0
1.0,23.0,9.0,234.0,11864.0,0.0,0.0,15949.0
1.0,23.0,1.0,0.0,0.0,0.0,0.0,73675.0
1.0,23.0,9.0,287.0,5250.0,0.0,0.0,67006.0
1.0,23.0,9.0,204.0,2828.0,0.0,0.0,25706.0
1.0,23.0,1.0,0.0,0.0,0.0,0.0,7914.0
1.0,57.0,9.0,105.0,1354.0,0.0,0.0,48039.0
1.0,23.0,9.0,225.0,3444.0,0.0,0.0,50659.0
1.0,23.0,9.0,206.0,4076.0,0.0,0.0,98562.0
1.0,23.0,9.0,253.0,5372.0,0.0,0.0,91355.0
1.0,23.0,9.0,322.0,4137.0,0.0,0.0,16311.0
1.0,23.0,9.0,314.0,4137.0,0.0,0.0,64875.0
1.0,23.0,9.0,204.0,2465.0,0.0,0.0,52506.0
1.0,23.0,9.0,231.0,5280.0,0.0,0.0,22471.0
1.0,23.0,1.0,0.0,0.0,0.0,0.0,74170.0
1.0,23.0,9.0,192.0,9248.0,0.0,0.0,100607.0
1.0,23.0,9.0,247.0,3892.0,0.0,0.0,28446.0
1.0,23.0,1.0,0.0,0.0,0.0,0.0,36968.0
1.0,23.0,1.0,0.0,0.0,0.0,0.0,105028.0
0.0,60.0,9.0,78.0,0.0,0.0,0.0,19707.0
1.0,19.0,9.0,11.0,0.0,0.0,0.0,98099.0
1.0,23.0,9.0,231.0,3899.0,0.0,0.0,96941.0
1.0,23.0,9.0,239.0,6019.0,0.0,0.0,62873.0
1.0,23.0,9.0,215.0,2735.0,0.0,0.0,6383.0
1.0,23.0,9.0,179.0,7243.0,0.0,0.0,47509.0
1.0,23.0,1.0,0.0,0.0,0.0,0.0,108877.0
1.0,23.0,9.0,206.0,6682.0,0.0,0.0,88493.0
1.0,23.0,9.0,234.0,3248.0,0.0,0.0,93356.0
1.0,57.0,9.0,80.0,928.0,0.0,0.0,65742.0
1.0,23.0,9.0,244.0,4649.0,0.0,0.0,112110.0
1.0,23.0,9.0,307.0,5280.0,0.0,0.0,109091.0
1.0,23.0,9.0,285.0,6356.0,0.0,0.0,4071.0
1.0,23.0,9.0,307.0,3392.0,0.0,0.0,85796.0
1.0,23.0,9.0,164.0,9286.0,0.0,0.0,106922.0
1.0,23.0,6.0,343.0,21900.0,0.0,0.0,22448.0
1.0,23.0,9.0,319.0,17905.0,0.0,0.0,4924.0
1.0,23.0,9.0,229.0,5519.0,0.0,0.0,43413.0
1.0,23.0,9.0,331.0,15121.0,0.0,0.0,62785.0
1.0,23.0,9.0,155.0,2026.0,0.0,0.0,88529.0
1.0,23.0,9.0,173.0,2424.0,0.0,0.0,6211.0
1.0,23.0,9.0,144.0,2700.0,0.0,0.0,75339.0
1.0,23.0,9.0,147.0,4843.0,0.0,0.0,15003.0
1.0,23.0,9.0,199.0,12161.0,0.0,0.0,116518.0
1.0,23.0,9.0,238.0,8727.0,0.0,0.0,71370.0
1.0,23.0,9.0,299.0,5800.0,0.0,0.0,83339.0
1.0,23.0,1.0,0.0,0.0,0.0,0.0,42367.0
1.0,23.0,1.0,0.0,0.0,0.0,0.0,102252.0
1.0,23.0,9.0,241.0,6989.0,0.0,0.0,100191.0
1.0,23.0,9.0,198.0,10319.0,0.0,0.0,69318.0
1.0,23.0,9.0,268.0,5032.0,0.0,0.0,34199.0
1.0,23.0,9.0,249.0,14113.0,0.0,0.0,62654.0
1.0,23.0,1.0,0.0,0.0,0.0,0.0,104764.0
1.0,23.0,9.0,307.0,8395.0,0.0,0.0,106533.0
1.0,23.0,9.0,216.0,2431.0,0.0,0.0,69289.0
1.0,23.0,9.0,239.0,10914.0,0.0,0.0,51121.0
1.0,23.0,9.0,275.0,21067.0,0.0,0.0,112161.0
1.0,23.0,9.0,211.0,10992.0,0.0,0.0,57719.0
1.0,57.0,6.0,5386.0,391074.0,0.0,0.0,23207.0
1.0,23.0,9.0,254.0,3544.0,0.0,0.0,8155.0
1.0,23.0,9.0,333.0,5071.0,0.0,0.0,123546.0
1.0,23.0,9.0,211.0,3369.0,0.0,0.0,14617.0
1.0,23.0,9.0,218.0,4867.0,0.0,0.0,66197.0
1.0,23.0,9.0,248.0,3299.0,0.0,0.0,122693.0
1.0,23.0,1.0,0.0,0.0,0.0,0.0,43599.0
1.0,23.0,9.0,252.0,3791.0,0.0,0.0,110758.0
1.0,23.0,9.0,285.0,3623.0,0.0,0.0,32518.0
1.0,23.0,9.0,284.0,9847.0,0.0,0.0,117407.0
1.0,23.0,9.0,295.0,4380.0,0.0,0.0,22938.0
1.0,23.0,9.0,151.0,9578.0,0.0,0.0,2493.0
1.0,23.0,1.0,0.0,0.0,0.0,0.0,96722.0
1.0,23.0,9.0,230.0,10139.0,0.0,0.0,65646.0
1.0,23.0,9.0,215.0,5184.0,0.0,0.0,117413.0
1.0,23.0,9.0,332.0,8528.0,0.0,0.0,74867.0
1.0,23.0,9.0,333.0,8115.0,0.0,0.0,48033.0
1.0,23.0,9.0,296.0,6559.0,0.0,0.0,57906.0
1.0,23.0,9.0,292.0,23238.0,0.0,0.0,13392.0
1.0,23.0,9.0,245.0,3811.0,0.0,0.0,86465.0
1.0,23.0,9.0,290.0,28271.0,0.0,0.0,83177.0
1.0,23.0,9.0,308.0,5442.0,0.0,0.0,40769.0
1.0,23.0,9.0,288.0,7367.0,0.0,0.0,6352.0
1.0,23.0,1.0,0.0,0.0,0.0,0.0,114781.0
1.0,23.0,9.0,240.0,6086.0,0.0,0.0,37027.0
1.0,23.0,9.0,216.0,9211.0,0.0,0.0,87784.0
1.0,23.0,9.0,257.0,10820.0,0.0,0.0,70956.0
1.0,23.0,9.0,206.0,12642.0,0.0,0.0,974.0
1.0,23.0,1.0,0.0,0.0,0.0,0.0,60276.0
1.0,23.0,9.0,200.0,42747.0,0.0,0.0,98701.0
1.0,23.0,1.0,0.0,0.0,0.0,0.0,85057.0
1.0,23.0,9.0,285.0,3083.0,0.0,0.0,80613.0
1.0,23.0,9.0,295.0,8720.0,0.0,0.0,56343.0
0.0,60.0,9.0,140.0,0.0,0.0,0.0,62928.0
1.0,23.0,9.0,200.0,2658.0,0.0,0.0,102910.0
1.0,23.0,1.0,0.0,0.0,0.0,0.0,97058.0
1.0,23.0,9.0,310.0,5165.0,0.0,0.0,36502.0
1.0,23.0,9.0,410.0,6726.0,0.0,0.0,12492.0
1.0,23.0,9.0,277.0,6090.0,0.0,0.0,116442.0
1.0,17.0,9.0,5.0,135.0,0.0,0.0,58573.0
1.0,23.0,9.0,280.0,24971.0,0.0,0.0,48982.0
1.0,23.0,9.0,0.0,25519.0,0.0,0.0,110492.0
1.0,23.0,9.0,256.0,11657.0,0.0,0.0,106086.0
1.0,23.0,9.0,228.0,7333.0,0.0,0.0,39829.0
1.0,23.0,9.0,309.0,16096.0,0.0,0.0,147.0
1.0,23.0,9.0,192.0,2408.0,0.0,0.0,111231.0
1.0,23.0,9.0,207.0,11617.0,0.0,0.0,122665.0
1.0,23.0,9.0,306.0,6924.0,0.0,0.0,76651.0
1.0,23.0,9.0,217.0,6464.0,0.0,0.0,10128.0
1.0,23.0,1.0,0.0,0.0,0.0,0.0,111215.0
1.0,57.0,4.0,492.0,14334.0,0.0,0.0,11531.0
1.0,23.0,9.0,159.0,9534.0,0.0,0.0,70321.0
1.0,23.0,9.0,355.0,6343.0,0.0,0.0,35494.0
1.0,23.0,1.0,0.0,0.0,0.0,0.0,77859.0
1.0,23.0,9.0,320.0,4624.0,0.0,0.0,72255.0
1.0,57.0,9.0,2628.0,195153.0,0.0,0.0,115607.0
1.0,23.0,1.0,0.0,0.0,0.0,0.0,77910.0
1.0,23.0,9.0,303.0,9882.0,0.0,0.0,68564.0
1.0,23.0,9.0,234.0,3248.0,0.0,0.0,42426.0
2.0,46.0,9.0,105.0,0.0,0.0,0.0,38778.0
1.0,23.0,9.0,304.0,8497.0,0.0,0.0,122158.0
1.0,23.0,9.0,285.0,12884.0,0.0,0.0,118660.0
1.0,23.0,9.0,0.0,714.0,0.0,0.0,67623.0
1.0,23.0,9.0,281.0,5897.0,0.0,0.0,92649.0
1.0,23.0,9.0,304.0,9284.0,0.0,0.0,60925.0
1.0,23.0,9.0,208.0,3897.0,0.0,0.0,61914.0
1.0,23.0,9.0,289.0,6675.0,0.0,0.0,99228.0
1.0,23.0,9.0,222.0,2446.0,0.0,0.0,80810.0
1.0,23.0,9.0,296.0,9928.0,0.0,0.0,2103.0
1.0,23.0,9.0,249.0,4286.0,0.0,0.0,17053.0
1.0,23.0,9.0,213.0,4681.0,0.0,0.0,107012.0
1.0,23.0,1.0,0.0,0.0,0.0,0.0,38672.0
1.0,23.0,9.0,183.0,8729.0,0.0,0.0,82538.0
1.0,23.0,9.0,314.0,4085.0,0.0,0.0,98543.0
1.0,23.0,9.0,422.0,5369.0,0.0,0.0,66006.0
1.0,23.0,9.0,252.0,11485.0,0.0,0.0,86911.0
1.0,23.0,1.0,0.0,0.0,0.0,0.0,12562.0
1.0,23.0,1.0,0.0,0.0,0.0,0.0,95321.0
1.0,23.0,1.0,0.0,0.0,0.0,0.0,51554.0
1.0,23.0,9.0,220.0,2553.0,0.0,0.0,3679.0
1.0,23.0,1.0,0.0,0.0,0.0,0.0,104943.0
1.0,23.0,9.0,316.0,7933.0,0.0,0.0,88578.0
1.0,23.0,9.0,207.0,2533.0,0.0,0.0,45862.0
1.0,23.0,9.0,220.0,2367.0,0.0,0.0,64970.0
1.0,23.0,9.0,234.0,2770.0,0.0,0.0,42295.0
1.0,23.0,9.0,229.0,7219.0,0.0,0.0,68399.0
1.0,23.0,9.0,297.0,3670.0,0.0,0.0,124075.0
1.0,23.0,9.0,222.0,2446.0,0.0,0.0,26174.0
1.0,23.0,9.0,230.0,8487.0,0.0,0.0,102286.0
1.0,23.0,9.0,315.0,13575.0,0.0,0.0,67420.0
1.0,23.0,9.0,297.0,12894.0,0.0,0.0,15422.0
1.0,23.0,1.0,0.0,0.0,0.0,0.0,120007.0
1.0,23.0,9.0,329.0,15337.0,0.0,0.0,12123.0
1.0,23.0,9.0,194.0,2446.0,0.0,0.0,51654.0
1.0,25.0,1.0,0.0,0.0,0.0,1.0,110219.0
1.0,23.0,1.0,0.0,0.0,0.0,0.0,32852.0
1.0,23.0,9.0,147.0,17644.0,0.0,0.0,114744.0
1.0,57.0,9.0,302.0,8876.0,0.0,1.0,69490.0
1.0,23.0,9.0,142.0,39351.0,0.0,0.0,97028.0
1.0,23.0,9.0,171.0,11094.0,0.0,0.0,98880.0
1.0,23.0,9.0,215.0,5790.0,0.0,0.0,82243.0
1.0,23.0,9.0,241.0,3236.0,0.0,0.0,6398.0
1.0,23.0,9.0,286.0,5208.0,0.0,0.0,111577.0
1.0,23.0,1.0,0.0,0.0,0.0,0.0,117099.0
1.0,23.0,9.0,200.0,14875.0,0.0,0.0,62962.0
1.0,23.0,9.0,508.0,10160.0,0.0,0.0,25642.0
1.0,57.0,9.0,231.0,44329.0,0.0,0.0,120563.0
1.0,23.0,1.0,0.0,0.0,0.0,0.0,93315.0
1.0,23.0,9.0,231.0,15121.0,0.0,0.0,56985.0
1.0,23.0,9.0,302.0,3233.0,0.0,0.0,8195.0
1.0,23.0,9.0,207.0,32879.0,0.0,0.0,113684.0
0.0,60.0,9.0,65.0,0.0,0.0,0.0,119863.0
1.0,23.0,9.0,151.0,14165.0,0.0,0.0,89120.0
1.0,23.0,9.0,179.0,273525.0,0.0,0.0,33982.0
1.0,23.0,9.0,293.0,3542.0,0.0,0.0,9439.0
1.0,23.0,9.0,281.0,4770.0,0.0,0.0,72899.0
1.0,23.0,9.0,193.0,9338.0,0.0,0.0,17165.0
1.0,25.0,6.0,1492.0,649186.0,0.0,1.0,17871.0
1.0,23.0,9.0,267.0,10511.0,0.0,0.0,96825.0
1.0,23.0,9.0,299.0,6989.0,0.0,0.0,80785.0
1.0,0.0,4.0,737.0,9178.0,0.0,0.0,93881.0
1.0,23.0,9.0,211.0,4091.0,0.0,0.0,123826.0
1.0,23.0,1.0,0.0,0.0,0.0,1.0,81138.0
1.0,23.0,9.0,236.0,16120.0,0.0,0.0,119639.0
1.0,23.0,9.0,233.0,3526.0,0.0,0.0,72923.0
1.0,23.0,9.0,334.0,34767.0,0.0,0.0,60165.0
1.0,23.0,9.0,213.0,6924.0,0.0,0.0,30476.0
1.0,23.0,9.0,276.0,39807.0,0.0,0.0,102380.0
1.0,23.0,9.0,319.0,4050.0,0.0,0.0,56777.0
1.0,23.0,9.0,293.0,5540.0,0.0,0.0,75054.0
1.0,23.0,9.0,223.0,3616.0,0.0,0.0,8853.0
1.0,23.0,9.0,313.0,11759.0,0.0,0.0,12360.0
1.0,23.0,9.0,322.0,4287.0,0.0,0.0,31750.0
1.0,23.0,1.0,0.0,0.0,0.0,0.0,121698.0
1.0,23.0,1.0,0.0,0.0,0.0,0.0,18255.0
1.0,23.0,1.0,0.0,0.0,0.0,0.0,96301.0
1.0,23.0,9.0,204.0,12446.0,0.0,0.0,88925.0
1.0,23.0,9.0,303.0,4937.0,0.0,0.0,62085.0
1.0,23.0,9.0,228.0,14880.0,0.0,0.0,92180.0
1.0,23.0,9.0,209.0,5766.0,0.0,0.0,77412.0
1.0,17.0,9.0,8.0,446.0,0.0,0.0,86802.0
1.0,23.0,9.0,206.0,4720.0,0.0,0.0,110674.0
1.0,57.0,9.0,104.0,2827.0,0.0,0.0,15519.0
1.0,23.0,9.0,291.0,29325.0,0.0,0.0,20465.0
1.0,3.0,9.0,6.0,31.0,0.0,1.0,41402.0
1.0,23.0,9.0,295.0,4906.0,0.0,0.0,45789.0
1.0,23.0,9.0,286.0,8422.0,0.0,0.0,19095.0
1.0,23.0,9.0,209.0,4173.0,0.0,0.0,74797.0
1.0,23.0,9.0,228.0,20080.0,0.0,0.0,76302.0
1.0,23.0,1.0,0.0,0.0,0.0,0.0,120810.0
1.0,23.0,9.0,228.0,10276.0,0.0,0.0,105624.0
1.0,23.0,9.0,231.0,30262.0,0.0,0.0,24687.0
1.0,23.0,9.0,294.0,10420.0,0.0,0.0,58711.0
1.0,23.0,9.0,196.0,7203.0,0.0,0.0,74850.0
1.0,23.0,9.0,180.0,11545.0,0.0,0.0,96230.0
1.0,17.0,9.0,8.0,415.0,0.0,0.0,77147.0
1.0,23.0,9.0,217.0,3008.0,0.0,0.0,18916.0
0.0,60.0,9.0,132.0,0.0,0.0,0.0,4131.0
1.0,23.0,9.0,287.0,3413.0,0.0,0.0,125306.0
1.0,23.0,9.0,297.0,3306.0,0.0,0.0,95990.0
1.0,23.0,9.0,311.0,3503.0,0.0,0.0,50183.0
1.0,23.0,1.0,0.0,0.0,0.0,0.0,89382.0
1.0,23.0,1.0,0.0,0.0,0.0,0.0,89538.0
1.0,23.0,9.0,245.0,5653.0,0.0,0.0,46736.0
1.0,23.0,9.0,180.0,1977.0,0.0,0.0,23757.0
1.0,23.0,9.0,197.0,5790.0,0.0,0.0,70332.0
1.0,23.0,9.0,214.0,5358.0,0.0,0.0,85571.0
1.0,23.0,9.0,285.0,32099.0,0.0,0.0,13537.0
1.0,19.0,9.0,0.0,5131424.0,0.0,0.0,7429.0
1.0,23.0,9.0,240.0,7169.0,0.0,0.0,33050.0
1.0,23.0,9.0,441.0,15273.0,0.0,0.0,67657.0
1.0,19.0,9.0,0.0,640.0,0.0,0.0,4823.0
1.0,23.0,9.0,200.0,4016.0,0.0,0.0,89634.0
1.0,23.0,1.0,0.0,0.0,0.0,0.0,176.0
1.0,23.0,9.0,335.0,6956.0,0.0,0.0,8040.0
1.0,23.0,9.0,188.0,31244.0,0.0,0.0,52244.0
1.0,23.0,9.0,304.0,9585.0,0.0,0.0,16493.0
1.0,23.0,9.0,237.0,2698.0,0.0,0.0,103978.0
1.0,23.0,9.0,225.0,15105.0,0.0,0.0,18024.0
1.0,23.0,9.0,268.0,6722.0,0.0,0.0,42349.0
1.0,23.0,9.0,219.0,2809.0,0.0,0.0,42484.0
1.0,23.0,9.0,294.0,5875.0,0.0,0.0,65560.0
1.0,23.0,9.0,218.0,8857.0,0.0,0.0,34979.0
1.0,57.0,9.0,104.0,1608.0,0.0,0.0,1577.0
1.0,23.0,9.0,270.0,3889.0,0.0,0.0,83072.0
1.0,23.0,9.0,319.0,4017.0,0.0,0.0,52790.0
1.0,57.0,9.0,2327.0,418769.0,0.0,0.0,33702.0
1.0,23.0,9.0,213.0,2731.0,0.0,0.0,15875.0
1.0,23.0,9.0,214.0,6662.0,0.0,0.0,122404.0
1.0,23.0,9.0,249.0,8303.0,0.0,0.0,114139.0
1.0,23.0,9.0,208.0,8422.0,0.0,0.0,32358.0
1.0,57.0,9.0,99.0,2068.0,0.0,0.0,73692.0
1.0,17.0,9.0,10.0,273.0,0.0,0.0,40635.0
1.0,23.0,9.0,292.0,4624.0,0.0,0.0,7634.0
1.0,23.0,9.0,235.0,3211.0,0.0,0.0,117045.0
1.0,23.0,9.0,277.0,25445.0,0.0,0.0,112292.0
1.0,23.0,9.0,198.0,9287.0,0.0,0.0,51382.0
0.0,60.0,9.0,78.0,0.0,0.0,0.0,14200.0
1.0,23.0,9.0,205.0,17742.0,0.0,0.0,47200.0
1.0,23.0,9.0,213.0,3125.0,0.0,0.0,5165.0
1.0,23.0,9.0,293.0,4841.0,0.0,0.0,101948.0
1.0,23.0,9.0,338.0,10111.0,0.0,0.0,10002.0
1.0,23.0,9.0,211.0,23473.0,0.0,0.0,67908.0
1.0,23.0,9.0,173.0,7697.0,0.0,0.0,39733.0
1.0,23.0,9.0,217.0,10655.0,0.0,0.0,78785.0
1.0,23.0,9.0,292.0,45784.0,0.0,0.0,77218.0
1.0,23.0,9.0,162.0,18666.0,0.0,0.0,2423.0
1.0,23.0,9.0,208.0,15041.0,0.0,0.0,58942.0
1.0,24.0,1.0,0.0,0.0,0.0,1.0,102399.0
1.0,23.0,9.0,216.0,5905.0,0.0,0.0,4980.0
1.0,23.0,9.0,292.0,17367.0,0.0,0.0,118052.0
1.0,23.0,9.0,266.0,6194.0,0.0,0.0,50551.0
1.0,23.0,9.0,221.0,12922.0,0.0,0.0,73106.0
1.0,23.0,9.0,181.0,9287.0,0.0,0.0,103170.0
1.0,23.0,9.0,203.0,5034.0,0.0,0.0,97553.0
1.0,23.0,9.0,238.0,10589.0,0.0,0.0,120872.0
1.0,23.0,9.0,310.0,3567.0,0.0,0.0,18278.0
1.0,23.0,9.0,145.0,20629.0,0.0,0.0,18300.0
1.0,23.0,9.0,171.0,9070.0,0.0,0.0,74742.0
1.0,23.0,9.0,237.0,5193.0,0.0,0.0,697.0
1.0,57.0,2.0,86.0,4586.0,0.0,0.0,61916.0
1.0,23.0,9.0,274.0,15342.0,0.0,0.0,21062.0
1.0,23.0,1.0,0.0,0.0,0.0,0.0,68221.0
1.0,23.0,9.0,232.0,4340.0,0.0,0.0,91234.0
1.0,23.0,9.0,352.0,13335.0,0.0,0.0,98480.0
1.0,23.0,9.0,216.0,2361.0,0.0,0.0,18892.0
1.0,57.0,9.0,105.0,2860.0,0.0,0.0,48556.0
1.0,23.0,9.0,179.0,7137.0,0.0,0.0,97207.0
1.0,23.0,9.0,297.0,17035.0,0.0,0.0,33253.0
1.0,23.0,9.0,207.0,2302.0,0.0,0.0,93993.0
1.0,19.0,9.0,9.0,0.0,0.0,0.0,22372.0
0.0,60.0,9.0,89.0,0.0,0.0,0.0,15860.0
1.0,23.0,9.0,256.0,6094.0,0.0,0.0,17682.0
1.0,23.0,9.0,0.0,6361.0,0.0,0.0,10458.0
1.0,23.0,9.0,343.0,13930.0,0.0,0.0,84781.0
1.0,17.0,9.0,9.0,172.0,0.0,0.0,96563.0
1.0,23.0,9.0,211.0,4073.0,0.0,0.0,27841.0
1.0,57.0,9.0,193.0,5725.0,0.0,0.0,21975.0
1.0,23.0,9.0,326.0,5131.0,0.0,0.0,57041.0
1.0,23.0,9.0,235.0,2698.0,0.0,0.0,20191.0
1.0,23.0,9.0,317.0,6329.0,0.0,0.0,50491.0
1.0,23.0,1.0,0.0,0.0,0.0,0.0,43875.0
1.0,23.0,1.0,0.0,0.0,0.0,0.0,14228.0
1.0,23.0,9.0,260.0,2799.0,0.0,0.0,45732.0
0.0,60.0,9.0,78.0,0.0,0.0,0.0,47688.0
1.0,23.0,9.0,182.0,25961.0,0.0,0.0,14828.0
0.0,60.0,9.0,78.0,0.0,0.0,0.0,11347.0
1.0,23.0,9.0,233.0,2470.0,0.0,0.0,191.0
1.0,23.0,9.0,216.0,6329.0,0.0,0.0,14107.0
1.0,23.0,9.0,248.0,12265.0,0.0,0.0,63119.0
1.0,23.0,1.0,0.0,0.0,0.0,0.0,39736.0
1.0,23.0,9.0,239.0,6349.0,0.0,0.0,70891.0
1.0,23.0,9.0,213.0,2438.0,0.0,0.0,119817.0
1.0,23.0,9.0,209.0,2552.0,0.0,0.0,32642.0
1.0,23.0,9.0,274.0,6874.0,0.0,0.0,119458.0
1.0,23.0,9.0,211.0,3783.0,0.0,0.0,108759.0
1.0,23.0,1.0,0.0,0.0,0.0,0.0,117322.0
1.0,23.0,1.0,0.0,0.0,0.0,0.0,88022.0
0.0,60.0,9.0,78.0,0.0,0.0,0.0,106780.0
1.0,23.0,9.0,268.0,3767.0,0.0,0.0,121241.0
1.0,23.0,9.0,203.0,3724.0,0.0,0.0,45163.0
1.0,23.0,9.0,285.0,3005.0,0.0,0.0,24271.0
1.0,57.0,9.0,351.0,1465775.0,0.0,0.0,109722.0
1.0,23.0,6.0,306.0,36315.0,0.0,0.0,34911.0
1.0,23.0,9.0,398.0,6126.0,0.0,0.0,26687.0
1.0,23.0,9.0,270.0,3889.0,0.0,0.0,47982.0
1.0,25.0,1.0,0.0,0.0,0.0,1.0,41587.0
1.0,23.0,9.0,193.0,5176.0,0.0,0.0,43823.0
1.0,23.0,9.0,178.0,7427.0,0.0,0.0,52239.0
1.0,57.0,9.0,138.0,1856.0,0.0,0.0,98721.0
1.0,23.0,9.0,208.0,2531.0,0.0,0.0,67247.0
1.0,23.0,9.0,236.0,19983.0,0.0,0.0,70605.0
1.0,23.0,9.0,258.0,16617.0,0.0,0.0,45374.0
1.0,23.0,1.0,0.0,0.0,0.0,0.0,53250.0
1.0,19.0,9.0,9.0,0.0,0.0,0.0,53814.0
1.0,23.0,9.0,258.0,9720.0,0.0,0.0,16264.0
1.0,23.0,9.0,228.0,27222.0,0.0,0.0,109698.0
1.0,23.0,9.0,218.0,36749.0,0.0,0.0,19616.0
1.0,17.0,9.0,9.0,141.0,0.0,0.0,85215.0
1.0,23.0,1.0,0.0,0.0,0.0,0.0,81698.0
1.0,23.0,9.0,281.0,3232.0,0.0,0.0,22965.0
1.0,23.0,9.0,259.0,7930.0,0.0,0.0,106609.0
1.0,23.0,9.0,277.0,3712.0,0.0,0.0,31279.0
1.0,23.0,9.0,240.0,3233.0,0.0,0.0,77121.0
1.0,23.0,9.0,201.0,6590.0,0.0,0.0,81316.0
1.0,23.0,9.0,328.0,5388.0,0.0,0.0,64588.0
1.0,23.0,1.0,0.0,0.0,0.0,0.0,96233.0
1.0,23.0,9.0,168.0,2944.0,0.0,0.0,6617.0
1.0,23.0,9.0,229.0,3028.0,0.0,0.0,41088.0
1.0,23.0,9.0,209.0,3659.0,0.0,0.0,63866.0
1.0,23.0,9.0,198.0,12161.0,0.0,0.0,88010.0
1.0,41.0,9.0,59.0,0.0,0.0,0.0,114736.0
1.0,23.0,9.0,203.0,6066.0,0.0,0.0,38683.0
1.0,23.0,9.0,199.0,2523.0,0.0,0.0,85991.0
1.0,23.0,9.0,176.0,8499.0,0.0,0.0,42228.0
1.0,23.0,1.0,0.0,0.0,0.0,0.0,89091.0
1.0,23.0,9.0,267.0,10735.0,0.0,0.0,72875.0
1.0,23.0,9.0,217.0,10622.0,0.0,0.0,64082.0
1.0,23.0,1.0,0.0,0.0,0.0,0.0,119050.0
0.0,60.0,9.0,128.0,0.0,0.0,0.0,91518.0
1.0,23.0,9.0,275.0,4049.0,0.0,0.0,98136.0
1.0,23.0,9.0,290.0,3501.0,0.0,0.0,58767.0
1.0,23.0,9.0,317.0,8387.0,0.0,0.0,70111.0
1.0,23.0,9.0,173.0,2486.0,0.0,0.0,77999.0
1.0,23.0,1.0,0.0,0.0,0.0,0.0,62710.0
1.0,23.0,9.0,333.0,5178.0,0.0,0.0,108364.0
1.0,23.0,9.0,229.0,11388.0,0.0,0.0,91372.0
1.0,23.0,9.0,306.0,4844.0,0.0,0.0,87838.0
1.0,23.0,1.0,0.0,0.0,0.0,0.0,67559.0
2.0,46.0,9.0,100.0,0.0,0.0,1.0,55232.0
1.0,23.0,9.0,205.0,3433.0,0.0,0.0,120141.0
1.0,57.0,9.0,122.0,10875.0,0.0,0.0,118337.0
1.0,23.0,9.0,235.0,18986.0,0.0,0.0,32607.0
1.0,23.0,1.0,0.0,0.0,0.0,0.0,25255.0
1.0,23.0,9.0,221.0,9668.0,0.0,0.0,66261.0
1.0,23.0,9.0,188.0,3484.0,0.0,0.0,78676.0
1.0,23.0,1.0,0.0,0.0,0.0,0.0,78053.0
1.0,23.0,9.0,309.0,7263.0,0.0,0.0,8096.0
1.0,23.0,9.0,381.0,6418.0,0.0,0.0,3116.0
1.0,23.0,2.0,0.0,2920.0,0.0,0.0,120032.0
1.0,24.0,1.0,0.0,0.0,0.0,1.0,12629.0
1.0,25.0,1.0,0.0,0.0,0.0,1.0,26268.0
1.0,23.0,1.0,0.0,0.0,0.0,0.0,42343.0
1.0,23.0,9.0,301.0,6927.0,0.0,0.0,67131.0
1.0,23.0,9.0,342.0,5401.0,0.0,0.0,34173.0
1.0,23.0,9.0,247.0,12919.0,0.0,0.0,85867.0
1.0,23.0,9.0,263.0,31011.0,0.0,0.0,45823.0
1.0,23.0,1.0,0.0,0.0,0.0,0.0,18127.0
1.0,23.0,9.0,233.0,2698.0,0.0,0.0,16415.0
1.0,23.0,9.0,202.0,3084.0,0.0,0.0,28617.0
1.0,23.0,1.0,0.0,0.0,0.0,0.0,67712.0
1.0,23.0,9.0,158.0,26866.0,0.0,0.0,3904.0
1.0,23.0,9.0,190.0,2543.0,0.0,0.0,53314.0
1.0,23.0,1.0,0.0,0.0,0.0,0.0,47463.0
1.0,19.0,9.0,0.0,7012.0,0.0,0.0,80966.0
1.0,23.0,9.0,148.0,14602.0,0.0,0.0,34353.0
2.0,46.0,9.0,105.0,0.0,0.0,0.0,74577.0
1.0,23.0,9.0,291.0,4141.0,0.0,0.0,101182.0
1.0,23.0,9.0,214.0,6251.0,0.0,0.0,107778.0
1.0,23.0,1.0,0.0,0.0,0.0,0.0,95243.0
1.0,23.0,9.0,233.0,2996.0,0.0,0.0,68885.0
1.0,23.0,9.0,232.0,14236.0,0.0,0.0,22475.0
1.0,23.0,1.0,0.0,0.0,0.0,0.0,74443.0
1.0,23.0,1.0,0.0,0.0,0.0,0.0,83822.0
1.0,23.0,9.0,221.0,3097.0,0.0,0.0,115381.0
1.0,23.0,1.0,0.0,0.0,0.0,0.0,117859.0
1.0,23.0,9.0,217.0,2757.0,0.0,0.0,60633.0
1.0,23.0,9.0,302.0,18308.0,0.0,0.0,9570.0
1.0,23.0,9.0,203.0,10716.0,0.0,0.0,28449.0
1.0,23.0,9.0,473.0,9918.0,0.0,0.0,56039.0
1.0,23.0,7.0,168.0,24690.0,0.0,0.0,43570.0
1.0,57.0,9.0,4113.0,51633.0,0.0,1.0,25095.0
1.0,23.0,9.0,308.0,3222.0,0.0,0.0,20609.0
1.0,23.0,9.0,218.0,2546.0,0.0,0.0,65605.0
1.0,23.0,9.0,338.0,5507.0,0.0,0.0,54407.0
1.0,23.0,9.0,271.0,17631.0,0.0,0.0,90306.0
1.0,57.0,9.0,453.0,14539.0,0.0,0.0,96242.0
1.0,23.0,9.0,453.0,6866.0,0.0,0.0,93545.0
1.0,23.0,9.0,160.0,4031.0,0.0,0.0,69320.0
1.0,23.0,9.0,230.0,3662.0,0.0,0.0,3518.0
1.0,57.0,9.0,87.0,2059.0,0.0,0.0,17007.0
1.0,23.0,9.0,193.0,12164.0,0.0,0.0,14442.0
1.0,23.0,9.0,216.0,6163.0,0.0,0.0,50521.0
1.0,23.0,9.0,327.0,3502.0,0.0,0.0,52088.0
1.0,23.0,9.0,351.0,7886.0,0.0,0.0,2739.0
1.0,23.0,9.0,280.0,18884.0,0.0,0.0,80007.0
1.0,23.0,1.0,0.0,0.0,0.0,0.0,14298.0
1.0,23.0,9.0,301.0,4210.0,0.0,0.0,124667.0
1.0,23.0,9.0,220.0,2506.0,0.0,0.0,65150.0
1.0,23.0,1.0,0.0,0.0,0.0,0.0,106425.0
1.0,23.0,9.0,236.0,19776.0,0.0,0.0,118480.0
1.0,23.0,9.0,300.0,7038.0,0.0,0.0,76855.0
1.0,23.0,1.0,0.0,0.0,0.0,0.0,107789.0
1.0,23.0,9.0,329.0,4556.0,0.0,0.0,28348.0
1.0,23.0,9.0,235.0,22150.0,0.0,0.0,4104.0
1.0,23.0,9.0,315.0,8844.0,0.0,0.0,17429.0
1.0,23.0,1.0,0.0,0.0,0.0,0.0,108075.0
1.0,23.0,9.0,211.0,3898.0,0.0,0.0,92027.0
1.0,23.0,1.0,0.0,0.0,0.0,0.0,86323.0
1.0,23.0,9.0,220.0,12381.0,0.0,0.0,43983.0
1.0,23.0,9.0,180.0,4199.0,0.0,0.0,124010.0
1.0,17.0,9.0,8.0,173.0,0.0,0.0,31642.0
1.0,23.0,9.0,220.0,4556.0,0.0,0.0,16573.0
1.0,17.0,9.0,8.0,138.0,0.0,0.0,112510.0
1.0,23.0,9.0,246.0,4498.0,0.0,0.0,21190.0
1.0,19.0,9.0,11.0,0.0,0.0,0.0,79596.0
1.0,23.0,9.0,178.0,5163.0,0.0,0.0,91566.0
1.0,23.0,9.0,368.0,9864.0,0.0,0.0,114771.0
1.0,23.0,9.0,310.0,3518.0,0.0,0.0,7339.0
1.0,17.0,9.0,6.0,168.0,0.0,0.0,55135.0
1.0,23.0,9.0,192.0,3082.0,0.0,0.0,107714.0
1.0,23.0,9.0,336.0,5480.0,0.0,0.0,77555.0
1.0,23.0,9.0,307.0,3765.0,0.0,0.0,48949.0
1.0,23.0,9.0,418.0,6303.0,0.0,0.0,46198.0
1.0,17.0,9.0,10.0,419.0,0.0,0.0,54492.0
1.0,23.0,9.0,314.0,3749.0,0.0,0.0,13463.0
1.0,23.0,1.0,0.0,0.0,0.0,0.0,121250.0
1.0,23.0,9.0,300.0,3539.0,0.0,0.0,104189.0
1.0,23.0,9.0,196.0,7203.0,0.0,0.0,73402.0
1.0,23.0,9.0,222.0,20779.0,0.0,0.0,67043.0
1.0,23.0,9.0,198.0,2110.0,0.0,0.0,81604.0
1.0,57.0,9.0,750.0,26284.0,0.0,0.0,75943.0
1.0,23.0,9.0,310.0,9544.0,0.0,0.0,73844.0
1.0,23.0,9.0,323.0,8919.0,0.0,0.0,75462.0
1.0,23.0,9.0,251.0,3198.0,0.0,0.0,110326.0
1.0,23.0,9.0,143.0,12691.0,0.0,0.0,37415.0
1.0,23.0,9.0,304.0,13359.0,0.0,0.0,65522.0
1.0,23.0,9.0,329.0,4006.0,0.0,0.0,57868.0
1.0,23.0,9.0,247.0,4192.0,0.0,0.0,100458.0
1.0,23.0,9.0,225.0,2944.0,0.0,0.0,118722.0
1.0,23.0,1.0,0.0,0.0,0.0,0.0,67774.0
1.0,23.0,9.0,368.0,11342.0,0.0,0.0,116890.0
1.0,23.0,9.0,216.0,2658.0,0.0,0.0,98083.0
1.0,23.0,9.0,193.0,2969.0,0.0,0.0,22498.0
1.0,23.0,9.0,196.0,14312.0,0.0,0.0,98766.0
1.0,23.0,1.0,0.0,0.0,0.0,0.0,54004.0
1.0,23.0,1.0,0.0,0.0,0.0,0.0,78457.0
1.0,23.0,9.0,334.0,14206.0,0.0,0.0,114126.0
1.0,23.0,9.0,305.0,3410.0,0.0,0.0,105419.0
1.0,23.0,9.0,307.0,3743.0,0.0,0.0,43817.0
1.0,23.0,1.0,0.0,0.0,0.0,1.0,99147.0
1.0,23.0,9.0,224.0,12884.0,0.0,0.0,79627.0
1.0,57.0,9.0,102.0,2063.0,0.0,0.0,75193.0
1.0,23.0,9.0,335.0,18840.0,0.0,0.0,6846.0
1.0,23.0,9.0,224.0,5255.0,0.0,0.0,26575.0
1.0,23.0,9.0,343.0,6901.0,0.0,0.0,12325.0
1.0,23.0,9.0,165.0,9787.0,0.0,0.0,102939.0
1.0,23.0,9.0,326.0,6639.0,0.0,0.0,41579.0
1.0,23.0,1.0,0.0,0.0,0.0,0.0,10638.0
1.0,23.0,9.0,347.0,6106.0,0.0,0.0,49547.0
1.0,23.0,9.0,228.0,9865.0,0.0,0.0,65867.0
1.0,23.0,1.0,0.0,0.0,0.0,0.0,97476.0
1.0,23.0,1.0,0.0,0.0,0.0,0.0,122046.0
1.0,23.0,9.0,299.0,3200.0,0.0,0.0,13249.0
1.0,23.0,9.0,290.0,3084.0,0.0,0.0,51847.0
1.0,23.0,9.0,240.0,12595.0,0.0,0.0,49190.0
1.0,23.0,9.0,306.0,7950.0,0.0,0.0,51575.0
1.0,23.0,9.0,279.0,4655.0,0.0,0.0,71899.0
1.0,23.0,9.0,209.0,9161.0,0.0,0.0,32185.0
1.0,23.0,9.0,200.0,12640.0,0.0,0.0,29218.0
1.0,23.0,9.0,228.0,2878.0,0.0,0.0,120960.0
1.0,23.0,9.0,158.0,7290.0,0.0,0.0,108661.0
1.0,23.0,9.0,270.0,28218.0,0.0,0.0,83824.0
1.0,23.0,1.0,0.0,0.0,0.0,0.0,45426.0
1.0,23.0,9.0,293.0,19646.0,0.0,0.0,97187.0
1.0,23.0,1.0,0.0,0.0,0.0,0.0,20054.0
1.0,23.0,9.0,139.0,32424.0,0.0,0.0,60732.0
1.0,23.0,9.0,293.0,16702.0,0.0,0.0,122350.0
1.0,23.0,1.0,0.0,0.0,0.0,0.0,89875.0
1.0,23.0,9.0,285.0,7203.0,0.0,0.0,89873.0
1.0,10.0,9.0,32.0,4993.0,0.0,0.0,53279.0
1.0,23.0,9.0,209.0,2488.0,0.0,0.0,7689.0
1.0,23.0,1.0,0.0,0.0,0.0,0.0,272.0
1.0,23.0,1.0,0.0,0.0,0.0,0.0,61043.0
1.0,23.0,9.0,226.0,9284.0,0.0,0.0,52856.0
1.0,23.0,9.0,224.0,8621.0,0.0,0.0,1196.0
1.0,23.0,1.0,0.0,0.0,0.0,0.0,91387.0
1.0,23.0,9.0,156.0,11431.0,0.0,0.0,14663.0
1.0,23.0,1.0,0.0,0.0,0.0,0.0,85374.0
1.0,23.0,9.0,214.0,2504.0,0.0,0.0,108121.0
1.0,23.0,1.0,0.0,0.0,0.0,0.0,119659.0
1.0,23.0,9.0,182.0,2991.0,0.0,0.0,52583.0
1.0,23.0,1.0,0.0,0.0,0.0,0.0,78126.0
1.0,23.0,1.0,0.0,0.0,0.0,0.0,76388.0
1.0,23.0,9.0,204.0,5097.0,0.0,0.0,107333.0
1.0,23.0,9.0,160.0,52451.0,0.0,0.0,71335.0
1.0,23.0,9.0,344.0,11202.0,0.0,0.0,55279.0
1.0,23.0,9.0,289.0,7560.0,0.0,0.0,42328.0
1.0,23.0,9.0,230.0,13542.0,0.0,0.0,103767.0
1.0,23.0,9.0,300.0,9986.0,0.0,0.0,74200.0
1.0,23.0,9.0,326.0,15525.0,0.0,0.0,4695.0
1.0,23.0,9.0,226.0,5381.0,0.0,0.0,117624.0
1.0,23.0,9.0,213.0,4073.0,0.0,0.0,31404.0
1.0,23.0,9.0,252.0,5691.0,0.0,0.0,52465.0
1.0,23.0,9.0,286.0,6979.0,0.0,0.0,83719.0
1.0,23.0,6.0,204.0,140205.0,0.0,0.0,105054.0
1.0,23.0,9.0,185.0,21365.0,0.0,0.0,92723.0
1.0,23.0,1.0,0.0,0.0,0.0,0.0,886.0
1.0,23.0,9.0,152.0,8718.0,0.0,0.0,45814.0
1.0,23.0,9.0,200.0,2596.0,0.0,0.0,6025.0
1.0,23.0,9.0,307.0,4544.0,0.0,0.0,26981.0
1.0,23.0,9.0,297.0,5260.0,0.0,0.0,56055.0
1.0,23.0,9.0,301.0,33616.0,0.0,0.0,125241.0
1.0,23.0,9.0,154.0,6464.0,0.0,0.0,112626.0
1.0,23.0,9.0,212.0,4556.0,0.0,0.0,44814.0
1.0,23.0,9.0,297.0,53306.0,0.0,0.0,63929.0
1.0,23.0,9.0,319.0,24048.0,0.0,0.0,58916.0
1.0,23.0,9.0,334.0,10022.0,0.0,0.0,80707.0
1.0,23.0,9.0,232.0,5817.0,0.0,0.0,29654.0
1.0,23.0,9.0,305.0,106411.0,0.0,0.0,114853.0
1.0,23.0,9.0,262.0,12922.0,0.0,0.0,103312.0
1.0,23.0,9.0,292.0,12922.0,0.0,0.0,68906.0
1.0,23.0,1.0,0.0,0.0,0.0,0.0,10842.0
1.0,23.0,9.0,200.0,3666.0,0.0,0.0,25400.0
1.0,23.0,9.0,311.0,18050.0,0.0,0.0,113190.0
1.0,23.0,1.0,0.0,0.0,0.0,0.0,83303.0
1.0,23.0,9.0,200.0,4028.0,0.0,0.0,100928.0
1.0,23.0,1.0,0.0,0.0,0.0,0.0,16994.0
1.0,23.0,1.0,0.0,0.0,0.0,0.0,122483.0
1.0,23.0,9.0,307.0,10647.0,0.0,0.0,24794.0
1.0,23.0,9.0,336.0,13637.0,0.0,0.0,9309.0
1.0,23.0,9.0,221.0,5549.0,0.0,0.0,11085.0
1.0,23.0,9.0,344.0,10839.0,0.0,0.0,4824.0
1.0,23.0,1.0,0.0,0.0,0.0,0.0,7544.0
1.0,57.0,9.0,521.0,15895.0,0.0,0.0,67799.0
1.0,23.0,9.0,211.0,5592.0,0.0,0.0,26989.0
1.0,23.0,1.0,0.0,0.0,0.0,0.0,73670.0
1.0,23.0,9.0,218.0,2402.0,0.0,0.0,2028.0
1.0,23.0,9.0,296.0,5565.0,0.0,0.0,53821.0
1.0,23.0,9.0,231.0,36322.0,0.0,0.0,20687.0
1.0,23.0,9.0,318.0,4214.0,0.0,0.0,38299.0
1.0,23.0,9.0,272.0,4145.0,0.0,0.0,79106.0
1.0,23.0,9.0,212.0,2739.0,0.0,0.0,23259.0
1.0,23.0,9.0,335.0,16319.0,0.0,0.0,104580.0
1.0,23.0,9.0,200.0,5176.0,0.0,0.0,86292.0
1.0,23.0,9.0,217.0,7173.0,0.0,0.0,120774.0
1.0,23.0,9.0,213.0,10044.0,0.0,0.0,103456.0
1.0,23.0,1.0,0.0,0.0,0.0,0.0,38277.0
1.0,23.0,9.0,262.0,19994.0,0.0,0.0,68310.0
1.0,23.0,9.0,212.0,4452.0,0.0,0.0,124668.0
1.0,23.0,1.0,0.0,0.0,0.0,0.0,43051.0
1.0,17.0,9.0,8.0,138.0,0.0,0.0,34855.0
1.0,23.0,9.0,198.0,6503.0,0.0,0.0,30256.0
1.0,23.0,9.0,210.0,5330.0,0.0,0.0,124907.0
1.0,17.0,9.0,8.0,141.0,0.0,0.0,52753.0
1.0,23.0,9.0,249.0,10478.0,0.0,0.0,51477.0
1.0,23.0,9.0,273.0,8313.0,0.0,0.0,51635.0
1.0,23.0,9.0,252.0,4671.0,0.0,0.0,114633.0
1.0,23.0,9.0,324.0,5947.0,0.0,0.0,56940.0
1.0,23.0,9.0,242.0,5136.0,0.0,0.0,39592.0
1.0,23.0,9.0,259.0,5170.0,0.0,0.0,6990.0
1.0,23.0,9.0,323.0,4822.0,0.0,0.0,14411.0
2.0,46.0,9.0,105.0,0.0,0.0,0.0,18426.0
1.0,23.0,9.0,235.0,34021.0,0.0,0.0,123066.0
1.0,23.0,9.0,202.0,8324.0,0.0,0.0,119340.0
1.0,23.0,9.0,223.0,3707.0,0.0,0.0,113584.0
1.0,44.0,9.0,94.0,7466.0,0.0,0.0,5533.0
1.0,23.0,9.0,214.0,9673.0,0.0,0.0,97038.0
1.0,23.0,9.0,248.0,17905.0,0.0,0.0,118459.0
1.0,23.0,1.0,0.0,0.0,0.0,0.0,107992.0
1.0,23.0,1.0,0.0,0.0,0.0,0.0,55793.0
1.0,57.0,9.0,149.0,7976.0,0.0,0.0,20207.0
1.0,23.0,1.0,0.0,0.0,0.0,0.0,81706.0
1.0,23.0,9.0,206.0,5323.0,0.0,0.0,53460.0
1.0,23.0,9.0,242.0,13292.0,0.0,0.0,21267.0
1.0,23.0,9.0,190.0,3772.0,0.0,0.0,93184.0
1.0,23.0,1.0,0.0,0.0,0.0,0.0,10355.0
1.0,23.0,9.0,362.0,9794.0,0.0,0.0,85035.0
1.0,23.0,9.0,254.0,2650.0,0.0,0.0,66758.0
1.0,23.0,9.0,164.0,7360.0,0.0,0.0,125343.0
1.0,23.0,9.0,313.0,5790.0,0.0,0.0,10795.0
1.0,23.0,9.0,205.0,12505.0,0.0,0.0,92320.0
1.0,23.0,9.0,300.0,6675.0,0.0,0.0,81060.0
1.0,23.0,1.0,0.0,0.0,0.0,0.0,48944.0
1.0,23.0,9.0,244.0,9676.0,0.0,0.0,101306.0
1.0,23.0,6.0,162.0,29200.0,0.0,0.0,113849.0
1.0,57.0,9.0,159.0,14131.0,0.0,0.0,109990.0
1.0,23.0,9.0,184.0,2653.0,0.0,0.0,56440.0
1.0,23.0,1.0,0.0,0.0,0.0,1.0,43533.0
1.0,17.0,9.0,9.0,140.0,0.0,0.0,74228.0
1.0,23.0,9.0,264.0,5206.0,0.0,0.0,110493.0
1.0,41.0,9.0,59.0,0.0,0.0,0.0,37297.0
1.0,23.0,1.0,0.0,0.0,0.0,0.0,33131.0
1.0,23.0,1.0,0.0,0.0,0.0,1.0,95300.0
1.0,23.0,9.0,157.0,3512.0,0.0,0.0,84687.0
1.0,23.0,9.0,273.0,5726.0,0.0,0.0,94950.0
1.0,23.0,9.0,204.0,13599.0,0.0,0.0,19556.0
1.0,23.0,9.0,304.0,11472.0,0.0,0.0,10972.0
1.0,23.0,9.0,228.0,4869.0,0.0,0.0,18323.0
1.0,23.0,1.0,0.0,0.0,0.0,0.0,104891.0
1.0,10.0,9.0,32.0,4993.0,0.0,0.0,98376.0
1.0,23.0,9.0,314.0,9164.0,0.0,0.0,73244.0
1.0,23.0,9.0,218.0,4468.0,0.0,0.0,109168.0
1.0,23.0,9.0,242.0,5884.0,0.0,0.0,49205.0
1.0,23.0,9.0,215.0,2825.0,0.0,0.0,82268.0
1.0,23.0,7.0,214.0,288711.0,0.0,0.0,32297.0
1.0,23.0,9.0,330.0,7474.0,0.0,0.0,56847.0
1.0,23.0,9.0,265.0,40439.0,0.0,0.0,94925.0
1.0,17.0,9.0,6.0,269.0,0.0,0.0,3439.0
1.0,23.0,9.0,317.0,7523.0,0.0,0.0,18069.0
1.0,23.0,9.0,323.0,6015.0,0.0,0.0,31749.0
1.0,23.0,9.0,253.0,4066.0,0.0,0.0,114826.0
1.0,23.0,9.0,238.0,5234.0,0.0,0.0,62010.0
1.0,23.0,9.0,330.0,13029.0,0.0,0.0,93582.0
1.0,23.0,1.0,0.0,0.0,0.0,0.0,44970.0
1.0,23.0,9.0,212.0,44578.0,0.0,0.0,53009.0
1.0,23.0,0.0,0.0,0.0,0.0,0.0,63931.0
1.0,23.0,9.0,206.0,49163.0,0.0,0.0,17609.0
1.0,23.0,9.0,157.0,2735.0,0.0,0.0,32338.0
1.0,23.0,9.0,220.0,6534.0,0.0,0.0,27528.0
1.0,23.0,9.0,232.0,12682.0,0.0,0.0,98519.0
1.0,23.0,9.0,236.0,4214.0,0.0,0.0,85794.0
1.0,23.0,1.0,0.0,0.0,0.0,0.0,88127.0
1.0,23.0,1.0,0.0,0.0,0.0,0.0,84516.0
1.0,23.0,9.0,371.0,5081.0,0.0,0.0,18373.0
1.0,23.0,9.0,220.0,29567.0,0.0,0.0,77435.0
1.0,23.0,1.0,0.0,0.0,0.0,0.0,107874.0
1.0,23.0,9.0,236.0,14506.0,0.0,0.0,43913.0
1.0,23.0,9.0,235.0,3796.0,0.0,0.0,19189.0
1.0,57.0,9.0,88.0,1753.0,0.0,0.0,4719.0
1.0,23.0,9.0,296.0,5971.0,0.0,0.0,5077.0
1.0,23.0,1.0,0.0,0.0,0.0,0.0,103639.0
1.0,23.0,1.0,0.0,0.0,0.0,0.0,99971.0
1.0,23.0,9.0,350.0,6959.0,0.0,0.0,119389.0
1.0,23.0,1.0,0.0,0.0,0.0,0.0,84098.0
1.0,23.0,9.0,260.0,4021.0,0.0,0.0,103953.0
1.0,57.0,9.0,104.0,1413.0,0.0,0.0,14695.0
1.0,23.0,9.0,271.0,10898.0,0.0,0.0,115692.0
1.0,23.0,1.0,0.0,0.0,0.0,0.0,20724.0
1.0,23.0,9.0,177.0,26764.0,0.0,0.0,67569.0
1.0,23.0,1.0,0.0,0.0,0.0,0.0,101482.0
1.0,23.0,1.0,0.0,0.0,0.0,0.0,67330.0
1.0,23.0,9.0,307.0,9185.0,0.0,0.0,3481.0
1.0,23.0,9.0,229.0,5467.0,0.0,0.0,117075.0
1.0,23.0,9.0,292.0,18540.0,0.0,0.0,27135.0
1.0,23.0,1.0,0.0,0.0,0.0,0.0,9780.0
0.0,60.0,9.0,78.0,0.0,0.0,0.0,99774.0
1.0,23.0,9.0,279.0,10886.0,0.0,0.0,51795.0
1.0,23.0,9.0,258.0,7770.0,0.0,0.0,57391.0
1.0,23.0,1.0,0.0,0.0,0.0,0.0,18607.0
1.0,23.0,9.0,316.0,7333.0,0.0,0.0,37485.0
1.0,23.0,9.0,255.0,3605.0,0.0,0.0,116216.0
1.0,23.0,9.0,281.0,9569.0,0.0,0.0,25853.0
1.0,23.0,9.0,245.0,19314.0,0.0,0.0,105022.0
1.0,23.0,9.0,209.0,8222.0,0.0,0.0,35409.0
1.0,23.0,1.0,0.0,0.0,0.0,0.0,11127.0
1.0,23.0,9.0,242.0,7886.0,0.0,0.0,41079.0
1.0,23.0,9.0,238.0,3222.0,0.0,0.0,102885.0
1.0,23.0,9.0,229.0,4900.0,0.0,0.0,8397.0
1.0,23.0,9.0,254.0,6760.0,0.0,0.0,8268.0
1.0,23.0,9.0,222.0,2402.0,0.0,0.0,121764.0
1.0,23.0,9.0,323.0,11485.0,0.0,0.0,66280.0
1.0,23.0,1.0,0.0,0.0,0.0,0.0,117361.0
1.0,23.0,7.0,182.0,9443.0,0.0,0.0,109464.0
1.0,23.0,9.0,220.0,4912.0,0.0,0.0,33937.0
1.0,23.0,9.0,203.0,56215.0,0.0,0.0,4140.0
1.0,23.0,9.0,196.0,14141.0,0.0,0.0,3742.0
1.0,23.0,1.0,0.0,0.0,0.0,0.0,17566.0
1.0,23.0,1.0,0.0,0.0,0.0,0.0,65858.0
1.0,23.0,9.0,220.0,7355.0,0.0,0.0,122357.0
1.0,23.0,9.0,145.0,2954.0,0.0,0.0,118085.0
1.0,23.0,1.0,0.0,0.0,0.0,0.0,97504.0
1.0,23.0,1.0,0.0,0.0,0.0,1.0,92494.0
1.0,23.0,9.0,214.0,4823.0,0.0,0.0,27578.0
1.0,23.0,9.0,365.0,4278.0,0.0,0.0,49733.0
1.0,23.0,9.0,231.0,16978.0,0.0,0.0,117425.0
1.0,23.0,9.0,236.0,3222.0,0.0,0.0,74118.0
1.0,23.0,9.0,200.0,4091.0,0.0,0.0,105550.0
1.0,23.0,9.0,171.0,2265.0,0.0,0.0,120784.0
1.0,23.0,9.0,231.0,3817.0,0.0,0.0,43015.0
1.0,23.0,1.0,0.0,0.0,0.0,0.0,15670.0
1.0,23.0,9.0,166.0,34660.0,0.0,0.0,207.0
1.0,23.0,1.0,0.0,0.0,0.0,1.0,31310.0
1.0,23.0,9.0,204.0,6546.0,0.0,0.0,85494.0
1.0,23.0,9.0,208.0,22260.0,0.0,0.0,8544.0
1.0,23.0,1.0,0.0,0.0,0.0,1.0,108268.0
1.0,23.0,9.0,282.0,22562.0,0.0,0.0,91700.0
1.0,23.0,9.0,208.0,2684.0,0.0,0.0,69539.0
1.0,23.0,1.0,0.0,0.0,0.0,0.0,46477.0
1.0,23.0,9.0,238.0,13279.0,0.0,0.0,99571.0
1.0,23.0,9.0,216.0,5234.0,0.0,0.0,62896.0
1.0,23.0,1.0,0.0,0.0,0.0,0.0,20105.0
1.0,57.0,9.0,565.0,111864.0,0.0,0.0,18097.0
1.0,23.0,1.0,0.0,0.0,0.0,1.0,35984.0
1.0,23.0,9.0,218.0,5381.0,0.0,0.0,101640.0
1.0,23.0,1.0,0.0,0.0,0.0,0.0,23003.0
1.0,23.0,9.0,229.0,12561.0,0.0,0.0,68422.0
0.0,60.0,9.0,78.0,0.0,0.0,0.0,104075.0
1.0,19.0,9.0,9.0,0.0,0.0,0.0,19991.0
1.0,23.0,9.0,230.0,2770.0,0.0,0.0,30493.0
1.0,23.0,9.0,235.0,16597.0,0.0,0.0,75252.0
1.0,19.0,9.0,11.0,0.0,0.0,0.0,103231.0
1.0,23.0,9.0,208.0,2676.0,0.0,0.0,59423.0
1.0,23.0,9.0,155.0,9618.0,0.0,0.0,23214.0
1.0,23.0,9.0,159.0,48478.0,0.0,0.0,31978.0
1.0,17.0,9.0,7.0,222.0,0.0,0.0,65706.0
1.0,23.0,9.0,220.0,9986.0,0.0,0.0,93514.0
1.0,23.0,9.0,224.0,3172.0,0.0,0.0,93979.0
1.0,23.0,9.0,184.0,19564.0,0.0,0.0,112015.0
1.0,23.0,9.0,270.0,20979.0,0.0,0.0,52363.0
1.0,23.0,9.0,193.0,3101.0,0.0,0.0,19459.0
1.0,23.0,9.0,145.0,13603.0,0.0,0.0,33738.0
1.0,23.0,9.0,235.0,2698.0,0.0,0.0,16114.0
1.0,23.0,9.0,284.0,4834.0,0.0,0.0,32479.0
1.0,23.0,9.0,147.0,8871.0,0.0,0.0,103433.0
1.0,23.0,1.0,0.0,0.0,0.0,0.0,51274.0
1.0,23.0,9.0,234.0,24583.0,0.0,0.0,94198.0
1.0,23.0,9.0,295.0,9808.0,0.0,0.0,115911.0
1.0,23.0,9.0,307.0,20165.0,0.0,0.0,20075.0
1.0,23.0,9.0,222.0,2522.0,0.0,0.0,1917.0
1.0,23.0,9.0,222.0,2432.0,0.0,0.0,78477.0
1.0,23.0,9.0,270.0,6771.0,0.0,0.0,21539.0
1.0,23.0,9.0,245.0,8546.0,0.0,0.0,5485.0
1.0,23.0,1.0,0.0,0.0,0.0,0.0,54897.0
1.0,23.0,9.0,305.0,54886.0,0.0,0.0,43749.0
1.0,23.0,9.0,235.0,5129.0,0.0,0.0,105074.0
1.0,23.0,9.0,283.0,12505.0,0.0,0.0,31698.0
1.0,23.0,1.0,0.0,0.0,0.0,0.0,32630.0
1.0,23.0,9.0,236.0,3106.0,0.0,0.0,53639.0
1.0,23.0,9.0,208.0,16985.0,0.0,0.0,105970.0
1.0,23.0,9.0,324.0,10647.0,0.0,0.0,601.0
1.0,23.0,9.0,283.0,9721.0,0.0,0.0,69338.0
1.0,23.0,9.0,202.0,3810.0,0.0,0.0,12347.0
1.0,23.0,9.0,203.0,15080.0,0.0,0.0,84372.0
1.0,23.0,1.0,0.0,0.0,0.0,0.0,44385.0
1.0,23.0,9.0,160.0,5942.0,0.0,0.0,5076.0
1.0,57.0,9.0,745.0,22757.0,0.0,0.0,4037.0
1.0,23.0,9.0,223.0,6086.0,0.0,0.0,65677.0
1.0,23.0,9.0,212.0,2531.0,0.0,0.0,79397.0
1.0,23.0,9.0,309.0,4119.0,0.0,0.0,18605.0
1.0,23.0,9.0,281.0,8818.0,0.0,0.0,54284.0
1.0,23.0,9.0,282.0,3893.0,0.0,0.0,121180.0
1.0,23.0,9.0,230.0,5283.0,0.0,0.0,80418.0
1.0,23.0,1.0,0.0,0.0,0.0,0.0,62900.0
1.0,23.0,9.0,297.0,6007.0,0.0,0.0,99614.0
1.0,17.0,9.0,8.0,136.0,0.0,0.0,81549.0
1.0,23.0,9.0,347.0,12919.0,0.0,0.0,120822.0
1.0,23.0,9.0,241.0,3057.0,0.0,0.0,19661.0
1.0,23.0,9.0,221.0,9721.0,0.0,0.0,63910.0
1.0,23.0,9.0,213.0,2689.0,0.0,0.0,101190.0
1.0,23.0,9.0,161.0,15087.0,0.0,0.0,7056.0
1.0,23.0,9.0,211.0,19699.0,0.0,0.0,113091.0
1.0,17.0,9.0,8.0,224.0,0.0,0.0,42732.0
1.0,23.0,9.0,240.0,15693.0,0.0,0.0,104008.0
1.0,23.0,1.0,0.0,0.0,0.0,0.0,88898.0
1.0,17.0,9.0,9.0,269.0,0.0,0.0,71542.0
1.0,23.0,9.0,215.0,12884.0,0.0,0.0,12941.0
1.0,23.0,9.0,344.0,3608.0,0.0,0.0,48822.0
1.0,23.0,9.0,326.0,14483.0,0.0,0.0,24086.0
1.0,23.0,9.0,458.0,21937.0,0.0,0.0,25059.0
1.0,23.0,1.0,0.0,0.0,0.0,0.0,40153.0
1.0,23.0,9.0,345.0,6052.0,0.0,0.0,83688.0
1.0,23.0,9.0,148.0,16120.0,0.0,0.0,29069.0
2.0,11.0,9.0,46.0,481.0,0.0,0.0,92730.0
1.0,23.0,9.0,298.0,4930.0,0.0,0.0,23146.0
1.0,17.0,9.0,13.0,144.0,0.0,0.0,87396.0
1.0,23.0,9.0,216.0,12425.0,0.0,0.0,86913.0
1.0,23.0,9.0,215.0,3534.0,0.0,0.0,59462.0
1.0,23.0,9.0,289.0,8052.0,0.0,0.0,124672.0
1.0,23.0,1.0,0.0,0.0,0.0,0.0,23293.0
1.0,41.0,9.0,59.0,0.0,0.0,0.0,4177.0
1.0,23.0,9.0,197.0,25519.0,0.0,0.0,86346.0
1.0,23.0,9.0,222.0,4223.0,0.0,0.0,33404.0
1.0,23.0,9.0,200.0,4213.0,0.0,0.0,26269.0
1.0,23.0,9.0,330.0,9320.0,0.0,0.0,9817.0
1.0,23.0,9.0,191.0,2257.0,0.0,0.0,49952.0
1.0,23.0,9.0,202.0,6763.0,0.0,0.0,51659.0
1.0,23.0,9.0,263.0,20229.0,0.0,0.0,74950.0
1.0,23.0,9.0,211.0,2557.0,0.0,0.0,72866.0
1.0,23.0,9.0,212.0,13888.0,0.0,0.0,110970.0
1.0,23.0,9.0,216.0,11094.0,0.0,0.0,20539.0
1.0,23.0,7.0,179.0,273545.0,0.0,0.0,2312.0
1.0,23.0,9.0,216.0,3085.0,0.0,0.0,1907.0
1.0,23.0,9.0,232.0,4073.0,0.0,0.0,91906.0
1.0,23.0,9.0,202.0,55044.0,0.0,0.0,32775.0
1.0,23.0,9.0,220.0,9034.0,0.0,0.0,89403.0
1.0,23.0,9.0,161.0,7878.0,0.0,0.0,72499.0
1.0,23.0,9.0,249.0,12405.0,0.0,0.0,9232.0
1.0,23.0,9.0,280.0,9005.0,0.0,0.0,51906.0
1.0,23.0,9.0,282.0,7205.0,0.0,0.0,94773.0
1.0,23.0,1.0,0.0,0.0,0.0,0.0,97611.0
1.0,23.0,9.0,213.0,16129.0,0.0,0.0,70766.0
1.0,23.0,1.0,0.0,0.0,0.0,0.0,108444.0
0.0,47.0,9.0,91.0,0.0,0.0,0.0,1680.0
1.0,17.0,9.0,10.0,227.0,0.0,0.0,53623.0
1.0,23.0,9.0,216.0,2411.0,0.0,0.0,121623.0
1.0,23.0,9.0,210.0,7927.0,0.0,0.0,119517.0
1.0,23.0,9.0,145.0,25213.0,0.0,0.0,58016.0
1.0,17.0,9.0,10.0,0.0,0.0,0.0,31693.0
1.0,23.0,1.0,0.0,0.0,0.0,0.0,14290.0
1.0,23.0,7.0,291.0,30696.0,0.0,0.0,56694.0
1.0,23.0,9.0,272.0,10936.0,0.0,0.0,72516.0
1.0,23.0,1.0,0.0,0.0,0.0,0.0,13723.0
1.0,23.0,9.0,413.0,11202.0,0.0,0.0,26351.0
1.0,23.0,9.0,181.0,14183.0,0.0,0.0,39741.0
1.0,23.0,9.0,301.0,6363.0,0.0,0.0,108712.0
1.0,23.0,9.0,197.0,3195.0,0.0,0.0,70940.0
1.0,23.0,9.0,233.0,6634.0,0.0,0.0,4285.0
1.0,23.0,9.0,147.0,3842.0,0.0,0.0,48164.0
1.0,23.0,9.0,224.0,3867.0,0.0,0.0,9465.0
1.0,23.0,1.0,0.0,0.0,0.0,1.0,30082.0
1.0,23.0,9.0,254.0,20979.0,0.0,0.0,74374.0
1.0,17.0,9.0,6.0,271.0,0.0,0.0,116277.0
1.0,23.0,9.0,372.0,10679.0,0.0,0.0,55580.0
1.0,57.0,9.0,278.0,9237.0,0.0,0.0,112264.0
1.0,23.0,9.0,268.0,5032.0,0.0,0.0,103491.0
1.0,23.0,9.0,204.0,2247.0,0.0,0.0,121811.0
1.0,23.0,1.0,0.0,0.0,0.0,0.0,104474.0
1.0,23.0,9.0,288.0,15621.0,0.0,0.0,21658.0
1.0,25.0,1.0,0.0,0.0,0.0,1.0,5426.0
1.0,23.0,9.0,230.0,16219.0,0.0,0.0,62002.0
1.0,23.0,9.0,209.0,7927.0,0.0,0.0,121066.0
1.0,23.0,1.0,0.0,0.0,0.0,0.0,55259.0
1.0,23.0,9.0,309.0,8584.0,0.0,0.0,69968.0
1.0,23.0,9.0,219.0,9617.0,0.0,0.0,83042.0
1.0,23.0,9.0,296.0,4416.0,0.0,0.0,62082.0
1.0,23.0,9.0,187.0,25209.0,0.0,0.0,55975.0
1.0,57.0,4.0,676.0,23920.0,0.0,0.0,995.0
1.0,17.0,9.0,9.0,366.0,0.0,0.0,121867.0
1.0,23.0,1.0,0.0,0.0,0.0,0.0,89399.0
1.0,23.0,9.0,330.0,3983.0,0.0,0.0,48391.0
1.0,23.0,1.0,0.0,0.0,0.0,0.0,20346.0
1.0,23.0,9.0,160.0,39228.0,0.0,0.0,65765.0
1.0,57.0,9.0,104.0,2095.0,0.0,0.0,28245.0
1.0,19.0,9.0,0.0,1159100.0,0.0,1.0,40216.0
1.0,23.0,9.0,234.0,14602.0,0.0,0.0,38124.0
1.0,25.0,1.0,0.0,0.0,0.0,1.0,42457.0
1.0,23.0,9.0,296.0,21681.0,0.0,0.0,34674.0
1.0,23.0,9.0,229.0,3233.0,0.0,0.0,50584.0
1.0,23.0,9.0,233.0,3222.0,0.0,0.0,52116.0
1.0,23.0,1.0,0.0,0.0,0.0,0.0,106380.0
1.0,23.0,9.0,228.0,2698.0,0.0,0.0,48360.0
1.0,23.0,9.0,302.0,8032.0,0.0,0.0,88718.0
1.0,23.0,9.0,206.0,7145.0,0.0,0.0,113575.0
1.0,23.0,9.0,209.0,4601.0,0.0,0.0,67017.0
1.0,23.0,9.0,226.0,8422.0,0.0,0.0,60973.0
1.0,23.0,9.0,308.0,4458.0,0.0,0.0,50854.0
1.0,23.0,9.0,295.0,35949.0,0.0,0.0,20741.0
1.0,23.0,9.0,296.0,3231.0,0.0,0.0,119628.0
1.0,23.0,1.0,0.0,0.0,0.0,1.0,101422.0
1.0,19.0,9.0,0.0,5020.0,0.0,1.0,118838.0
1.0,23.0,9.0,232.0,4896.0,0.0,0.0,44220.0
1.0,23.0,1.0,0.0,0.0,0.0,0.0,98476.0
1.0,19.0,9.0,11.0,0.0,0.0,0.0,6154.0
1.0,23.0,9.0,250.0,5200.0,0.0,0.0,123821.0
1.0,23.0,1.0,0.0,0.0,0.0,0.0,61838.0
1.0,23.0,9.0,237.0,2698.0,0.0,0.0,123999.0
1.0,23.0,9.0,307.0,5280.0,0.0,0.0,44664.0
1.0,23.0,9.0,266.0,6818.0,0.0,0.0,59273.0
1.0,23.0,9.0,212.0,2606.0,0.0,0.0,115030.0
1.0,23.0,9.0,305.0,34692.0,0.0,0.0,104001.0
1.0,23.0,9.0,301.0,7208.0,0.0,0.0,102942.0
1.0,23.0,9.0,242.0,5559.0,0.0,0.0,101301.0
1.0,23.0,9.0,245.0,20037.0,0.0,0.0,92526.0
1.0,23.0,1.0,0.0,0.0,0.0,1.0,51488.0
1.0,24.0,1.0,0.0,0.0,0.0,1.0,101195.0
1.0,23.0,9.0,258.0,7333.0,0.0,0.0,8694.0
1.0,23.0,6.0,488.0,12557.0,0.0,0.0,71928.0
1.0,23.0,9.0,223.0,10378.0,0.0,0.0,55708.0
0.0,60.0,9.0,84.0,0.0,0.0,0.0,55549.0
1.0,57.0,9.0,378.0,1324486.0,0.0,0.0,71590.0
1.0,23.0,9.0,217.0,2431.0,0.0,0.0,91647.0
1.0,23.0,9.0,225.0,3649.0,0.0,0.0,15212.0
1.0,23.0,9.0,341.0,4526.0,0.0,0.0,70923.0
1.0,23.0,9.0,312.0,3967.0,0.0,0.0,118446.0
1.0,23.0,9.0,320.0,18805.0,0.0,0.0,20778.0
1.0,23.0,1.0,0.0,0.0,0.0,0.0,83159.0
1.0,23.0,9.0,317.0,4370.0,0.0,0.0,103496.0
1.0,23.0,9.0,208.0,9518.0,0.0,0.0,7912.0
1.0,23.0,1.0,0.0,0.0,0.0,0.0,27450.0
1.0,23.0,9.0,359.0,5549.0,0.0,0.0,62611.0
1.0,23.0,1.0,0.0,0.0,0.0,0.0,99326.0
1.0,23.0,9.0,174.0,3389.0,0.0,0.0,30492.0
1.0,23.0,9.0,192.0,6615.0,0.0,0.0,119272.0
1.0,19.0,9.0,0.0,5150772.0,0.0,1.0,8492.0
1.0,23.0,9.0,327.0,9348.0,0.0,0.0,101542.0
1.0,23.0,9.0,301.0,3660.0,0.0,0.0,5778.0
1.0,23.0,9.0,207.0,7367.0,0.0,0.0,28416.0
1.0,23.0,9.0,232.0,4425.0,0.0,0.0,91283.0
1.0,23.0,9.0,240.0,5294.0,0.0,0.0,80922.0
2.0,46.0,9.0,105.0,0.0,0.0,0.0,10652.0
1.0,23.0,9.0,280.0,6014.0,0.0,0.0,75588.0
1.0,23.0,9.0,206.0,19950.0,0.0,0.0,99056.0
1.0,23.0,9.0,315.0,10677.0,0.0,0.0,81177.0
1.0,23.0,9.0,293.0,4123.0,0.0,0.0,35306.0
1.0,23.0,1.0,0.0,0.0,0.0,0.0,47948.0
1.0,23.0,9.0,265.0,39004.0,0.0,0.0,16819.0
1.0,23.0,1.0,0.0,0.0,0.0,0.0,68640.0
1.0,23.0,9.0,246.0,5776.0,0.0,0.0,12186.0
1.0,23.0,9.0,311.0,4134.0,0.0,0.0,57898.0
1.0,23.0,9.0,224.0,5024.0,0.0,0.0,22843.0
1.0,23.0,1.0,0.0,0.0,0.0,0.0,112617.0
1.0,23.0,1.0,0.0,0.0,0.0,0.0,121119.0
1.0,23.0,9.0,228.0,13031.0,0.0,0.0,34939.0
1.0,23.0,9.0,216.0,2498.0,0.0,0.0,12572.0
1.0,23.0,1.0,0.0,0.0,0.0,0.0,123533.0
1.0,23.0,1.0,0.0,0.0,0.0,0.0,57184.0
1.0,23.0,9.0,322.0,6044.0,0.0,0.0,59765.0
1.0,23.0,9.0,321.0,36644.0,0.0,0.0,26739.0
1.0,23.0,9.0,142.0,27062.0,0.0,0.0,1871.0
1.0,23.0,9.0,147.0,4843.0,0.0,0.0,16494.0
1.0,23.0,9.0,153.0,34719.0,0.0,0.0,65823.0
1.0,23.0,9.0,0.0,1869.0,0.0,0.0,48564.0
1.0,23.0,9.0,261.0,3892.0,0.0,0.0,104567.0
1.0,23.0,9.0,139.0,34577.0,0.0,0.0,122819.0
1.0,44.0,9.0,52.0,1066.0,0.0,0.0,16218.0
1.0,23.0,9.0,321.0,5156.0,0.0,0.0,59556.0
1.0,23.0,9.0,273.0,4840.0,0.0,0.0,41426.0
1.0,23.0,9.0,204.0,17640.0,0.0,0.0,122831.0
1.0,25.0,1.0,0.0,0.0,0.0,1.0,30678.0
1.0,19.0,9.0,0.0,5151385.0,0.0,1.0,24417.0
1.0,23.0,9.0,284.0,7405.0,0.0,0.0,65425.0
1.0,23.0,9.0,220.0,18912.0,0.0,0.0,8664.0
1.0,23.0,9.0,244.0,5061.0,0.0,0.0,78150.0
1.0,23.0,1.0,0.0,0.0,0.0,0.0,117534.0
1.0,23.0,9.0,223.0,6026.0,0.0,0.0,66464.0
1.0,23.0,1.0,0.0,0.0,0.0,0.0,59535.0
1.0,23.0,9.0,302.0,9407.0,0.0,0.0,74469.0
1.0,23.0,9.0,177.0,2175.0,0.0,0.0,74447.0
1.0,23.0,9.0,268.0,4740.0,0.0,0.0,17393.0
1.0,57.0,9.0,399.0,35764.0,0.0,0.0,50871.0
1.0,23.0,9.0,207.0,2594.0,0.0,0.0,79349.0
1.0,23.0,9.0,309.0,9991.0,0.0,0.0,34506.0
1.0,23.0,9.0,224.0,12381.0,0.0,0.0,76377.0
1.0,23.0,9.0,203.0,9805.0,0.0,0.0,85533.0
1.0,23.0,9.0,199.0,4166.0,0.0,0.0,101556.0
1.0,23.0,9.0,246.0,9370.0,0.0,0.0,74422.0
1.0,23.0,9.0,229.0,8015.0,0.0,0.0,1210.0
1.0,23.0,9.0,212.0,6261.0,0.0,0.0,93512.0
1.0,23.0,9.0,222.0,2916.0,0.0,0.0,39266.0
1.0,23.0,9.0,187.0,15028.0,0.0,0.0,37492.0
1.0,57.0,9.0,103.0,999.0,0.0,0.0,3425.0
1.0,23.0,9.0,231.0,9211.0,0.0,0.0,43860.0
1.0,17.0,9.0,6.0,126.0,0.0,0.0,97086.0
1.0,23.0,9.0,231.0,2698.0,0.0,0.0,28188.0
1.0,23.0,9.0,296.0,7590.0,0.0,0.0,56693.0
1.0,23.0,9.0,199.0,2107.0,0.0,0.0,63153.0
1.0,23.0,9.0,294.0,10997.0,0.0,0.0,121801.0
1.0,23.0,9.0,149.0,12632.0,0.0,0.0,53598.0
1.0,23.0,9.0,261.0,3834.0,0.0,0.0,21573.0
1.0,23.0,9.0,297.0,12884.0,0.0,0.0,38593.0
1.0,23.0,9.0,205.0,2228.0,0.0,0.0,59886.0
1.0,23.0,9.0,334.0,5539.0,0.0,0.0,43810.0
1.0,23.0,9.0,291.0,8076.0,0.0,0.0,70758.0
1.0,23.0,9.0,247.0,3331.0,0.0,0.0,117835.0
1.0,23.0,9.0,335.0,42784.0,0.0,0.0,32836.0
1.0,23.0,9.0,253.0,6576.0,0.0,0.0,50221.0
1.0,19.0,9.0,11.0,0.0,0.0,0.0,111512.0
1.0,23.0,1.0,0.0,0.0,0.0,0.0,94512.0
1.0,23.0,9.0,192.0,35496.0,0.0,0.0,62171.0
1.0,23.0,9.0,239.0,7922.0,0.0,0.0,115486.0
1.0,23.0,9.0,293.0,3409.0,0.0,0.0,44247.0
1.0,23.0,9.0,268.0,9518.0,0.0,0.0,15632.0
1.0,23.0,1.0,0.0,0.0,0.0,0.0,12996.0
1.0,23.0,9.0,207.0,30886.0,0.0,0.0,124514.0
1.0,23.0,9.0,287.0,4915.0,0.0,0.0,105136.0
1.0,23.0,9.0,256.0,9298.0,0.0,0.0,115956.0
1.0,24.0,1.0,0.0,0.0,0.0,1.0,98378.0
1.0,23.0,9.0,232.0,3390.0,0.0,0.0,32703.0
1.0,23.0,9.0,196.0,17602.0,0.0,0.0,22251.0
1.0,23.0,9.0,199.0,13357.0,0.0,0.0,69657.0
1.0,57.0,9.0,794.0,152110.0,0.0,0.0,20614.0
1.0,23.0,9.0,217.0,9730.0,0.0,0.0,51878.0
1.0,23.0,9.0,241.0,3507.0,0.0,0.0,69278.0
1.0,23.0,9.0,147.0,2632.0,0.0,0.0,91272.0
1.0,23.0,1.0,0.0,0.0,0.0,0.0,106304.0
1.0,23.0,1.0,0.0,0.0,0.0,0.0,110018.0
1.0,23.0,9.0,218.0,6776.0,0.0,0.0,964.0
1.0,23.0,9.0,273.0,5320.0,0.0,0.0,22636.0
1.0,17.0,9.0,9.0,0.0,0.0,0.0,52985.0
1.0,23.0,9.0,218.0,6721.0,0.0,0.0,67144.0
1.0,23.0,9.0,0.0,3327.0,0.0,0.0,37911.0
1.0,19.0,9.0,11.0,0.0,0.0,0.0,14990.0
1.0,23.0,9.0,180.0,7398.0,0.0,0.0,121933.0
1.0,23.0,1.0,0.0,0.0,0.0,0.0,95811.0
1.0,23.0,9.0,307.0,4988.0,0.0,0.0,57046.0
1.0,23.0,9.0,237.0,26491.0,0.0,0.0,70183.0
1.0,23.0,9.0,218.0,2904.0,0.0,0.0,117370.0
1.0,57.0,9.0,738.0,111026.0,0.0,0.0,123880.0
1.0,17.0,9.0,11.0,142.0,0.0,0.0,92644.0
1.0,23.0,9.0,223.0,2633.0,0.0,0.0,26805.0
1.0,23.0,9.0,297.0,12884.0,0.0,0.0,96444.0
1.0,23.0,9.0,233.0,11750.0,0.0,0.0,89751.0
1.0,24.0,1.0,0.0,0.0,0.0,1.0,92407.0
1.0,23.0,9.0,281.0,4768.0,0.0,0.0,14034.0
1.0,23.0,9.0,251.0,5703.0,0.0,0.0,124411.0
1.0,23.0,9.0,330.0,4474.0,0.0,0.0,113682.0
1.0,23.0,9.0,216.0,2332.0,0.0,0.0,114497.0
1.0,23.0,9.0,301.0,23863.0,0.0,0.0,109687.0
1.0,23.0,9.0,225.0,2538.0,0.0,0.0,4894.0
1.0,23.0,9.0,232.0,7166.0,0.0,0.0,105769.0
1.0,57.0,9.0,2361.0,46593.0,0.0,0.0,64288.0
1.0,23.0,9.0,346.0,5790.0,0.0,0.0,47241.0
1.0,17.0,9.0,7.0,361.0,0.0,0.0,55955.0
1.0,23.0,9.0,162.0,3656.0,0.0,0.0,14850.0
1.0,23.0,9.0,213.0,24572.0,0.0,0.0,4588.0
1.0,19.0,9.0,11.0,0.0,0.0,0.0,31425.0
1.0,23.0,9.0,292.0,3480.0,0.0,0.0,15750.0
1.0,23.0,9.0,332.0,6356.0,0.0,0.0,8511.0
1.0,23.0,9.0,327.0,54490.0,0.0,0.0,58491.0
1.0,23.0,9.0,208.0,20499.0,0.0,0.0,112479.0
1.0,23.0,9.0,143.0,10041.0,0.0,0.0,76079.0
1.0,46.0,2.0,6.0,18056.0,0.0,1.0,2004.0
1.0,23.0,9.0,184.0,34030.0,0.0,0.0,14524.0
1.0,23.0,9.0,297.0,3200.0,0.0,0.0,98631.0
1.0,23.0,9.0,227.0,23473.0,0.0,0.0,17829.0
1.0,23.0,9.0,243.0,10155.0,0.0,0.0,45799.0
1.0,17.0,9.0,7.0,0.0,0.0,0.0,54777.0
1.0,23.0,9.0,261.0,5759.0,0.0,0.0,94294.0
1.0,23.0,9.0,254.0,4903.0,0.0,0.0,59472.0
1.0,23.0,9.0,276.0,6736.0,0.0,0.0,37875.0
1.0,23.0,1.0,0.0,0.0,0.0,0.0,25293.0
1.0,23.0,9.0,286.0,9443.0,0.0,0.0,7212.0
1.0,23.0,9.0,236.0,34500.0,0.0,0.0,88808.0
1.0,57.0,9.0,384.0,269225.0,0.0,0.0,28077.0
1.0,23.0,9.0,251.0,3675.0,0.0,0.0,71798.0
1.0,23.0,9.0,147.0,6195.0,0.0,0.0,56798.0
1.0,23.0,9.0,210.0,2515.0,0.0,0.0,112026.0
1.0,23.0,9.0,196.0,16143.0,0.0,0.0,639.0
1.0,23.0,9.0,196.0,6194.0,0.0,0.0,12641.0
1.0,23.0,9.0,232.0,13593.0,0.0,0.0,85116.0
1.0,23.0,9.0,232.0,9743.0,0.0,0.0,91849.0
1.0,23.0,9.0,198.0,2337.0,0.0,0.0,77963.0
1.0,23.0,9.0,467.0,9887.0,0.0,0.0,44059.0
1.0,57.0,9.0,485.0,17096.0,0.0,0.0,54511.0
1.0,23.0,1.0,0.0,0.0,0.0,0.0,21833.0
1.0,23.0,9.0,310.0,7149.0,0.0,0.0,46201.0
1.0,23.0,9.0,319.0,4509.0,0.0,0.0,7883.0
1.0,23.0,9.0,177.0,22526.0,0.0,0.0,39501.0
1.0,17.0,9.0,6.0,175.0,0.0,0.0,94723.0
1.0,23.0,1.0,0.0,0.0,0.0,0.0,101653.0
1.0,23.0,9.0,314.0,6232.0,0.0,0.0,92764.0
1.0,23.0,1.0,0.0,0.0,0.0,1.0,112305.0
1.0,23.0,9.0,328.0,71032.0,0.0,0.0,66944.0
1.0,23.0,9.0,158.0,8672.0,0.0,0.0,48316.0
1.0,23.0,1.0,0.0,0.0,0.0,0.0,108441.0
1.0,23.0,9.0,313.0,3947.0,0.0,0.0,60469.0
1.0,23.0,9.0,211.0,2318.0,0.0,0.0,66986.0
1.0,17.0,9.0,10.0,371.0,0.0,0.0,103341.0
1.0,23.0,9.0,285.0,30318.0,0.0,0.0,49383.0
1.0,23.0,9.0,313.0,16364.0,0.0,0.0,96447.0
1.0,23.0,9.0,238.0,9257.0,0.0,0.0,12885.0
1.0,23.0,9.0,236.0,3211.0,0.0,0.0,81393.0
1.0,23.0,9.0,290.0,7308.0,0.0,0.0,37558.0
1.0,23.0,9.0,0.0,584.0,0.0,0.0,113282.0
1.0,23.0,9.0,194.0,6396.0,0.0,0.0,21667.0
1.0,23.0,9.0,179.0,2943.0,0.0,0.0,106117.0
1.0,23.0,9.0,259.0,4868.0,0.0,0.0,87696.0
1.0,23.0,9.0,297.0,12884.0,0.0,0.0,111297.0
1.0,23.0,9.0,160.0,2133.0,0.0,0.0,38947.0
1.0,23.0,9.0,407.0,7931.0,0.0,0.0,117634.0
1.0,23.0,9.0,231.0,7648.0,0.0,0.0,4656.0
1.0,23.0,1.0,0.0,0.0,0.0,0.0,121616.0
1.0,23.0,9.0,219.0,6303.0,0.0,0.0,104945.0
1.0,23.0,1.0,0.0,0.0,0.0,0.0,38402.0
2.0,46.0,9.0,105.0,0.0,0.0,0.0,28390.0
1.0,23.0,1.0,0.0,0.0,0.0,0.0,60156.0
1.0,57.0,9.0,151.0,9127.0,0.0,0.0,82222.0
0.0,60.0,9.0,78.0,0.0,0.0,0.0,71133.0
1.0,23.0,9.0,321.0,8503.0,0.0,0.0,29955.0
0.0,60.0,9.0,70.0,0.0,0.0,0.0,39550.0
1.0,23.0,1.0,0.0,0.0,0.0,0.0,26792.0
1.0,23.0,9.0,281.0,9644.0,0.0,0.0,72421.0
1.0,23.0,1.0,0.0,0.0,0.0,0.0,45314.0
1.0,23.0,9.0,224.0,3867.0,0.0,0.0,69625.0
1.0,23.0,9.0,285.0,12884.0,0.0,0.0,24414.0
1.0,23.0,9.0,247.0,6534.0,0.0,0.0,41763.0
1.0,23.0,9.0,210.0,4971.0,0.0,0.0,3000.0
0.0,60.0,9.0,78.0,0.0,0.0,0.0,96216.0
1.0,17.0,9.0,9.0,0.0,0.0,0.0,15377.0
1.0,23.0,1.0,0.0,0.0,0.0,0.0,31439.0
1.0,23.0,9.0,224.0,2385.0,0.0,0.0,32091.0
1.0,23.0,9.0,212.0,5790.0,0.0,0.0,15876.0
1.0,23.0,9.0,189.0,3133.0,0.0,0.0,17216.0
1.0,23.0,9.0,248.0,18992.0,0.0,0.0,66415.0
1.0,23.0,9.0,281.0,4768.0,0.0,0.0,26636.0
1.0,23.0,9.0,189.0,45284.0,0.0,0.0,76462.0
1.0,23.0,9.0,239.0,2551.0,0.0,0.0,107451.0
1.0,23.0,1.0,0.0,0.0,0.0,0.0,105719.0
1.0,23.0,9.0,224.0,2373.0,0.0,0.0,35687.0
1.0,23.0,1.0,0.0,0.0,0.0,0.0,116620.0
1.0,23.0,1.0,0.0,0.0,0.0,0.0,60249.0
1.0,23.0,9.0,224.0,5831.0,0.0,0.0,121471.0
1.0,23.0,9.0,263.0,14965.0,0.0,0.0,52773.0
1.0,23.0,1.0,0.0,0.0,0.0,0.0,100655.0
1.0,23.0,9.0,294.0,10347.0,0.0,0.0,51808.0
1.0,57.0,9.0,105.0,1071.0,0.0,0.0,5010.0
1.0,23.0,9.0,203.0,2557.0,0.0,0.0,22956.0
1.0,23.0,9.0,204.0,2494.0,0.0,0.0,6192.0
1.0,23.0,9.0,324.0,9572.0,0.0,0.0,15758.0
1.0,23.0,9.0,209.0,3388.0,0.0,0.0,110742.0
1.0,23.0,9.0,245.0,9131.0,0.0,0.0,120259.0
1.0,23.0,9.0,317.0,3370.0,0.0,0.0,119973.0
1.0,23.0,1.0,0.0,0.0,0.0,0.0,95836.0
1.0,17.0,9.0,7.0,0.0,0.0,0.0,26290.0
1.0,23.0,9.0,216.0,12832.0,0.0,0.0,29855.0
1.0,23.0,9.0,211.0,2648.0,0.0,0.0,110502.0
1.0,23.0,9.0,319.0,4143.0,0.0,0.0,1081.0
1.0,23.0,9.0,333.0,4023.0,0.0,0.0,11659.0
1.0,23.0,1.0,0.0,0.0,0.0,0.0,94041.0
1.0,23.0,9.0,241.0,8108.0,0.0,0.0,48793.0
1.0,57.0,9.0,121.0,9245.0,0.0,0.0,72128.0
1.0,23.0,9.0,222.0,2477.0,0.0,0.0,55566.0
1.0,23.0,9.0,331.0,14466.0,0.0,0.0,114311.0
1.0,23.0,1.0,0.0,0.0,0.0,0.0,108930.0
1.0,23.0,1.0,0.0,0.0,0.0,0.0,108943.0
1.0,23.0,9.0,312.0,6764.0,0.0,0.0,86058.0
1.0,23.0,1.0,0.0,0.0,0.0,0.0,115559.0
1.0,23.0,9.0,221.0,6284.0,0.0,0.0,38316.0
1.0,44.0,9.0,52.0,2026.0,0.0,0.0,90457.0
1.0,23.0,9.0,245.0,14884.0,0.0,0.0,12757.0
1.0,23.0,9.0,297.0,29678.0,0.0,0.0,120076.0
1.0,23.0,9.0,148.0,2523.0,0.0,0.0,32392.0
1.0,23.0,1.0,0.0,0.0,0.0,0.0,124207.0
1.0,23.0,9.0,309.0,3344.0,0.0,0.0,105570.0
1.0,23.0,1.0,0.0,0.0,0.0,0.0,2659.0
1.0,23.0,9.0,197.0,27228.0,0.0,0.0,80712.0
1.0,23.0,9.0,210.0,6724.0,0.0,0.0,109614.0
1.0,23.0,1.0,0.0,0.0,0.0,0.0,66089.0
1.0,23.0,9.0,150.0,20078.0,0.0,0.0,51139.0
1.0,23.0,1.0,0.0,0.0,0.0,0.0,53402.0
1.0,23.0,9.0,236.0,7273.0,0.0,0.0,103143.0
1.0,23.0,1.0,0.0,0.0,0.0,0.0,88208.0
1.0,23.0,9.0,217.0,13082.0,0.0,0.0,49125.0
1.0,23.0,9.0,143.0,9567.0,0.0,0.0,108515.0
0.0,60.0,9.0,78.0,0.0,0.0,0.0,40193.0
1.0,23.0,9.0,198.0,5972.0,0.0,0.0,125593.0
1.0,23.0,9.0,232.0,64983.0,0.0,0.0,21333.0
1.0,23.0,9.0,277.0,4704.0,0.0,0.0,59530.0
1.0,23.0,9.0,203.0,11653.0,0.0,0.0,73541.0
1.0,23.0,9.0,219.0,16777.0,0.0,0.0,58577.0
1.0,23.0,9.0,214.0,16198.0,0.0,0.0,101735.0
1.0,23.0,9.0,334.0,15650.0,0.0,0.0,15409.0
1.0,23.0,1.0,0.0,0.0,0.0,1.0,15421.0
1.0,23.0,1.0,0.0,0.0,0.0,1.0,106092.0
1.0,23.0,9.0,229.0,2507.0,0.0,0.0,32344.0
1.0,23.0,9.0,234.0,10012.0,0.0,0.0,13350.0
1.0,23.0,9.0,212.0,2241.0,0.0,0.0,124889.0
1.0,23.0,9.0,205.0,2424.0,0.0,0.0,75707.0
1.0,23.0,9.0,272.0,4841.0,0.0,0.0,48249.0
1.0,10.0,9.0,48.0,489.0,0.0,0.0,48993.0
1.0,23.0,9.0,305.0,7066.0,0.0,0.0,15195.0
1.0,23.0,9.0,246.0,3200.0,0.0,0.0,122485.0
1.0,23.0,9.0,179.0,14789.0,0.0,0.0,54964.0
1.0,23.0,9.0,311.0,4412.0,0.0,0.0,36938.0
1.0,23.0,1.0,0.0,0.0,0.0,0.0,5835.0
1.0,23.0,1.0,0.0,0.0,0.0,0.0,83802.0
1.0,23.0,9.0,312.0,25925.0,0.0,0.0,4903.0
1.0,23.0,9.0,238.0,5476.0,0.0,0.0,69536.0
1.0,23.0,9.0,248.0,3637.0,0.0,0.0,67528.0
1.0,23.0,9.0,289.0,7384.0,0.0,0.0,102437.0
1.0,23.0,9.0,285.0,10993.0,0.0,0.0,3135.0
1.0,23.0,9.0,294.0,17848.0,0.0,0.0,98351.0
1.0,23.0,9.0,300.0,12736.0,0.0,0.0,103297.0
1.0,57.0,4.0,539.0,17763.0,0.0,0.0,93124.0
1.0,23.0,1.0,0.0,0.0,0.0,0.0,49389.0
1.0,17.0,9.0,7.0,136.0,0.0,0.0,101537.0
1.0,23.0,9.0,284.0,32229.0,0.0,0.0,118827.0
1.0,23.0,1.0,0.0,0.0,0.0,0.0,90149.0
1.0,23.0,9.0,168.0,4555.0,0.0,0.0,33371.0
1.0,23.0,9.0,234.0,11751.0,0.0,0.0,59937.0
1.0,23.0,9.0,259.0,5071.0,0.0,0.0,117882.0
1.0,23.0,9.0,147.0,38988.0,0.0,0.0,7188.0
1.0,23.0,9.0,294.0,18865.0,0.0,0.0,40160.0
1.0,19.0,9.0,9.0,0.0,0.0,0.0,100697.0
1.0,23.0,1.0,0.0,0.0,0.0,0.0,112423.0
1.0,23.0,1.0,0.0,0.0,0.0,0.0,80730.0
1.0,23.0,6.0,217.0,35040.0,0.0,0.0,21378.0
1.0,23.0,9.0,232.0,2698.0,0.0,0.0,4544.0
1.0,23.0,9.0,266.0,5627.0,0.0,0.0,2344.0
1.0,23.0,9.0,288.0,6877.0,0.0,0.0,89630.0
1.0,23.0,9.0,166.0,96752.0,0.0,0.0,117330.0
1.0,23.0,9.0,197.0,10257.0,0.0,0.0,63015.0
1.0,23.0,9.0,305.0,4073.0,0.0,0.0,72192.0
1.0,23.0,1.0,0.0,0.0,0.0,1.0,42212.0
1.0,23.0,1.0,0.0,0.0,0.0,0.0,14709.0
1.0,23.0,9.0,214.0,3337.0,0.0,0.0,116257.0
1.0,23.0,9.0,213.0,24572.0,0.0,0.0,28196.0
1.0,23.0,9.0,0.0,32884.0,0.0,0.0,75103.0
0.0,60.0,9.0,128.0,0.0,0.0,0.0,53747.0
1.0,23.0,9.0,323.0,4396.0,0.0,0.0,15209.0
1.0,23.0,9.0,262.0,6101.0,0.0,0.0,93268.0
1.0,23.0,9.0,143.0,8556.0,0.0,0.0,35926.0
1.0,57.0,9.0,363.0,9784.0,0.0,0.0,27753.0
1.0,57.0,9.0,126.0,16038.0,0.0,0.0,109261.0
1.0,57.0,9.0,654.0,21094.0,0.0,0.0,47806.0
1.0,23.0,9.0,325.0,6665.0,0.0,0.0,5937.0
1.0,23.0,9.0,263.0,6318.0,0.0,0.0,51887.0
1.0,24.0,1.0,0.0,0.0,0.0,1.0,51710.0
1.0,23.0,9.0,298.0,10384.0,0.0,0.0,116073.0
1.0,23.0,9.0,316.0,4800.0,0.0,0.0,71502.0
1.0,23.0,9.0,205.0,9594.0,0.0,0.0,108806.0
1.0,23.0,9.0,217.0,4017.0,0.0,0.0,33195.0
1.0,23.0,9.0,350.0,13336.0,0.0,0.0,13509.0
1.0,23.0,9.0,225.0,7397.0,0.0,0.0,60445.0
1.0,23.0,9.0,205.0,3433.0,0.0,0.0,21674.0
1.0,23.0,9.0,194.0,3966.0,0.0,0.0,121910.0
1.0,23.0,9.0,305.0,14638.0,0.0,0.0,47133.0
1.0,23.0,9.0,258.0,4302.0,0.0,0.0,56224.0
1.0,23.0,9.0,247.0,65916.0,0.0,0.0,49775.0
1.0,23.0,9.0,287.0,17810.0,0.0,0.0,43723.0
1.0,23.0,9.0,225.0,22047.0,0.0,0.0,20651.0
1.0,23.0,1.0,0.0,0.0,0.0,0.0,38471.0
1.0,23.0,9.0,221.0,2609.0,0.0,0.0,58918.0
1.0,23.0,9.0,212.0,6134.0,0.0,0.0,16516.0
1.0,23.0,9.0,221.0,2714.0,0.0,0.0,47944.0
1.0,23.0,9.0,215.0,2698.0,0.0,0.0,15019.0
1.0,23.0,9.0,287.0,3534.0,0.0,0.0,125684.0
1.0,23.0,9.0,238.0,9518.0,0.0,0.0,123523.0
1.0,23.0,9.0,142.0,17893.0,0.0,0.0,5503.0
1.0,23.0,9.0,246.0,9002.0,0.0,0.0,8868.0
1.0,17.0,9.0,9.0,224.0,0.0,0.0,81874.0
1.0,23.0,9.0,159.0,1822.0,0.0,0.0,17587.0
1.0,23.0,9.0,289.0,35219.0,0.0,0.0,77958.0
1.0,23.0,9.0,176.0,5163.0,0.0,0.0,10019.0
1.0,23.0,9.0,0.0,3749.0,0.0,0.0,46953.0
1.0,23.0,9.0,245.0,3631.0,0.0,0.0,124804.0
1.0,24.0,1.0,0.0,0.0,0.0,1.0,43268.0
1.0,23.0,9.0,186.0,4841.0,0.0,0.0,114322.0
1.0,23.0,9.0,232.0,9534.0,0.0,0.0,100829.0
1.0,23.0,9.0,176.0,6545.0,0.0,0.0,109164.0
1.0,57.0,9.0,306.0,24556.0,0.0,0.0,30500.0
1.0,17.0,9.0,7.0,220.0,0.0,0.0,78011.0
1.0,23.0,1.0,0.0,0.0,0.0,0.0,54762.0
1.0,23.0,9.0,287.0,6163.0,0.0,0.0,125248.0
1.0,23.0,9.0,297.0,3409.0,0.0,0.0,35314.0
1.0,23.0,9.0,289.0,10736.0,0.0,0.0,102237.0
1.0,23.0,1.0,0.0,0.0,0.0,0.0,14223.0
1.0,57.0,9.0,127.0,4015.0,0.0,0.0,3715.0
1.0,23.0,9.0,262.0,13603.0,0.0,0.0,82164.0
1.0,23.0,1.0,0.0,0.0,0.0,0.0,8368.0
1.0,23.0,9.0,251.0,3221.0,0.0,0.0,36907.0
1.0,23.0,9.0,208.0,12640.0,0.0,0.0,44257.0
1.0,23.0,9.0,168.0,10004.0,0.0,0.0,118556.0
1.0,23.0,9.0,265.0,2780.0,0.0,0.0,29478.0
0.0,60.0,9.0,78.0,0.0,0.0,0.0,59310.0
1.0,23.0,9.0,168.0,9551.0,0.0,0.0,256.0
1.0,23.0,7.0,211.0,24573.0,0.0,0.0,38266.0
1.0,23.0,1.0,0.0,0.0,0.0,0.0,2332.0
1.0,23.0,9.0,349.0,5304.0,0.0,0.0,51192.0
1.0,23.0,9.0,331.0,7334.0,0.0,0.0,66601.0
1.0,23.0,1.0,0.0,0.0,0.0,0.0,120509.0
2.0,46.0,9.0,100.0,0.0,0.0,1.0,36931.0
1.0,57.0,9.0,113.0,4070.0,0.0,0.0,100767.0
1.0,23.0,1.0,0.0,0.0,0.0,0.0,48293.0
1.0,23.0,9.0,232.0,9542.0,0.0,0.0,28383.0
1.0,24.0,1.0,0.0,0.0,0.0,1.0,53720.0
1.0,23.0,9.0,197.0,9524.0,0.0,0.0,101487.0
1.0,23.0,9.0,360.0,11403.0,0.0,0.0,100407.0
1.0,23.0,9.0,153.0,8386.0,0.0,0.0,122476.0
1.0,23.0,1.0,0.0,0.0,0.0,0.0,55076.0
1.0,23.0,9.0,292.0,14949.0,0.0,0.0,18833.0
1.0,25.0,1.0,0.0,0.0,0.0,1.0,103378.0
1.0,23.0,9.0,213.0,2246.0,0.0,0.0,104693.0
1.0,23.0,9.0,252.0,273544.0,0.0,0.0,5708.0
1.0,23.0,9.0,244.0,3252.0,0.0,0.0,118760.0
1.0,23.0,9.0,259.0,9851.0,0.0,0.0,32016.0
1.0,23.0,9.0,237.0,9455.0,0.0,0.0,100977.0
1.0,57.0,9.0,884.0,146065.0,0.0,0.0,48766.0
1.0,57.0,9.0,206.0,31509.0,0.0,0.0,90200.0
1.0,23.0,9.0,141.0,4027.0,0.0,0.0,110627.0
1.0,23.0,9.0,258.0,13542.0,0.0,0.0,46669.0
1.0,23.0,9.0,213.0,2661.0,0.0,0.0,57269.0
1.0,23.0,9.0,234.0,3675.0,0.0,0.0,119706.0
1.0,23.0,9.0,189.0,26476.0,0.0,0.0,97593.0
1.0,41.0,9.0,59.0,0.0,0.0,0.0,80072.0
1.0,23.0,9.0,153.0,11361.0,0.0,0.0,18567.0
1.0,23.0,9.0,248.0,3200.0,0.0,0.0,13935.0
1.0,23.0,9.0,205.0,3254.0,0.0,0.0,40979.0
1.0,23.0,1.0,0.0,0.0,0.0,0.0,91833.0
1.0,23.0,9.0,178.0,6654.0,0.0,0.0,99218.0
1.0,23.0,1.0,0.0,0.0,0.0,0.0,7995.0
1.0,19.0,9.0,0.0,2890.0,0.0,0.0,123323.0
1.0,23.0,9.0,230.0,34870.0,0.0,0.0,113758.0
1.0,23.0,9.0,169.0,2183.0,0.0,0.0,79737.0
1.0,23.0,9.0,199.0,19230.0,0.0,0.0,32069.0
1.0,19.0,9.0,0.0,3079.0,0.0,0.0,85095.0
1.0,23.0,9.0,239.0,18798.0,0.0,0.0,98305.0
1.0,23.0,9.0,171.0,3878.0,0.0,0.0,114391.0
1.0,23.0,1.0,0.0,0.0,0.0,0.0,123314.0
1.0,23.0,1.0,0.0,0.0,0.0,0.0,110346.0
1.0,23.0,1.0,0.0,0.0,0.0,0.0,9836.0
1.0,23.0,9.0,239.0,10958.0,0.0,0.0,103943.0
1.0,23.0,9.0,199.0,3632.0,0.0,0.0,58856.0
1.0,23.0,9.0,185.0,4926.0,0.0,0.0,57727.0
1.0,23.0,9.0,295.0,17703.0,0.0,0.0,63173.0
0.0,60.0,9.0,78.0,0.0,0.0,0.0,28010.0
1.0,17.0,9.0,10.0,0.0,0.0,0.0,119429.0
1.0,23.0,9.0,339.0,19790.0,0.0,0.0,13234.0
1.0,23.0,9.0,298.0,7321.0,0.0,0.0,62441.0
1.0,25.0,1.0,0.0,0.0,0.0,1.0,48966.0
1.0,23.0,1.0,0.0,0.0,0.0,0.0,100930.0
1.0,23.0,9.0,305.0,8181.0,0.0,0.0,21601.0
1.0,17.0,9.0,10.0,223.0,0.0,0.0,16585.0
1.0,23.0,1.0,0.0,0.0,0.0,0.0,85331.0
1.0,23.0,9.0,270.0,9531.0,0.0,0.0,62517.0
1.0,23.0,9.0,302.0,8487.0,0.0,0.0,41044.0
1.0,23.0,1.0,0.0,0.0,0.0,0.0,124034.0
1.0,23.0,9.0,320.0,7543.0,0.0,0.0,80823.0
1.0,23.0,9.0,216.0,8320.0,0.0,0.0,77505.0
1.0,17.0,9.0,7.0,141.0,0.0,0.0,54264.0
1.0,57.0,6.0,145.0,13236.0,0.0,0.0,6733.0
1.0,23.0,9.0,229.0,12195.0,0.0,0.0,73519.0
1.0,23.0,9.0,322.0,4240.0,0.0,0.0,117683.0
1.0,23.0,9.0,235.0,2698.0,0.0,0.0,114862.0
1.0,23.0,9.0,268.0,7042.0,0.0,0.0,33846.0
1.0,23.0,9.0,219.0,4624.0,0.0,0.0,111174.0
1.0,23.0,9.0,249.0,2665.0,0.0,0.0,52384.0
1.0,23.0,9.0,223.0,2459.0,0.0,0.0,124366.0
1.0,23.0,9.0,232.0,28808.0,0.0,0.0,6102.0
1.0,23.0,9.0,329.0,6153.0,0.0,0.0,58241.0
1.0,23.0,9.0,214.0,2337.0,0.0,0.0,103994.0
1.0,23.0,9.0,233.0,2840.0,0.0,0.0,53619.0
1.0,23.0,1.0,0.0,0.0,0.0,0.0,3108.0
1.0,23.0,9.0,253.0,9960.0,0.0,0.0,99793.0
1.0,23.0,9.0,144.0,52451.0,0.0,0.0,101276.0
1.0,23.0,1.0,0.0,0.0,0.0,0.0,41970.0
1.0,23.0,9.0,343.0,5109.0,0.0,0.0,13194.0
1.0,23.0,9.0,227.0,2809.0,0.0,0.0,86470.0
1.0,23.0,1.0,0.0,0.0,0.0,0.0,26013.0
1.0,23.0,9.0,225.0,4112.0,0.0,0.0,42477.0
1.0,23.0,1.0,0.0,0.0,0.0,0.0,16671.0
1.0,23.0,9.0,228.0,45074.0,0.0,0.0,93404.0
1.0,23.0,9.0,302.0,16642.0,0.0,0.0,30134.0
1.0,23.0,9.0,218.0,4183.0,0.0,0.0,58713.0
1.0,23.0,9.0,312.0,31052.0,0.0,0.0,35234.0
1.0,23.0,1.0,0.0,0.0,0.0,0.0,37231.0
1.0,23.0,9.0,226.0,2507.0,0.0,0.0,37672.0
1.0,23.0,1.0,0.0,0.0,0.0,0.0,58371.0
1.0,23.0,9.0,326.0,28198.0,0.0,0.0,52232.0
1.0,23.0,9.0,353.0,7976.0,0.0,0.0,67782.0
1.0,23.0,9.0,221.0,4073.0,0.0,0.0,110106.0
2.0,46.0,9.0,100.0,0.0,0.0,1.0,51489.0
1.0,23.0,1.0,0.0,0.0,0.0,1.0,59664.0
1.0,23.0,9.0,270.0,8134.0,0.0,0.0,125271.0
1.0,23.0,9.0,184.0,2936.0,0.0,0.0,58878.0
1.0,23.0,9.0,362.0,3975.0,0.0,0.0,11965.0
1.0,23.0,9.0,239.0,3637.0,0.0,0.0,84170.0
1.0,23.0,9.0,312.0,13794.0,0.0,0.0,48797.0
1.0,23.0,9.0,226.0,2531.0,0.0,0.0,124724.0
1.0,23.0,9.0,300.0,12548.0,0.0,0.0,123853.0
1.0,23.0,1.0,0.0,0.0,0.0,0.0,54416.0
1.0,17.0,9.0,8.0,140.0,0.0,0.0,123607.0
1.0,23.0,1.0,0.0,0.0,0.0,0.0,65542.0
1.0,23.0,1.0,0.0,0.0,0.0,0.0,121202.0
1.0,57.0,6.0,93.0,2834.0,0.0,0.0,92374.0
1.0,23.0,9.0,249.0,5280.0,0.0,0.0,123340.0
1.0,23.0,9.0,225.0,9284.0,0.0,0.0,82847.0
1.0,23.0,9.0,188.0,2711.0,0.0,0.0,114541.0
1.0,23.0,9.0,323.0,8924.0,0.0,0.0,29412.0
1.0,23.0,9.0,301.0,3324.0,0.0,0.0,107344.0
1.0,23.0,9.0,184.0,34030.0,0.0,0.0,122095.0
1.0,23.0,1.0,0.0,0.0,0.0,0.0,56296.0
1.0,57.0,9.0,293.0,33542.0,0.0,0.0,87710.0
1.0,23.0,9.0,285.0,6163.0,0.0,0.0,116729.0
1.0,23.0,9.0,307.0,6821.0,0.0,0.0,91483.0
1.0,23.0,9.0,208.0,5072.0,0.0,0.0,124970.0
1.0,23.0,6.0,167.0,13994.0,0.0,0.0,86148.0
1.0,23.0,9.0,238.0,26416.0,0.0,0.0,102664.0
1.0,23.0,9.0,223.0,10541.0,0.0,0.0,109695.0
1.0,23.0,9.0,287.0,8091.0,0.0,0.0,66920.0
1.0,23.0,9.0,172.0,31222.0,0.0,0.0,81329.0
1.0,23.0,9.0,215.0,2955.0,0.0,0.0,94362.0
1.0,23.0,9.0,232.0,8766.0,0.0,0.0,56589.0
1.0,23.0,1.0,0.0,0.0,0.0,1.0,29985.0
1.0,23.0,9.0,276.0,3652.0,0.0,0.0,76769.0
1.0,23.0,9.0,208.0,30143.0,0.0,0.0,30293.0
1.0,23.0,9.0,213.0,17086.0,0.0,0.0,78972.0
1.0,23.0,9.0,285.0,5773.0,0.0,0.0,102694.0
1.0,23.0,9.0,200.0,4324.0,0.0,0.0,72933.0
1.0,23.0,9.0,202.0,7535.0,0.0,0.0,121669.0
1.0,23.0,9.0,357.0,7004.0,0.0,0.0,103845.0
1.0,23.0,9.0,228.0,2634.0,0.0,0.0,72867.0
1.0,23.0,9.0,201.0,4841.0,0.0,0.0,79503.0
1.0,23.0,9.0,160.0,25429.0,0.0,0.0,88700.0
1.0,23.0,9.0,228.0,2739.0,0.0,0.0,111485.0
1.0,23.0,9.0,273.0,50390.0,0.0,0.0,28660.0
1.0,23.0,9.0,223.0,36322.0,0.0,0.0,114249.0
1.0,17.0,9.0,7.0,276.0,0.0,0.0,10503.0
1.0,23.0,9.0,342.0,9542.0,0.0,0.0,18894.0
1.0,23.0,9.0,263.0,3625.0,0.0,0.0,71624.0
1.0,23.0,9.0,230.0,2676.0,0.0,0.0,122109.0
1.0,23.0,9.0,322.0,9079.0,0.0,0.0,29754.0
1.0,23.0,9.0,225.0,3265.0,0.0,0.0,114698.0
1.0,23.0,1.0,0.0,0.0,0.0,1.0,22102.0
1.0,23.0,9.0,336.0,11283.0,0.0,0.0,92582.0
1.0,23.0,9.0,237.0,3222.0,0.0,0.0,79029.0
1.0,23.0,6.0,164.0,21900.0,0.0,0.0,83004.0
1.0,23.0,1.0,0.0,0.0,0.0,0.0,83474.0
1.0,23.0,9.0,337.0,4874.0,0.0,0.0,46780.0
1.0,23.0,9.0,181.0,9442.0,0.0,0.0,2679.0
1.0,23.0,1.0,0.0,0.0,0.0,0.0,88344.0
1.0,23.0,9.0,308.0,4366.0,0.0,0.0,106337.0
1.0,23.0,1.0,0.0,0.0,0.0,0.0,22608.0
1.0,23.0,9.0,337.0,7189.0,0.0,0.0,1647.0
1.0,23.0,9.0,210.0,31998.0,0.0,0.0,33523.0
1.0,23.0,9.0,218.0,4128.0,0.0,0.0,122778.0
1.0,23.0,9.0,313.0,29165.0,0.0,0.0,23873.0
1.0,23.0,9.0,171.0,6878.0,0.0,0.0,45110.0
1.0,23.0,9.0,189.0,2542.0,0.0,0.0,43863.0
1.0,23.0,9.0,318.0,6250.0,0.0,0.0,72504.0
1.0,23.0,9.0,221.0,8265.0,0.0,0.0,26747.0
1.0,23.0,9.0,214.0,5790.0,0.0,0.0,115588.0
1.0,23.0,9.0,316.0,8422.0,0.0,0.0,97289.0
1.0,23.0,9.0,205.0,4317.0,0.0,0.0,40104.0
1.0,23.0,9.0,268.0,4654.0,0.0,0.0,61040.0
1.0,17.0,9.0,8.0,273.0,0.0,0.0,125231.0
1.0,23.0,9.0,206.0,3048.0,0.0,0.0,112407.0
1.0,44.0,9.0,49.0,1871.0,0.0,0.0,64016.0
1.0,23.0,9.0,254.0,4447.0,0.0,0.0,47884.0
1.0,44.0,9.0,122.0,11208.0,0.0,0.0,92219.0
1.0,23.0,9.0,207.0,10679.0,0.0,0.0,8650.0
1.0,23.0,9.0,352.0,6207.0,0.0,0.0,83663.0
1.0,23.0,9.0,299.0,12067.0,0.0,0.0,5556.0
1.0,57.0,9.0,81.0,965.0,0.0,0.0,90624.0
1.0,23.0,9.0,248.0,22780.0,0.0,0.0,45487.0
1.0,23.0,6.0,161.0,13140.0,0.0,0.0,105845.0
1.0,23.0,9.0,282.0,3342.0,0.0,0.0,39714.0
1.0,57.0,9.0,125.0,11184.0,0.0,0.0,62153.0
1.0,23.0,9.0,308.0,3222.0,0.0,0.0,22138.0
1.0,23.0,9.0,222.0,3749.0,0.0,0.0,104407.0
1.0,23.0,9.0,199.0,3413.0,0.0,0.0,58050.0
1.0,23.0,1.0,0.0,0.0,0.0,0.0,90334.0
1.0,23.0,9.0,307.0,12862.0,0.0,0.0,39543.0
1.0,23.0,9.0,177.0,29290.0,0.0,0.0,123871.0
1.0,23.0,9.0,250.0,4713.0,0.0,0.0,5402.0
1.0,23.0,9.0,159.0,31155.0,0.0,0.0,72011.0
1.0,23.0,9.0,230.0,2481.0,0.0,0.0,72037.0
1.0,23.0,9.0,224.0,2778.0,0.0,0.0,54027.0
1.0,23.0,9.0,263.0,6534.0,0.0,0.0,28626.0
1.0,23.0,9.0,182.0,7086.0,0.0,0.0,114212.0
1.0,23.0,9.0,222.0,12656.0,0.0,0.0,32704.0
1.0,23.0,9.0,227.0,6477.0,0.0,0.0,40144.0
1.0,23.0,1.0,0.0,0.0,0.0,0.0,41826.0
1.0,23.0,9.0,201.0,6297.0,0.0,0.0,94823.0
1.0,17.0,9.0,8.0,0.0,0.0,0.0,1371.0
1.0,23.0,9.0,184.0,20805.0,0.0,0.0,116458.0
1.0,23.0,9.0,233.0,2431.0,0.0,0.0,98155.0
1.0,23.0,9.0,216.0,10622.0,0.0,0.0,24129.0
1.0,23.0,9.0,251.0,13335.0,0.0,0.0,92493.0
1.0,23.0,9.0,287.0,7524.0,0.0,0.0,112125.0
1.0,23.0,9.0,218.0,6678.0,0.0,0.0,69173.0
1.0,23.0,9.0,308.0,9021.0,0.0,0.0,103529.0
1.0,23.0,9.0,426.0,8354.0,0.0,0.0,40815.0
1.0,23.0,1.0,0.0,0.0,0.0,0.0,61107.0
1.0,23.0,1.0,0.0,0.0,0.0,0.0,24906.0
1.0,24.0,1.0,0.0,0.0,0.0,1.0,67258.0
1.0,23.0,1.0,0.0,0.0,0.0,0.0,13428.0
1.0,23.0,9.0,231.0,5712.0,0.0,0.0,51463.0
1.0,23.0,9.0,221.0,8119.0,0.0,0.0,71788.0
1.0,23.0,9.0,241.0,2698.0,0.0,0.0,17313.0
1.0,23.0,9.0,213.0,17753.0,0.0,0.0,76856.0
1.0,1.0,9.0,10468.0,334048.0,0.0,0.0,14876.0
1.0,23.0,9.0,250.0,4234.0,0.0,0.0,105790.0
1.0,23.0,9.0,214.0,5515.0,0.0,0.0,107078.0
1.0,23.0,9.0,299.0,3200.0,0.0,0.0,89213.0
1.0,23.0,9.0,299.0,3552.0,0.0,0.0,28521.0
1.0,23.0,9.0,177.0,10157.0,0.0,0.0,11773.0
1.0,23.0,9.0,205.0,27280.0,0.0,0.0,111317.0
1.0,0.0,4.0,861.0,9304.0,0.0,0.0,5162.0
1.0,17.0,9.0,8.0,0.0,0.0,0.0,106487.0
1.0,23.0,9.0,158.0,6917.0,0.0,0.0,18664.0
1.0,23.0,9.0,175.0,6582.0,0.0,0.0,97985.0
1.0,23.0,9.0,283.0,27544.0,0.0,0.0,98501.0
1.0,23.0,9.0,161.0,30205.0,0.0,0.0,22322.0
1.0,23.0,9.0,249.0,6674.0,0.0,0.0,85163.0
1.0,23.0,9.0,160.0,3759.0,0.0,0.0,25898.0
1.0,23.0,9.0,298.0,38737.0,0.0,0.0,41863.0
1.0,23.0,9.0,202.0,24322.0,0.0,0.0,70867.0
1.0,23.0,1.0,0.0,0.0,0.0,0.0,100775.0
1.0,23.0,9.0,288.0,8422.0,0.0,0.0,34440.0
1.0,23.0,9.0,261.0,5848.0,0.0,0.0,107405.0
1.0,23.0,1.0,0.0,0.0,0.0,0.0,54495.0
1.0,23.0,9.0,211.0,2594.0,0.0,0.0,10454.0
1.0,17.0,9.0,8.0,141.0,0.0,0.0,105671.0
1.0,23.0,1.0,0.0,0.0,0.0,0.0,57226.0
1.0,23.0,9.0,302.0,6717.0,0.0,0.0,10286.0
1.0,23.0,9.0,231.0,3466.0,0.0,0.0,67308.0
1.0,23.0,9.0,225.0,3926.0,0.0,0.0,62955.0
1.0,23.0,1.0,0.0,0.0,0.0,0.0,102010.0
1.0,23.0,9.0,227.0,11564.0,0.0,0.0,197.0
1.0,23.0,9.0,288.0,3193.0,0.0,0.0,20187.0
1.0,23.0,9.0,227.0,2647.0,0.0,0.0,7198.0
1.0,23.0,9.0,205.0,4399.0,0.0,0.0,115362.0
1.0,23.0,9.0,181.0,5830.0,0.0,0.0,8346.0
1.0,23.0,9.0,190.0,14768.0,0.0,0.0,44467.0
1.0,23.0,9.0,309.0,4777.0,0.0,0.0,38609.0
1.0,23.0,1.0,0.0,0.0,0.0,0.0,70213.0
1.0,23.0,9.0,244.0,2688.0,0.0,0.0,95042.0
1.0,23.0,9.0,228.0,2636.0,0.0,0.0,111103.0
1.0,23.0,9.0,246.0,7498.0,0.0,0.0,83649.0
1.0,23.0,9.0,245.0,3181.0,0.0,0.0,109362.0
1.0,23.0,9.0,283.0,4173.0,0.0,0.0,7669.0
1.0,23.0,9.0,208.0,19680.0,0.0,0.0,75095.0
1.0,23.0,9.0,140.0,16758.0,0.0,0.0,88777.0
1.0,23.0,9.0,230.0,9532.0,0.0,0.0,4580.0
1.0,23.0,1.0,0.0,0.0,0.0,0.0,64271.0
1.0,23.0,9.0,294.0,22996.0,0.0,0.0,123219.0
1.0,23.0,1.0,0.0,0.0,0.0,0.0,94813.0
